VBE ,beta VCE 0.6 N 1 ,beta VCE 0.6 N 2 ,beta VCE 0.6 N 3 ,beta VCE 0.6 N 4 ,beta VCE 0.6 N 5 ,beta VCE 0.6 N 6 ,beta VCE 0.6 N 7 ,beta VCE 0.6 N 8 ,beta VCE 0.6 N 9 ,beta VCE 0.6 N 10 ,beta VCE 0.65 N 1 ,beta VCE 0.65 N 2 ,beta VCE 0.65 N 3 ,beta VCE 0.65 N 4 ,beta VCE 0.65 N 5 ,beta VCE 0.65 N 6 ,beta VCE 0.65 N 7 ,beta VCE 0.65 N 8 ,beta VCE 0.65 N 9 ,beta VCE 0.65 N 10 ,beta VCE 0.7 N 1 ,beta VCE 0.7 N 2 ,beta VCE 0.7 N 3 ,beta VCE 0.7 N 4 ,beta VCE 0.7 N 5 ,beta VCE 0.7 N 6 ,beta VCE 0.7 N 7 ,beta VCE 0.7 N 8 ,beta VCE 0.7 N 9 ,beta VCE 0.7 N 10 ,beta VCE 0.75 N 1 ,beta VCE 0.75 N 2 ,beta VCE 0.75 N 3 ,beta VCE 0.75 N 4 ,beta VCE 0.75 N 5 ,beta VCE 0.75 N 6 ,beta VCE 0.75 N 7 ,beta VCE 0.75 N 8 ,beta VCE 0.75 N 9 ,beta VCE 0.75 N 10 ,beta VCE 0.8 N 1 ,beta VCE 0.8 N 2 ,beta VCE 0.8 N 3 ,beta VCE 0.8 N 4 ,beta VCE 0.8 N 5 ,beta VCE 0.8 N 6 ,beta VCE 0.8 N 7 ,beta VCE 0.8 N 8 ,beta VCE 0.8 N 9 ,beta VCE 0.8 N 10 
0.00000,-1.00001,-1.00002,-1.00003,-1.00004,-1.00005,-1.00006,-1.00007,-1.00008,-1.00008,-1.00009,-1.00001,-1.00002,-1.00003,-1.00003,-1.00004,-1.00005,-1.00006,-1.00007,-1.00008,-1.00009,-1.00001,-1.00002,-1.00002,-1.00003,-1.00004,-1.00005,-1.00006,-1.00006,-1.00007,-1.00008,-1.00001,-1.00002,-1.00002,-1.00003,-1.00004,-1.00005,-1.00005,-1.00006,-1.00007,-1.00008,-1.00001,-1.00001,-1.00002,-1.00003,-1.00004,-1.00004,-1.00005,-1.00006,-1.00006,-1.00007
5.00000E-3,-1.00853,-1.00859,-1.00865,-1.00871,-1.00876,-1.00882,-1.00888,-1.00894,-1.00899,-1.00905,-1.00787,-1.00792,-1.00797,-1.00803,-1.00808,-1.00813,-1.00819,-1.00824,-1.00829,-1.00834,-1.00730,-1.00735,-1.00739,-1.00744,-1.00749,-1.00754,-1.00759,-1.00764,-1.00769,-1.00774,-1.00680,-1.00685,-1.00689,-1.00694,-1.00699,-1.00703,-1.00708,-1.00712,-1.00717,-1.00722,-1.00637,-1.00642,-1.00646,-1.00650,-1.00654,-1.00659,-1.00663,-1.00667,-1.00672,-1.00676
10.0000E-3,-1.01735,-1.01747,-1.01758,-1.01769,-1.01781,-1.01792,-1.01803,-1.01814,-1.01826,-1.01837,-1.01598,-1.01608,-1.01618,-1.01629,-1.01639,-1.01650,-1.01660,-1.01670,-1.01681,-1.01691,-1.01480,-1.01490,-1.01499,-1.01509,-1.01519,-1.01528,-1.01538,-1.01547,-1.01557,-1.01567,-1.01379,-1.01388,-1.01397,-1.01406,-1.01415,-1.01424,-1.01432,-1.01441,-1.01450,-1.01459,-1.01290,-1.01299,-1.01307,-1.01315,-1.01324,-1.01332,-1.01341,-1.01349,-1.01357,-1.01366
15.0000E-3,-1.02649,-1.02667,-1.02684,-1.02702,-1.02719,-1.02737,-1.02755,-1.02772,-1.02790,-1.02807,-1.02435,-1.02452,-1.02468,-1.02484,-1.02500,-1.02516,-1.02532,-1.02548,-1.02565,-1.02581,-1.02254,-1.02269,-1.02283,-1.02298,-1.02313,-1.02328,-1.02343,-1.02358,-1.02373,-1.02388,-1.02097,-1.02111,-1.02125,-1.02139,-1.02153,-1.02166,-1.02180,-1.02194,-1.02208,-1.02222,-1.01961,-1.01974,-1.01987,-1.02000,-1.02013,-1.02026,-1.02039,-1.02051,-1.02064,-1.02077
20.0000E-3,-1.03596,-1.03621,-1.03646,-1.03670,-1.03695,-1.03720,-1.03745,-1.03769,-1.03794,-1.03819,-1.03301,-1.03324,-1.03347,-1.03369,-1.03392,-1.03415,-1.03437,-1.03460,-1.03483,-1.03505,-1.03051,-1.03072,-1.03093,-1.03114,-1.03135,-1.03156,-1.03176,-1.03197,-1.03218,-1.03239,-1.02836,-1.02856,-1.02875,-1.02894,-1.02914,-1.02933,-1.02952,-1.02972,-1.02991,-1.03011,-1.02650,-1.02668,-1.02686,-1.02704,-1.02722,-1.02740,-1.02758,-1.02776,-1.02794,-1.02812
25.0000E-3,-1.04578,-1.04611,-1.04644,-1.04677,-1.04710,-1.04743,-1.04776,-1.04809,-1.04842,-1.04875,-1.04197,-1.04227,-1.04257,-1.04287,-1.04317,-1.04347,-1.04377,-1.04407,-1.04437,-1.04467,-1.03874,-1.03901,-1.03929,-1.03957,-1.03984,-1.04012,-1.04040,-1.04067,-1.04095,-1.04123,-1.03597,-1.03623,-1.03648,-1.03674,-1.03699,-1.03725,-1.03751,-1.03776,-1.03802,-1.03828,-1.03357,-1.03381,-1.03405,-1.03429,-1.03452,-1.03476,-1.03500,-1.03524,-1.03548,-1.03572
30.0000E-3,-1.05598,-1.05640,-1.05682,-1.05724,-1.05766,-1.05808,-1.05851,-1.05893,-1.05935,-1.05978,-1.05123,-1.05161,-1.05200,-1.05238,-1.05277,-1.05315,-1.05354,-1.05392,-1.05431,-1.05469,-1.04723,-1.04758,-1.04793,-1.04829,-1.04864,-1.04899,-1.04935,-1.04970,-1.05005,-1.05041,-1.04380,-1.04413,-1.04446,-1.04478,-1.04511,-1.04544,-1.04576,-1.04609,-1.04642,-1.04674,-1.04084,-1.04115,-1.04145,-1.04175,-1.04206,-1.04236,-1.04266,-1.04297,-1.04327,-1.04358
35.0000E-3,-1.06656,-1.06709,-1.06762,-1.06814,-1.06867,-1.06920,-1.06973,-1.07026,-1.07079,-1.07132,-1.06082,-1.06130,-1.06178,-1.06226,-1.06274,-1.06322,-1.06370,-1.06418,-1.06466,-1.06515,-1.05599,-1.05643,-1.05687,-1.05731,-1.05775,-1.05819,-1.05863,-1.05907,-1.05951,-1.05996,-1.05188,-1.05228,-1.05269,-1.05309,-1.05350,-1.05390,-1.05431,-1.05472,-1.05512,-1.05553,-1.04832,-1.04870,-1.04907,-1.04945,-1.04983,-1.05020,-1.05058,-1.05096,-1.05134,-1.05172
40.0000E-3,-1.07757,-1.07822,-1.07886,-1.07951,-1.08016,-1.08081,-1.08146,-1.08211,-1.08276,-1.08342,-1.07076,-1.07135,-1.07193,-1.07252,-1.07311,-1.07370,-1.07429,-1.07488,-1.07547,-1.07606,-1.06505,-1.06559,-1.06613,-1.06666,-1.06720,-1.06774,-1.06828,-1.06882,-1.06936,-1.06990,-1.06020,-1.06069,-1.06118,-1.06168,-1.06218,-1.06267,-1.06317,-1.06366,-1.06416,-1.06466,-1.05601,-1.05647,-1.05693,-1.05739,-1.05785,-1.05831,-1.05877,-1.05923,-1.05969,-1.06015
45.0000E-3,-1.08902,-1.08980,-1.09059,-1.09137,-1.09216,-1.09295,-1.09374,-1.09453,-1.09532,-1.09611,-1.08107,-1.08177,-1.08248,-1.08319,-1.08391,-1.08462,-1.08533,-1.08605,-1.08676,-1.08748,-1.07442,-1.07506,-1.07571,-1.07636,-1.07701,-1.07766,-1.07831,-1.07896,-1.07961,-1.08027,-1.06878,-1.06937,-1.06997,-1.07056,-1.07116,-1.07176,-1.07236,-1.07295,-1.07355,-1.07415,-1.06393,-1.06448,-1.06503,-1.06558,-1.06614,-1.06669,-1.06724,-1.06780,-1.06835,-1.06891
50.0000E-3,-1.10094,-1.10188,-1.10282,-1.10376,-1.10471,-1.10565,-1.10660,-1.10755,-1.10850,-1.10945,-1.09176,-1.09260,-1.09345,-1.09430,-1.09515,-1.09601,-1.09686,-1.09772,-1.09857,-1.09943,-1.08410,-1.08488,-1.08565,-1.08642,-1.08720,-1.08798,-1.08875,-1.08953,-1.09031,-1.09109,-1.07763,-1.07834,-1.07905,-1.07976,-1.08047,-1.08118,-1.08190,-1.08261,-1.08333,-1.08404,-1.07208,-1.07274,-1.07339,-1.07405,-1.07471,-1.07537,-1.07602,-1.07668,-1.07734,-1.07800
55.0000E-3,-1.11336,-1.11448,-1.11560,-1.11672,-1.11785,-1.11898,-1.12010,-1.12124,-1.12237,-1.12350,-1.10286,-1.10386,-1.10487,-1.10588,-1.10689,-1.10790,-1.10892,-1.10993,-1.11095,-1.11197,-1.09413,-1.09505,-1.09596,-1.09688,-1.09780,-1.09872,-1.09964,-1.10056,-1.10148,-1.10241,-1.08677,-1.08761,-1.08845,-1.08929,-1.09013,-1.09097,-1.09182,-1.09266,-1.09351,-1.09435,-1.08048,-1.08125,-1.08203,-1.08280,-1.08358,-1.08435,-1.08513,-1.08591,-1.08669,-1.08747
60.0000E-3,-1.12632,-1.12764,-1.12897,-1.13030,-1.13163,-1.13296,-1.13430,-1.13564,-1.13698,-1.13833,-1.11439,-1.11558,-1.11677,-1.11796,-1.11915,-1.12035,-1.12154,-1.12274,-1.12395,-1.12515,-1.10452,-1.10560,-1.10667,-1.10775,-1.10883,-1.10992,-1.11100,-1.11209,-1.11318,-1.11427,-1.09622,-1.09720,-1.09819,-1.09917,-1.10016,-1.10115,-1.10214,-1.10313,-1.10413,-1.10512,-1.08914,-1.09004,-1.09095,-1.09186,-1.09277,-1.09368,-1.09459,-1.09550,-1.09642,-1.09733
65.0000E-3,-1.13985,-1.14141,-1.14297,-1.14453,-1.14610,-1.14767,-1.14925,-1.15083,-1.15241,-1.15400,-1.12639,-1.12778,-1.12917,-1.13057,-1.13197,-1.13338,-1.13478,-1.13619,-1.13761,-1.13903,-1.11529,-1.11655,-1.11781,-1.11907,-1.12034,-1.12161,-1.12288,-1.12415,-1.12543,-1.12670,-1.10598,-1.10713,-1.10828,-1.10943,-1.11059,-1.11174,-1.11290,-1.11406,-1.11522,-1.11639,-1.09807,-1.09912,-1.10018,-1.10124,-1.10230,-1.10336,-1.10442,-1.10549,-1.10656,-1.10763
70.0000E-3,-1.15399,-1.15582,-1.15765,-1.15948,-1.16132,-1.16317,-1.16502,-1.16688,-1.16874,-1.17060,-1.13888,-1.14050,-1.14213,-1.14377,-1.14540,-1.14705,-1.14869,-1.15035,-1.15200,-1.15366,-1.12646,-1.12793,-1.12940,-1.13087,-1.13235,-1.13382,-1.13531,-1.13679,-1.13828,-1.13978,-1.11609,-1.11742,-1.11876,-1.12010,-1.12144,-1.12278,-1.12413,-1.12548,-1.12684,-1.12820,-1.10728,-1.10851,-1.10973,-1.11096,-1.11219,-1.11343,-1.11466,-1.11590,-1.11714,-1.11839
75.0000E-3,-1.16879,-1.17092,-1.17306,-1.17521,-1.17736,-1.17952,-1.18169,-1.18387,-1.18605,-1.18824,-1.15189,-1.15378,-1.15568,-1.15758,-1.15949,-1.16141,-1.16333,-1.16526,-1.16719,-1.16913,-1.13806,-1.13976,-1.14147,-1.14318,-1.14490,-1.14662,-1.14834,-1.15007,-1.15181,-1.15355,-1.12654,-1.12809,-1.12964,-1.13119,-1.13275,-1.13431,-1.13587,-1.13744,-1.13902,-1.14059,-1.11680,-1.11821,-1.11963,-1.12105,-1.12248,-1.12391,-1.12534,-1.12677,-1.12821,-1.12965
80.0000E-3,-1.18429,-1.18678,-1.18928,-1.19178,-1.19429,-1.19682,-1.19935,-1.20189,-1.20445,-1.20701,-1.16546,-1.16766,-1.16986,-1.17208,-1.17430,-1.17653,-1.17877,-1.18101,-1.18326,-1.18553,-1.15011,-1.15209,-1.15406,-1.15605,-1.15804,-1.16003,-1.16204,-1.16405,-1.16606,-1.16808,-1.13737,-1.13916,-1.14095,-1.14275,-1.14455,-1.14636,-1.14817,-1.14999,-1.15181,-1.15364,-1.12663,-1.12826,-1.12990,-1.13154,-1.13319,-1.13483,-1.13649,-1.13815,-1.13981,-1.14148
85.0000E-3,-1.20056,-1.20345,-1.20635,-1.20927,-1.21220,-1.21515,-1.21810,-1.22107,-1.22405,-1.22705,-1.17962,-1.18218,-1.18474,-1.18731,-1.18989,-1.19248,-1.19508,-1.19769,-1.20031,-1.20294,-1.16265,-1.16493,-1.16722,-1.16951,-1.17182,-1.17413,-1.17645,-1.17878,-1.18111,-1.18346,-1.14861,-1.15067,-1.15273,-1.15481,-1.15689,-1.15897,-1.16107,-1.16317,-1.16527,-1.16739,-1.13679,-1.13867,-1.14056,-1.14245,-1.14434,-1.14625,-1.14815,-1.15007,-1.15198,-1.15391
90.0000E-3,-1.21763,-1.22100,-1.22438,-1.22777,-1.23119,-1.23462,-1.23806,-1.24153,-1.24501,-1.24851,-1.19443,-1.19738,-1.20035,-1.20333,-1.20632,-1.20933,-1.21235,-1.21538,-1.21843,-1.22149,-1.17570,-1.17833,-1.18097,-1.18363,-1.18629,-1.18896,-1.19165,-1.19434,-1.19705,-1.19977,-1.16026,-1.16263,-1.16501,-1.16740,-1.16980,-1.17221,-1.17462,-1.17705,-1.17948,-1.18192,-1.14731,-1.14947,-1.15164,-1.15381,-1.15599,-1.15818,-1.16038,-1.16258,-1.16479,-1.16701
95.0000E-3,-1.23559,-1.23950,-1.24343,-1.24738,-1.25136,-1.25535,-1.25937,-1.26341,-1.26747,-1.27156,-1.20992,-1.21334,-1.21678,-1.22023,-1.22370,-1.22718,-1.23069,-1.23421,-1.23775,-1.24130,-1.18930,-1.19233,-1.19538,-1.19844,-1.20152,-1.20461,-1.20772,-1.21083,-1.21397,-1.21711,-1.17236,-1.17509,-1.17783,-1.18058,-1.18335,-1.18612,-1.18890,-1.19170,-1.19451,-1.19733,-1.15821,-1.16069,-1.16317,-1.16567,-1.16818,-1.17069,-1.17322,-1.17575,-1.17830,-1.18085
100.000E-3,-1.25451,-1.25905,-1.26362,-1.26821,-1.27284,-1.27749,-1.28218,-1.28689,-1.29163,-1.29641,-1.22615,-1.23011,-1.23408,-1.23808,-1.24210,-1.24614,-1.25021,-1.25429,-1.25840,-1.26254,-1.20348,-1.20698,-1.21050,-1.21403,-1.21758,-1.22115,-1.22474,-1.22835,-1.23197,-1.23562,-1.18494,-1.18808,-1.19123,-1.19440,-1.19758,-1.20077,-1.20398,-1.20721,-1.21045,-1.21370,-1.16950,-1.17234,-1.17520,-1.17806,-1.18094,-1.18383,-1.18673,-1.18965,-1.19258,-1.19552
105.000E-3,-1.27447,-1.27974,-1.28505,-1.29039,-1.29578,-1.30120,-1.30667,-1.31217,-1.31771,-1.32330,-1.24318,-1.24775,-1.25235,-1.25698,-1.26164,-1.26633,-1.27104,-1.27579,-1.28057,-1.28538,-1.21830,-1.22233,-1.22638,-1.23046,-1.23456,-1.23869,-1.24283,-1.24700,-1.25120,-1.25542,-1.19803,-1.20164,-1.20526,-1.20890,-1.21256,-1.21624,-1.21994,-1.22366,-1.22740,-1.23115,-1.18121,-1.18447,-1.18774,-1.19103,-1.19434,-1.19766,-1.20100,-1.20435,-1.20772,-1.21110
110.000E-3,-1.29555,-1.30168,-1.30785,-1.31408,-1.32035,-1.32668,-1.33306,-1.33949,-1.34597,-1.35251,-1.26106,-1.26635,-1.27168,-1.27704,-1.28244,-1.28788,-1.29336,-1.29888,-1.30443,-1.31003,-1.23378,-1.23843,-1.24311,-1.24781,-1.25255,-1.25732,-1.26211,-1.26694,-1.27180,-1.27669,-1.21167,-1.21581,-1.21998,-1.22417,-1.22838,-1.23262,-1.23688,-1.24117,-1.24548,-1.24982,-1.19337,-1.19711,-1.20086,-1.20464,-1.20843,-1.21225,-1.21608,-1.21994,-1.22382,-1.22771
115.000E-3,-1.31787,-1.32500,-1.33219,-1.33944,-1.34676,-1.35415,-1.36161,-1.36913,-1.37673,-1.38439,-1.27988,-1.28600,-1.29217,-1.29838,-1.30465,-1.31097,-1.31734,-1.32376,-1.33023,-1.33676,-1.25000,-1.25536,-1.26075,-1.26619,-1.27166,-1.27717,-1.28272,-1.28832,-1.29395,-1.29962,-1.22589,-1.23065,-1.23544,-1.24026,-1.24512,-1.25000,-1.25492,-1.25987,-1.26485,-1.26987,-1.20601,-1.21030,-1.21460,-1.21894,-1.22330,-1.22768,-1.23209,-1.23653,-1.24100,-1.24549
120.000E-3,-1.34154,-1.34984,-1.35822,-1.36668,-1.37523,-1.38388,-1.39261,-1.40143,-1.41035,-1.41936,-1.29971,-1.30679,-1.31394,-1.32116,-1.32844,-1.33578,-1.34320,-1.35068,-1.35823,-1.36585,-1.26700,-1.27318,-1.27941,-1.28569,-1.29202,-1.29840,-1.30483,-1.31132,-1.31786,-1.32445,-1.24073,-1.24621,-1.25172,-1.25728,-1.26287,-1.26851,-1.27418,-1.27990,-1.28566,-1.29147,-1.21917,-1.22408,-1.22903,-1.23400,-1.23901,-1.24406,-1.24914,-1.25425,-1.25939,-1.26457
125.000E-3,-1.36670,-1.37637,-1.38615,-1.39604,-1.40605,-1.41618,-1.42643,-1.43680,-1.44729,-1.45791,-1.32063,-1.32885,-1.33715,-1.34554,-1.35400,-1.36256,-1.37120,-1.37994,-1.38876,-1.39768,-1.28485,-1.29199,-1.29919,-1.30645,-1.31378,-1.32118,-1.32864,-1.33618,-1.34378,-1.35145,-1.25625,-1.26255,-1.26891,-1.27531,-1.28177,-1.28828,-1.29484,-1.30145,-1.30812,-1.31485,-1.23287,-1.23851,-1.24419,-1.24992,-1.25568,-1.26149,-1.26734,-1.27323,-1.27917,-1.28515
130.000E-3,-1.39350,-1.40479,-1.41622,-1.42781,-1.43955,-1.45145,-1.46350,-1.47572,-1.48811,-1.50066,-1.34277,-1.35231,-1.36195,-1.37171,-1.38158,-1.39157,-1.40167,-1.41188,-1.42222,-1.43268,-1.30362,-1.31187,-1.32020,-1.32862,-1.33712,-1.34571,-1.35439,-1.36315,-1.37201,-1.38096,-1.27250,-1.27976,-1.28709,-1.29448,-1.30194,-1.30947,-1.31707,-1.32473,-1.33247,-1.34028,-1.24717,-1.25365,-1.26018,-1.26677,-1.27341,-1.28010,-1.28686,-1.29366,-1.30053,-1.30745
135.000E-3,-1.42211,-1.43532,-1.44872,-1.46232,-1.47612,-1.49014,-1.50436,-1.51880,-1.53347,-1.54836,-1.36622,-1.37731,-1.38855,-1.39993,-1.41145,-1.42313,-1.43496,-1.44694,-1.45909,-1.47139,-1.32340,-1.33295,-1.34261,-1.35237,-1.36225,-1.37224,-1.38235,-1.39257,-1.40291,-1.41337,-1.28954,-1.29792,-1.30638,-1.31492,-1.32356,-1.33228,-1.34109,-1.34999,-1.35898,-1.36807,-1.26210,-1.26956,-1.27708,-1.28467,-1.29233,-1.30006,-1.30787,-1.31574,-1.32369,-1.33171
140.000E-3,-1.45273,-1.46822,-1.48396,-1.49997,-1.51625,-1.53280,-1.54964,-1.56677,-1.58420,-1.60194,-1.39112,-1.40405,-1.41716,-1.43045,-1.44395,-1.45764,-1.47153,-1.48563,-1.49994,-1.51446,-1.34427,-1.35534,-1.36656,-1.37791,-1.38941,-1.40106,-1.41286,-1.42481,-1.43692,-1.44918,-1.30744,-1.31712,-1.32690,-1.33680,-1.34681,-1.35693,-1.36717,-1.37753,-1.38800,-1.39861,-1.27773,-1.28632,-1.29499,-1.30376,-1.31261,-1.32155,-1.33059,-1.33972,-1.34894,-1.35826
145.000E-3,-1.48561,-1.50381,-1.52235,-1.54125,-1.56050,-1.58013,-1.60014,-1.62054,-1.64136,-1.66259,-1.41763,-1.43272,-1.44805,-1.46363,-1.47947,-1.49556,-1.51193,-1.52857,-1.54549,-1.56270,-1.36634,-1.37921,-1.39225,-1.40548,-1.41890,-1.43252,-1.44633,-1.46034,-1.47456,-1.48899,-1.32628,-1.33748,-1.34882,-1.36030,-1.37193,-1.38370,-1.39563,-1.40771,-1.41995,-1.43235,-1.29411,-1.30402,-1.31404,-1.32417,-1.33442,-1.34479,-1.35527,-1.36588,-1.37662,-1.38747
150.000E-3,-1.52101,-1.54246,-1.56436,-1.58674,-1.60960,-1.63296,-1.65684,-1.68125,-1.70622,-1.73176,-1.44592,-1.46357,-1.48155,-1.49985,-1.51849,-1.53748,-1.55683,-1.57654,-1.59664,-1.61712,-1.38974,-1.40472,-1.41993,-1.43538,-1.45108,-1.46704,-1.48325,-1.49974,-1.51649,-1.53353,-1.34614,-1.35912,-1.37229,-1.38564,-1.39918,-1.41292,-1.42685,-1.44099,-1.45533,-1.46988,-1.31131,-1.32276,-1.33436,-1.34610,-1.35799,-1.37004,-1.38224,-1.39460,-1.40712,-1.41980
155.000E-3,-1.55925,-1.58460,-1.61057,-1.63716,-1.66441,-1.69234,-1.72097,-1.75034,-1.78046,-1.81138,-1.47619,-1.49690,-1.51803,-1.53960,-1.56162,-1.58410,-1.60706,-1.63052,-1.65448,-1.67897,-1.41461,-1.43208,-1.44986,-1.46795,-1.48638,-1.50513,-1.52424,-1.54369,-1.56351,-1.58371,-1.36713,-1.38221,-1.39754,-1.41310,-1.42891,-1.44498,-1.46130,-1.47789,-1.49475,-1.51189,-1.32941,-1.34267,-1.35612,-1.36976,-1.38359,-1.39762,-1.41185,-1.42629,-1.44094,-1.45581
160.000E-3,-1.60071,-1.63078,-1.66167,-1.69341,-1.72603,-1.75958,-1.79410,-1.82963,-1.86620,-1.90388,-1.50867,-1.53304,-1.55796,-1.58347,-1.60957,-1.63629,-1.66366,-1.69169,-1.72041,-1.74985,-1.44109,-1.46153,-1.48236,-1.50362,-1.52531,-1.54744,-1.57002,-1.59308,-1.61663,-1.64067,-1.38936,-1.40693,-1.42481,-1.44300,-1.46151,-1.48036,-1.49954,-1.51908,-1.53898,-1.55925,-1.34849,-1.36389,-1.37952,-1.39540,-1.41153,-1.42792,-1.44458,-1.46150,-1.47870,-1.49619
165.000E-3,-1.64584,-1.68163,-1.71852,-1.75657,-1.79583,-1.83636,-1.87822,-1.92148,-1.96621,-2.01249,-1.54366,-1.57241,-1.60190,-1.63217,-1.66323,-1.69514,-1.72791,-1.76159,-1.79621,-1.83182,-1.46939,-1.49335,-1.51785,-1.54290,-1.56851,-1.59472,-1.62153,-1.64898,-1.67708,-1.70586,-1.41298,-1.43349,-1.45440,-1.47572,-1.49747,-1.51965,-1.54228,-1.56538,-1.58896,-1.61303,-1.36867,-1.38658,-1.40480,-1.42334,-1.44220,-1.46141,-1.48096,-1.50086,-1.52113,-1.54178
170.000E-3,-1.69518,-1.73794,-1.78220,-1.82803,-1.87553,-1.92479,-1.97591,-2.02899,-2.08414,-2.14150,-1.58147,-1.61550,-1.65052,-1.68658,-1.72372,-1.76199,-1.80145,-1.84215,-1.88415,-1.92751,-1.49973,-1.52791,-1.55679,-1.58640,-1.61678,-1.64793,-1.67991,-1.71274,-1.74645,-1.78109,-1.43813,-1.46214,-1.48667,-1.51174,-1.53737,-1.56358,-1.59038,-1.61780,-1.64587,-1.67459,-1.39006,-1.41094,-1.43223,-1.45394,-1.47608,-1.49865,-1.52168,-1.54519,-1.56917,-1.59365
175.000E-3,-1.74937,-1.80068,-1.85403,-1.90955,-1.96737,-2.02765,-2.09055,-2.15623,-2.22488,-2.29672,-1.62249,-1.66291,-1.70466,-1.74781,-1.79243,-1.83859,-1.88638,-1.93588,-1.98719,-2.04041,-1.53235,-1.56559,-1.59977,-1.63491,-1.67107,-1.70829,-1.74661,-1.78608,-1.82676,-1.86871,-1.46501,-1.49319,-1.52206,-1.55163,-1.58195,-1.61303,-1.64491,-1.67762,-1.71119,-1.74565,-1.41280,-1.43722,-1.46217,-1.48767,-1.51372,-1.54036,-1.56760,-1.59546,-1.62396,-1.65313
180.000E-3,-1.80920,-1.87104,-1.93569,-2.00335,-2.07423,-2.14857,-2.22664,-2.30871,-2.39510,-2.48617,-1.66718,-1.71538,-1.76536,-1.81724,-1.87113,-1.92714,-1.98540,-2.04605,-2.10924,-2.17513,-1.56757,-1.60691,-1.64750,-1.68937,-1.73261,-1.77728,-1.82345,-1.87120,-1.92060,-1.97176,-1.49384,-1.52701,-1.56109,-1.59611,-1.63211,-1.66913,-1.70722,-1.74643,-1.78680,-1.82839,-1.43706,-1.46570,-1.49503,-1.52507,-1.55585,-1.58740,-1.61975,-1.65292,-1.68696,-1.72189
185.000E-3,-1.87564,-1.95054,-2.02934,-2.11234,-2.19990,-2.29240,-2.39027,-2.49399,-2.60410,-2.72122,-1.71611,-1.77380,-1.83391,-1.89661,-1.96207,-2.03048,-2.10203,-2.17695,-2.25549,-2.33791,-1.60576,-1.65248,-1.70085,-1.75097,-1.80293,-1.85683,-1.91279,-1.97092,-2.03135,-2.09423,-1.52487,-1.56404,-1.60441,-1.64603,-1.68896,-1.73327,-1.77902,-1.82628,-1.87512,-1.92564,-1.46304,-1.49672,-1.53130,-1.56683,-1.60333,-1.64085,-1.67944,-1.71914,-1.76000,-1.80207
190.000E-3,-1.94986,-2.04108,-2.13774,-2.24034,-2.34945,-2.46571,-2.58984,-2.72267,-2.86516,-3.01838,-1.76995,-1.83929,-1.91194,-1.98815,-2.06819,-2.15235,-2.24096,-2.33438,-2.43302,-2.53732,-1.64734,-1.70302,-1.76093,-1.82119,-1.88396,-1.94938,-2.01765,-2.08894,-2.16346,-2.24144,-1.55841,-1.60482,-1.65282,-1.70249,-1.75392,-1.80721,-1.86245,-1.91976,-1.97926,-2.04107,-1.49097,-1.53070,-1.57161,-1.61378,-1.65724,-1.70207,-1.74833,-1.79608,-1.84541,-1.89639
195.000E-3,-2.03336,-2.14511,-2.26453,-2.39243,-2.52976,-2.67760,-2.83720,-3.01002,-3.19778,-3.40251,-1.82952,-1.91325,-2.00152,-2.09474,-2.19331,-2.29771,-2.40848,-2.52622,-2.65161,-2.78542,-1.69285,-1.75947,-1.82909,-1.90191,-1.97817,-2.05811,-2.14200,-2.23014,-2.32287,-2.42055,-1.59484,-1.65001,-1.70731,-1.76684,-1.82876,-1.89319,-1.96031,-2.03027,-2.10327,-2.17951,-1.52112,-1.56814,-1.61672,-1.66696,-1.71894,-1.77275,-1.82850,-1.88628,-1.94620,-2.00841
200.000E-3,-2.12802,-2.26580,-2.41451,-2.57550,-2.75036,-2.94096,-3.14952,-3.37871,-3.63175,-3.91257,-1.89583,-1.99743,-2.10532,-2.22011,-2.34248,-2.47321,-2.61319,-2.76344,-2.92512,-3.09960,-1.74292,-1.82295,-1.90705,-1.99554,-2.08877,-2.18713,-2.29107,-2.40105,-2.51764,-2.64144,-1.63459,-1.70042,-1.76909,-1.84079,-1.91572,-1.99410,-2.07617,-2.16222,-2.25253,-2.34742,-1.55384,-1.60966,-1.66756,-1.72768,-1.79013,-1.85506,-1.92261,-1.99296,-2.06627,-2.14273
205.000E-3,-2.23621,-2.40732,-2.59419,-2.79908,-3.02476,-3.27454,-3.55251,-3.86373,-4.21454,-4.61300,-1.97015,-2.09407,-2.22677,-2.36922,-2.52253,-2.68799,-2.86712,-3.06166,-3.27371,-3.50574,-1.79833,-1.89488,-1.99700,-2.10516,-2.21994,-2.34195,-2.47189,-2.61058,-2.75892,-2.91796,-1.67822,-1.75706,-1.83972,-1.92649,-2.01768,-2.11365,-2.21476,-2.32146,-2.43421,-2.55355,-1.58952,-1.65602,-1.72530,-1.79755,-1.87296,-1.95173,-2.03411,-2.12034,-2.21071,-2.30551
210.000E-3,-2.36104,-2.57524,-2.81247,-3.07665,-3.37265,-3.70658,-4.08625,-4.52173,-5.02632,-5.61786,-2.05404,-2.20605,-2.37042,-2.54872,-2.74278,-2.95482,-3.18743,-3.44377,-3.72767,-4.04381,-1.86005,-1.97706,-2.10172,-2.23480,-2.37719,-2.52989,-2.69407,-2.87107,-3.06246,-3.27006,-1.72637,-1.82115,-1.92112,-2.02670,-2.13839,-2.25672,-2.38230,-2.51584,-2.65810,-2.80996,-1.62865,-1.70816,-1.79139,-1.87863,-1.97016,-2.06632,-2.16746,-2.27397,-2.38631,-2.50495
215.000E-3,-2.50654,-2.77712,-3.08190,-3.42779,-3.82371,-4.28137,-4.81643,-5.45034,-6.21328,-7.14909,-2.14949,-2.33712,-2.54230,-2.76764,-3.01626,-3.29195,-3.59940,-3.94443,-4.33438,-4.77862,-1.92926,-2.07176,-2.22485,-2.38976,-2.56792,-2.76098,-2.97091,-3.20001,-3.45103,-3.72728,-1.77985,-1.89428,-2.01577,-2.14499,-2.28270,-2.42976,-2.58717,-2.75605,-2.93771,-3.13365,-1.67183,-1.76724,-1.86767,-1.97353,-2.08528,-2.20341,-2.32851,-2.46119,-2.60217,-2.75225
220.000E-3,-2.67811,-3.02346,-3.42054,-3.88191,-4.42458,-5.07210,-5.85810,-6.83233,-8.07160,-9.70111,-2.25903,-2.49218,-2.75058,-3.03857,-3.36156,-3.72633,-4.14155,-4.61845,-5.17190,-5.82193,-2.00745,-2.18187,-2.37109,-2.57708,-2.80217,-3.04914,-3.32135,-3.62287,-3.95871,-4.33509,-1.83966,-1.97841,-2.12682,-2.28597,-2.45704,-2.64143,-2.84077,-3.05694,-3.29217,-3.54910,-1.71979,-1.83471,-1.95643,-2.08558,-2.22285,-2.36904,-2.52505,-2.69189,-2.87074,-3.06294
225.000E-3,-2.88304,-3.32913,-3.85524,-4.48503,-5.25249,-6.20829,-7.43148,-9.05248,-11.3031,-14.6385,-2.38593,-2.67781,-3.00648,-3.37936,-3.80604,-4.29903,-4.87513,-5.55726,-6.37767,-7.38316,-2.09648,-2.31116,-2.54670,-2.80630,-3.09385,-3.41410,-3.77297,-4.17791,-4.63838,-5.16667,-1.90704,-2.07602,-2.25836,-2.45571,-2.67000,-2.90351,-3.15894,-3.43955,-3.74923,-4.09276,-1.77342,-1.91240,-2.06064,-2.21909,-2.38886,-2.57120,-2.76756,-2.97961,-3.20933,-3.45901
230.000E-3,-3.13143,-3.71588,-4.42750,-5.31287,-6.44447,-7.94160,-10.0155,-13.0789,-18.0621,-27.5930,-2.53445,-2.90292,-3.32579,-3.81607,-4.39128,-5.07558,-5.90326,-6.92464,-8.21675,-9.90366,-2.19872,-2.46453,-2.76006,-3.09055,-3.46262,-3.88462,-4.36735,-4.92493,-5.57621,-6.34701,-1.98352,-2.19032,-2.41570,-2.66229,-2.93323,-3.23232,-3.56417,-3.93449,-4.35038,-4.82080,-1.83383,-2.00260,-2.18405,-2.37967,-2.59119,-2.82063,-3.07036,-3.34321,-3.64255,-3.97241
235.000E-3,-3.43759,-4.21653,-5.20451,-6.49873,-8.26765,-10.8312,-14.8796,-22.2295,-39.6994,-134.374,-2.71023,-3.17980,-3.73122,-4.38795,-5.18334,-6.16648,-7.41274,-9.04409,-11.2716,-14.4951,-2.31720,-2.64848,-3.02253,-3.44820,-3.93696,-4.50397,-5.16965,-5.96221,-6.92175,-8.10725,-2.07105,-2.32542,-2.60585,-2.91659,-3.26280,-3.65095,-4.08914,-4.58772,-5.16008,-5.82393,-1.90242,-2.10823,-2.33154,-2.57466,-2.84037,-3.13196,-3.45340,-3.80953,-4.20628,-4.65102
240.000E-3,-3.82238,-4.88278,-6.30206,-8.29946,-11.3186,-16.4129,-26.8421,-60.1975,646.090,56.6668,-2.92085,-3.52579,-4.25647,-5.15663,-6.29299,-7.77255,-9.77843,-12.6522,-17.1128,-24.9755,-2.45583,-2.87167,-3.34988,-3.90563,-4.55944,-5.33978,-6.28731,-7.46221,-8.95748,-10.9248,-2.17209,-2.48667,-2.83816,-3.23346,-3.68129,-4.19290,-4.78292,-5.47090,-6.28343,-7.25771,-1.98091,-2.23304,-2.50946,-2.81386,-3.15071,-3.52550,-3.94501,-4.41776,-4.95457,-5.56942
245.000E-3,-4.31725,-5.80052,-7.93680,-11.2790,-17.2499,-30.9606,-95.1806,121.588,40.8223,25.7973,-3.17666,-3.96596,-4.95328,-6.22386,-7.91997,-10.2984,-13.8746,-19.8579,-31.9109,-68.7773,-2.61975,-3.14590,-3.76436,-4.50176,-5.39605,-6.50326,-7.90972,-9.75569,-12.2853,-15.9648,-2.28975,-2.68110,-3.12523,-3.63360,-4.22121,-4.90819,-5.72204,-6.70150,-7.90285,-9.41110,-2.07147,-2.38181,-2.72615,-3.11040,-3.54192,-4.03000,-4.58655,-5.22706,-5.97209,-6.84947
250.000E-3,-4.97176,-7.12275,-10.5643,-16.9553,-32.9314,-144.698,78.9501,34.1838,22.9950,17.9096,-3.49211,-4.53766,-5.90489,-7.76928,-10.4622,-14.6938,-22.3103,-40.0796,-128.878,137.760,-2.81569,-3.48745,-4.29818,-5.29600,-6.55410,-8.18960,-10.4023,-13.5632,-18.4480,-26.9958,-2.42808,-2.91806,-3.48439,-4.14643,-4.93069,-5.87445,-7.03188,-8.48480,-10.3629,-12.8849,-2.17686,-2.56079,-2.99272,-3.48223,-4.04167,-4.68717,-5.44026,-6.33025,-7.39824,-8.70353
255.000E-3,-5.86819,-9.14937,-15.3274,-31.2700,-167.363,67.0557,31.1922,21.5579,17.0831,14.4985,-3.88778,-5.29864,-7.25312,-10.1404,-14.8376,-23.8232,-47.9032,-324.674,82.4373,39.5554,-3.05273,-3.91927,-4.99935,-6.38300,-8.21914,-10.7731,-14.5681,-20.7991,-32.9201,-66.7672,-2.59230,-3.21010,-3.93980,-4.81486,-5.88349,-7.21791,-8.93137,-11.2121,-14.3977,-19.1600,-2.30058,-2.77815,-3.32410,-3.95427,-4.68976,-5.55939,-6.60353,-7.88058,-9.47825,-11.5346
260.000E-3,-7.15327,-12.5555,-26.1205,-123.522,67.0794,30.2861,20.9874,16.7474,14.3207,12.7491,-4.39391,-6.34252,-9.25917,-14.1036,-23.7307,-52.1266,-2.27650E3,65.9801,35.2930,25.2419,-3.34317,-4.47448,-5.94208,-7.92210,-10.7397,-15.0688,-22.5716,-38.7575,-99.4034,286.067,-2.78924,-3.57436,-4.52599,-5.70339,-7.19770,-9.15678,-11.8374,-15.7281,-21.8872,-33.1147,-2.44713,-3.04467,-3.74071,-4.56179,-5.54494,-6.74340,-8.23658,-10.1484,-12.6838,-16.2072
265.000E-3,-9.11500,-19.2360,-70.2501,80.7705,31.0997,21.0862,16.7865,14.3957,12.8735,11.8193,-5.05638,-7.83043,-12.4592,-21.7365,-49.7292,6.44945E3,60.8132,33.5316,24.3859,19.8033,-3.70402,-5.20225,-7.24649,-10.2018,-14.8516,-23.2395,-42.9027,-143.177,148.130,54.1490,-3.02794,-4.03463,-5.29350,-6.91284,-9.07339,-12.1009,-16.6481,-24.2428,-39.4923,-85.7280,-2.62232,-3.37480,-4.27088,-5.35598,-6.69699,-8.39652,-10.6205,-13.6561,-18.0467,-24.9601
270.000E-3,-12.4034,-37.2930,152.047,34.1076,21.8314,17.1510,14.6824,13.1573,12.1217,11.3724,-5.94780,-10.0632,-18.1472,-41.2851,-689.771,62.3609,33.4627,24.3172,19.8306,17.1657,-4.15931,-6.17823,-9.11896,-13.7996,-22.4129,-43.5059,-175.509,118.554,49.4948,33.1599,-3.32053,-4.62459,-6.31870,-8.60862,-11.8757,-16.9152,-25.7061,-44.9205,-120.094,284.659,-2.83370,-3.78810,-4.95475,-6.41331,-8.28902,-10.7907,-14.2944,-19.5530,-28.3254,-45.9007
275.000E-3,-18.8521,-220.045,41.7108,23.3911,17.8414,15.1603,13.5805,12.5391,11.8008,11.2502,-7.18945,-13.6704,-30.4254,-175.257,72.2172,34.9700,24.9269,20.2567,17.5578,15.7995,-4.74375,-7.52402,-11.9434,-20.0572,-39.8248,-160.330,115.863,48.4342,32.7237,25.7231,-3.68344,-5.39304,-7.72170,-11.0800,-16.3446,-25.7821,-47.6105,-152.868,183.465,64.2846,-3.09119,-4.31145,-5.85055,-7.85226,-10.5620,-14.4363,-20.4310,-30.9430,-54.1654,-148.393
280.000E-3,-36.3871,68.7871,26.3566,18.9192,15.8247,14.1288,13.0582,12.3208,11.7820,11.3711,-8.99862,-20.2189,-72.7225,104.837,38.5677,26.2542,21.0658,18.2058,16.3942,15.1437,-5.50894,-9.44658,-16.5190,-32.9451,-113.508,136.255,50.2649,33.4049,26.2129,22.2261,-4.13934,-6.41280,-9.70100,-14.8785,-24.2299,-46.2110,-159.614,163.881,61.4802,40.3780,-3.40794,-4.98247,-7.04525,-9.86509,-13.9524,-20.4095,-32.1387,-60.0515,-212.153,188.362
285.000E-3,-227.072,33.0109,20.5725,16.6866,14.7890,13.6646,12.9208,12.3923,11.9974,11.6912,-11.8042,-34.9603,456.977,46.2026,28.5307,22.2972,19.1120,17.1783,15.8797,14.9474,-6.53445,-12.3260,-24.8174,-71.5833,226.655,55.6345,35.2196,27.2867,23.0685,20.4507,-4.72005,-7.79645,-12.6072,-21.1944,-40.8783,-132.441,180.873,62.7138,40.9206,31.7528,-3.80161,-5.85492,-8.67347,-12.7830,-19.3340,-31.4213,-61.1995,-253.474,161.283,68.2234
290.000E-3,63.2699,23.3989,17.7832,15.5425,14.3372,13.5844,13.0695,12.6952,12.4107,12.1873,-16.5810,-92.9254,66.5256,32.4150,24.0720,20.3037,18.1570,16.7705,15.8011,15.0853,-7.94841,-16.9388,-43.3395,-1.68074E3,67.6307,38.5016,29.0063,24.2979,21.4853,19.6154,-5.47123,-9.72608,-17.1175,-33.1381,-94.0912,269.862,68.1880,42.8872,32.9813,27.6969,-4.29616,-7.00761,-10.9534,-17.2247,-28.7365,-56.7713,-227.324,164.467,68.5245,46.1976
295.000E-3,30.4144,19.2210,16.3512,15.0371,14.2834,13.7947,13.4521,13.1986,13.0034,12.8485,-26.1070,247.977,40.0369,26.6860,21.8464,19.3464,17.8196,16.7904,16.0496,15.4909,-9.96951,-25.1438,-113.431,100.167,44.2244,31.5660,25.9696,22.8145,20.7892,19.3791,-6.46015,-12.5140,-24.7218,-62.1680,2.19844E3,80.5257,46.5681,35.0057,29.1777,25.6659,-4.92466,-8.55963,-14.2601,-24.4852,-48.1668,-162.980,200.322,72.7660,48.0665,37.5610
300.000E-3,21.4156,17.1137,15.6797,14.9628,14.5326,14.2458,14.0409,13.8873,13.7678,13.6722,-52.6535,63.0043,30.9538,23.8839,20.7792,19.0344,17.9165,17.1391,16.5672,16.1289,-13.0007,-42.7417,377.936,55.4059,35.4284,28.2077,24.4820,22.2082,20.6760,19.5735,-7.78911,-16.7392,-39.4385,-212.508,110.261,52.8742,38.0263,31.2084,27.2929,24.7518,-5.73355,-10.6982,-19.2921,-37.7874,-106.550,345.383,82.2989,51.6092,39.7237,33.4129
305.000E-3,17.4581,16.0497,15.5040,15.2142,15.0345,14.9122,14.8235,14.7563,14.7037,14.6612,-392.550,40.0658,26.7708,22.5189,20.4252,19.1790,18.3524,17.7640,17.3238,16.9821,-17.8685,-101.524,86.5033,41.7993,31.2749,26.5718,23.9065,22.1904,20.9931,20.1102,-9.62013,-23.6014,-77.0382,236.420,64.3828,42.5117,33.9309,29.3492,26.4994,24.5555,-6.78937,-13.7323,-27.5046,-67.9354,-2.54058E3,102.130,57.4575,42.9004,35.6829,31.3717
310.000E-3,15.4318,15.6150,15.6931,15.7365,15.7640,15.7831,15.7971,15.8078,15.8162,15.8230,91.0033,31.6708,24.7059,22.0061,20.5720,19.6826,19.0771,18.6382,18.3056,18.0447,-26.5644,968.352,54.8676,35.7854,29.2462,25.9422,23.9485,22.6147,21.6597,20.9422,-12.2233,-36.0344,-323.445,90.7114,49.5856,37.6338,31.9406,28.6101,26.4242,24.8793,-8.19002,-18.2068,-42.4924,-187.006,153.420,67.2487,47.4650,38.6845,33.7249,30.5378
315.000E-3,14.3803,15.6156,16.1792,16.5018,16.7107,16.8571,16.9654,17.0487,17.1148,17.1685,46.0817,27.7415,23.7964,22.0751,21.1107,20.4939,20.0656,19.7507,19.5095,19.3188,-45.3720,105.349,43.5474,32.8553,28.4188,25.9905,24.4585,23.4039,22.6336,22.0463,-16.0805,-63.5570,217.882,62.5363,42.9416,35.2634,31.1658,28.6178,26.8802,25.6193,-10.0841,-25.1707,-76.1340,514.073,85.7770,54.2406,42.6705,36.6643,32.9866,30.5031
320.000E-3,13.9170,15.9534,16.9276,17.4988,17.8742,18.1398,18.3375,18.4905,18.6124,18.7118,33.5798,25.8260,23.6277,22.5891,21.9840,21.5879,21.3084,21.1006,20.9402,20.8125,-109.715,63.2239,38.3231,31.5434,28.3812,26.5509,25.3575,24.5177,23.8947,23.4141,-22.1357,-164.003,96.4943,51.4530,39.7119,34.3085,31.2019,29.1843,27.7685,26.7202,-12.7060,-36.9210,-204.446,134.099,65.2648,48.1455,40.3757,35.9391,33.0697,31.0616
325.000E-3,13.8605,16.5777,17.9236,18.7271,19.2611,19.6418,19.9268,20.1482,20.3252,20.4699,28.1716,25.0419,23.9987,23.4771,23.1641,22.9555,22.8065,22.6947,22.6077,22.5382,786.720,49.2255,35.8176,31.2393,28.9291,27.5362,26.6048,25.9381,25.4373,25.0473,-32.5069,702.236,68.8290,46.2092,38.3059,34.2824,31.8448,30.2099,29.0371,28.1549,-16.4450,-59.5993,674.091,87.1273,56.2370,45.2049,39.5397,36.0913,33.7715,32.1042
330.000E-3,14.1192,17.4648,19.1649,20.1940,20.8838,21.3783,21.7503,22.0402,22.2725,22.4628,25.5297,25.0016,24.8058,24.7038,24.6412,24.5988,24.5683,24.5452,24.5271,24.5126,107.135,42.9324,34.8274,31.6511,29.9559,28.9017,28.1828,27.6612,27.2654,26.9548,-53.0929,140.516,57.5722,43.7436,38.0491,34.9429,32.9872,31.6425,30.6613,29.9137,-21.9912,-116.894,159.383,70.0590,51.8710,44.0425,39.6846,36.9081,34.9844,33.5729
335.000E-3,14.6460,18.6070,20.6583,21.9126,22.7590,23.3685,23.8284,24.1878,24.4763,24.7131,24.3091,25.5153,25.9966,26.2555,26.4172,26.5278,26.6082,26.6693,26.7173,26.7560,65.1796,39.9384,34.8264,32.6290,31.4065,30.6279,30.0886,29.6930,29.3903,29.1513,-108.653,88.7608,52.2379,42.8923,38.6151,36.1628,34.5728,33.4583,32.6337,31.9989,-30.6850,-467.282,102.568,62.1698,49.9472,44.0451,40.5680,38.2762,36.6517,35.4402
340.000E-3,15.4194,20.0080,22.4170,23.9014,24.9077,25.6349,26.1850,26.6156,26.9619,27.2464,23.9645,26.4861,27.5476,28.1325,28.5029,28.7585,28.9455,29.0883,29.2008,29.2919,51.0515,38.7396,35.5565,34.0952,33.2561,32.7116,32.3297,32.0470,31.8293,31.6565,-613.711,70.7026,49.8099,43.1262,39.8346,37.8755,36.5759,35.6508,34.9586,34.4214,-45.4948,365.311,82.2774,58.4140,49.5394,44.9068,42.0615,40.1363,38.7471,37.6974
345.000E-3,16.4334,21.6795,24.4604,26.1830,27.3550,28.2039,28.8472,29.3514,29.7574,30.0912,24.2409,27.8665,29.4542,30.3453,30.9158,31.3122,31.6038,31.8272,32.0039,32.1471,44.7109,38.6943,36.8844,36.0122,35.4989,35.1608,34.9212,34.7426,34.6043,34.4941,240.774,62.5183,49.1092,44.1796,41.6186,40.0496,38.9898,38.2260,37.6493,37.1985,-74.5118,157.853,72.9795,56.9711,50.2029,46.4665,44.0974,42.4613,41.2635,40.3487
350.000E-3,17.6926,23.6398,26.8123,28.7845,30.1293,31.1049,31.8451,32.4259,32.8938,33.2787,25.0108,29.6374,31.7241,32.9121,33.6790,34.2150,34.6108,34.9150,35.1561,35.3519,41.7444,39.4929,38.7424,38.3672,38.1420,37.9920,37.8847,37.8043,37.7418,37.6918,118.828,58.6942,49.5921,45.9131,43.9231,42.6760,41.8213,41.1990,40.7256,40.3534,-150.182,112.520,68.5881,57.0369,51.7070,48.6386,46.6443,45.2442,44.2071,43.4080
355.000E-3,19.2098,25.9129,29.5013,31.7367,33.2629,34.3712,35.2125,35.8730,36.4054,36.8435,26.2114,31.7983,34.3746,35.8572,36.8206,37.4969,37.9978,38.3837,38.6902,38.9394,40.6340,40.9773,41.1005,41.1638,41.2024,41.2284,41.2470,41.2611,41.2721,41.2809,87.5807,57.2890,50.9836,48.2549,46.7321,45.7604,45.0865,44.5918,44.2131,43.9139,-695.621,94.3299,66.9286,58.2125,53.9287,51.3817,49.6933,48.4920,47.5936,46.8963
360.000E-3,21.0047,28.5280,32.5606,35.0745,36.7917,38.0391,38.9863,39.7300,40.3295,40.8230,27.8155,34.3618,37.4302,39.2106,40.3732,41.1921,41.8001,42.2693,42.6425,42.9462,40.7311,43.0676,43.9522,44.4174,44.7043,44.8989,45.0396,45.1460,45.2294,45.2965,74.6253,57.4586,53.1395,51.1726,50.0476,49.3193,48.8093,48.4323,48.1421,47.9120,401.572,85.8036,67.0456,60.2877,56.8053,54.6815,53.2511,52.2221,51.4463,50.8406
365.000E-3,23.1024,31.5190,36.0274,38.8368,40.7553,42.1488,43.2067,44.0373,44.7067,45.2578,29.8189,37.3501,40.9221,43.0071,44.3737,45.3386,46.0562,46.6109,47.0523,47.4121,41.7239,45.7286,47.3075,48.1522,48.6783,49.0374,49.2982,49.4961,49.6515,49.7767,68.6122,58.7902,55.9867,54.6591,53.8848,53.3776,53.0196,52.7534,52.5477,52.3839,186.788,81.9842,68.4666,63.1509,60.3099,58.5418,57.3353,56.4595,55.7948,55.2732
370.000E-3,25.5339,34.9249,39.9432,43.0661,45.1969,46.7435,47.9172,48.8384,49.5807,50.1915,32.2328,40.7934,44.8868,47.2862,48.8629,49.9780,50.8084,51.4508,51.9625,52.3797,43.4555,48.9528,51.1877,52.3998,53.1604,53.6823,54.0625,54.3519,54.5795,54.7632,66.1203,61.0699,59.4936,58.7242,58.2683,57.9667,57.7525,57.5924,57.4683,57.3693,135.922,80.9463,70.9428,66.7471,64.4393,62.9792,61.9722,61.2357,60.6736,60.2306
375.000E-3,28.3355,38.7892,44.3537,47.8089,50.1631,51.8702,53.1647,54.1802,54.9980,55.6708,35.0797,44.7285,49.3660,52.0915,53.8853,55.1555,56.1020,56.8347,57.4186,57.8949,45.8495,52.7514,55.6234,57.1975,58.1913,58.8758,59.3759,59.7573,60.0578,60.3006,65.7826,64.1873,63.6555,63.3896,63.2301,63.1237,63.0477,62.9908,62.9465,62.9110,115.232,81.8026,74.3419,71.0555,69.2060,68.0200,67.1948,66.5874,66.1218,65.7534
380.000E-3,31.5490,43.1602,49.3086,53.1153,55.7040,57.5787,58.9989,60.1121,61.0082,61.7449,38.3916,49.1985,54.4061,57.4706,59.4893,60.9194,61.9857,62.8112,63.4693,64.0062,48.8758,57.1488,60.6524,62.5880,63.8158,64.6640,65.2851,65.7595,66.1337,66.4365,66.9631,68.0904,68.4853,68.6865,68.8084,68.8903,68.9490,68.9932,69.0276,69.0552,105.629,84.1024,78.5973,76.0782,74.6339,73.6976,73.0413,72.5557,72.1820,71.8854
385.000E-3,35.2215,48.0909,54.8618,59.0388,61.8729,63.9219,65.4724,66.6867,67.6633,68.4658,42.2082,54.2516,60.0575,63.4748,65.7262,67.3213,68.5107,69.4316,70.1657,70.7647,52.5335,62.1799,66.3182,68.6183,70.0823,71.0961,71.8396,72.4083,72.8572,73.2207,69.3412,72.7637,74.0088,74.6529,75.0465,75.3120,75.5032,75.6474,75.7601,75.8506,101.529,87.6056,83.6823,81.8324,80.7557,80.0513,79.5545,79.1853,78.9002,78.6734
390.000E-3,39.4057,53.6384,61.0705,65.6362,68.7258,70.9554,72.6402,73.9583,75.0175,75.8873,46.5767,59.9413,66.3747,70.1586,72.6503,74.4151,75.7307,76.7492,77.5610,78.2233,56.8413,67.8872,72.6695,75.3390,77.0425,78.2240,79.0916,79.7557,80.2804,80.7054,72.7519,78.2150,80.2612,81.3324,81.9915,82.4378,82.7602,83.0039,83.1946,83.3479,100.734,92.1844,89.5964,88.3465,87.6101,87.1246,86.7806,86.5239,86.3252,86.1667
395.000E-3,44.1599,59.8642,67.9952,72.9668,76.3210,78.7365,80.5591,81.9832,83.1266,84.0649,51.5505,66.3251,73.4153,77.5790,80.3180,82.2568,83.7013,84.8192,85.7100,86.4365,61.8325,74.3199,79.7591,82.8040,84.7504,86.1018,87.0950,87.8556,88.4568,88.9440,77.1152,84.4683,87.2846,88.7730,89.6934,90.3189,90.7716,91.1145,91.3832,91.5994,102.219,97.7761,96.3560,95.6568,95.2407,94.9647,94.7682,94.6213,94.5072,94.4160
400.000E-3,49.5479,66.8335,75.6991,81.0920,84.7184,87.3242,89.2870,90.8187,92.0472,93.0545,57.1892,73.4646,81.2398,85.7950,88.7874,90.9035,92.4790,93.6976,94.6683,95.4597,67.5512,81.5320,87.6428,91.0692,93.2616,94.7848,95.9046,96.7627,97.4410,97.9908,82.4018,91.5588,95.1263,97.0253,98.2046,99.0080,99.5906,100.032,100.379,100.658,105.464,104.358,103.989,103.805,103.694,103.620,103.568,103.528,103.498,103.473
405.000E-3,55.6387,74.6144,84.2473,90.0742,93.9787,96.7774,98.8818,100.522,101.836,102.912,63.5577,81.4243,89.9101,94.8669,98.1172,100.413,102.120,103.440,104.491,105.348,74.0501,89.5815,96.3783,100.192,102.632,104.329,105.576,106.531,107.287,107.900,88.6136,99.5296,103.837,106.142,107.578,108.559,109.270,109.811,110.235,110.577,110.188,111.931,112.532,112.836,113.019,113.142,113.230,113.296,113.348,113.389
410.000E-3,62.5063,83.2774,93.7054,99.9758,104.162,107.155,109.401,111.149,112.548,113.692,70.7260,90.2706,99.4890,104.855,108.365,110.841,112.681,114.102,115.233,116.154,81.3887,98.5287,106.024,110.228,112.919,114.788,116.162,117.216,118.048,118.723,95.7738,108.429,113.468,116.176,117.867,119.023,119.863,120.502,121.003,121.407,116.243,120.515,122.024,122.796,123.264,123.579,123.805,123.975,124.108,124.214
415.000E-3,70.2290,92.8937,104.139,110.858,115.326,118.512,120.898,122.753,124.235,125.447,78.7677,100.071,110.038,115.817,119.588,122.244,124.215,125.736,126.945,127.929,89.6315,108.435,116.639,121.235,124.174,126.216,127.716,128.866,129.774,130.511,103.919,118.308,124.073,127.180,129.122,130.452,131.419,132.154,132.732,133.198,123.554,130.137,132.510,133.732,134.477,134.980,135.341,135.613,135.826,135.996
420.000E-3,78.8883,103.534,115.610,122.779,127.526,130.902,133.425,135.383,136.946,138.223,87.7597,110.891,121.618,127.809,131.839,134.671,136.770,138.388,139.674,140.720,98.8464,119.361,128.278,133.264,136.450,138.661,140.285,141.529,142.512,143.308,113.097,129.218,135.702,139.202,141.392,142.892,143.984,144.814,145.466,145.992,132.090,140.832,144.030,145.688,146.703,147.387,147.881,148.253,148.544,148.778
425.000E-3,88.5678,115.267,128.179,135.792,140.812,144.371,147.026,149.083,150.723,152.061,97.7798,122.796,134.283,140.881,145.163,148.167,150.390,152.102,153.461,154.566,109.103,131.366,140.993,146.363,149.790,152.166,153.910,155.245,156.300,157.154,123.356,141.209,148.401,152.286,154.718,156.384,157.597,158.519,159.244,159.829,141.847,152.634,156.625,158.704,159.979,160.842,161.464,161.933,162.301,162.596
430.000E-3,99.3511,128.157,141.898,149.942,155.224,158.958,161.737,163.887,165.599,166.995,108.905,135.843,148.083,155.077,159.602,162.769,165.110,166.911,168.339,169.499,120.469,144.501,154.828,160.573,164.232,166.766,168.625,170.047,171.170,172.079,134.752,154.327,162.212,166.470,169.136,170.962,172.291,173.302,174.097,174.738,152.838,165.576,170.329,172.813,174.340,175.373,176.119,176.683,177.125,177.479
435.000E-3,111.320,142.259,156.809,165.266,170.794,174.691,177.585,179.820,181.598,183.045,121.211,150.084,163.058,170.430,175.184,178.504,180.955,182.837,184.329,185.540,133.012,158.813,169.821,175.924,179.803,182.486,184.453,185.957,187.143,188.103,147.334,168.611,177.165,181.782,184.671,186.649,188.089,189.183,190.044,190.738,165.081,179.688,185.168,188.040,189.807,191.004,191.869,192.523,193.035,193.446
440.000E-3,124.551,157.620,172.946,181.788,187.542,191.586,194.583,196.893,198.729,200.222,134.766,165.560,179.235,186.961,191.927,195.387,197.936,199.893,201.441,202.698,146.790,174.337,185.995,192.435,196.519,199.340,201.406,202.984,204.228,205.235,161.149,184.088,193.282,198.237,201.336,203.456,204.999,206.171,207.093,207.836,178.597,194.988,201.159,204.398,206.392,207.744,208.721,209.460,210.038,210.503
445.000E-3,139.112,174.273,190.324,199.516,205.471,209.643,212.729,215.104,216.988,218.519,149.630,182.299,196.629,204.677,209.832,213.416,216.052,218.072,219.670,220.965,161.854,191.095,203.362,210.111,214.381,217.326,219.479,221.123,222.419,223.467,176.236,200.777,210.571,215.839,219.130,221.380,223.017,224.260,225.237,226.025,193.403,211.485,218.305,221.886,224.092,225.588,226.669,227.487,228.127,228.642
450.000E-3,155.061,192.234,208.944,218.442,224.567,228.846,232.003,234.430,236.352,237.913,165.851,200.312,215.236,223.568,228.885,232.573,235.281,237.354,238.992,240.319,178.243,209.094,221.916,228.938,233.371,236.423,238.652,240.353,241.692,242.774,192.621,218.677,229.020,234.572,238.035,240.401,242.121,243.427,244.453,245.280,209.505,229.174,236.592,240.487,242.887,244.515,245.691,246.580,247.277,247.837
455.000E-3,172.438,211.499,228.786,238.536,244.797,249.157,252.368,254.831,256.780,258.361,183.459,219.590,235.033,243.602,249.051,252.821,255.585,257.698,259.366,260.716,195.976,228.321,241.629,248.886,253.454,256.594,258.885,260.631,262.005,263.115,210.313,237.770,248.604,254.402,258.014,260.480,262.271,263.630,264.697,265.557,226.900,248.031,255.991,260.168,262.741,264.485,265.745,266.699,267.445,268.045
460.000E-3,191.262,232.041,249.804,259.748,266.104,270.518,273.762,276.246,278.209,279.801,202.466,240.102,255.974,264.727,270.273,274.101,276.903,279.042,280.729,282.094,215.055,248.740,262.456,269.900,274.573,277.780,280.117,281.896,283.295,284.425,229.304,258.019,269.272,275.277,279.011,281.558,283.406,284.808,285.908,286.794,245.563,268.014,276.449,280.872,283.594,285.439,286.772,287.780,288.569,289.203
465.000E-3,211.528,253.806,271.931,282.002,288.411,292.848,296.103,298.591,300.556,302.147,222.856,261.792,277.991,286.868,292.473,296.333,299.153,301.304,302.998,304.367,235.458,270.293,284.325,291.904,296.650,299.900,302.266,304.065,305.480,306.621,249.562,279.362,290.953,297.119,300.947,303.554,305.444,306.878,308.002,308.907,265.454,289.057,297.896,302.523,305.370,307.297,308.690,309.742,310.566,311.228
470.000E-3,233.202,276.714,295.073,305.198,311.614,316.044,319.286,321.762,323.714,325.293,244.587,284.576,300.987,309.926,315.548,319.412,322.230,324.377,326.066,327.431,257.133,292.895,307.143,314.801,319.583,322.852,325.229,327.035,328.453,329.597,271.030,301.713,313.553,319.831,323.720,326.367,328.283,329.736,330.875,331.791,286.507,311.075,320.236,325.024,327.966,329.958,331.395,332.482,333.332,334.015
475.000E-3,256.217,300.655,319.108,329.212,335.588,339.978,343.185,345.630,347.556,349.112,267.585,308.344,324.844,333.776,339.375,343.214,346.009,348.136,349.808,351.158,280.003,316.435,330.789,338.467,343.248,346.511,348.880,350.679,352.090,353.228,293.623,324.960,336.954,343.291,347.210,349.872,351.799,353.258,354.402,355.322,308.630,333.954,343.352,348.254,351.263,353.298,354.767,355.876,356.744,357.441
480.000E-3,280.473,325.490,343.893,353.898,360.186,364.504,367.652,370.049,371.935,373.457,291.745,332.959,349.418,358.274,363.807,367.592,370.344,372.435,374.078,375.403,303.955,340.777,355.123,362.760,367.502,370.733,373.076,374.853,376.247,377.369,317.228,348.969,361.016,367.358,371.272,373.928,375.848,377.302,378.440,379.356,331.707,357.563,367.107,372.074,375.119,377.177,378.662,379.782,380.659,381.363
485.000E-3,305.831,351.054,369.258,379.087,385.240,389.454,392.521,394.853,396.687,398.166,316.925,358.257,374.543,383.255,388.680,392.383,395.071,397.112,398.714,400.004,328.849,365.760,379.981,387.516,392.182,395.356,397.654,399.396,400.761,401.860,341.702,373.582,385.578,391.871,395.747,398.373,400.271,401.706,402.830,403.733,355.595,381.745,391.342,396.325,399.376,401.437,402.922,404.043,404.919,405.623
490.000E-3,332.121,377.157,395.015,404.593,410.567,414.648,417.614,419.866,421.635,423.060,342.953,384.052,400.034,408.536,413.813,417.407,420.013,421.989,423.539,424.787,354.513,391.202,405.183,412.555,417.110,420.202,422.439,424.133,425.460,426.527,366.876,398.621,410.464,416.654,420.459,423.035,424.894,426.299,427.398,428.282,380.128,406.326,415.885,420.835,423.862,425.905,427.376,428.486,429.354,430.050
495.000E-3,359.136,403.590,420.961,430.220,435.973,439.895,442.740,444.898,446.591,447.955,369.628,410.139,425.694,433.922,439.014,442.476,444.982,446.880,448.368,449.565,380.749,416.903,430.533,437.689,442.097,445.086,447.246,448.880,450.159,451.187,392.556,423.893,435.483,441.520,445.224,447.727,449.533,450.897,451.964,452.821,405.116,431.119,440.548,445.419,448.394,450.400,451.844,452.932,453.783,454.466
500.000E-3,386.647,430.130,446.884,455.760,461.257,464.996,467.705,469.756,471.365,472.660,396.723,436.302,451.313,459.212,464.086,467.394,469.785,471.595,473.012,474.152,407.337,442.654,455.830,462.717,466.950,469.816,471.884,473.447,474.670,475.654,418.531,449.192,460.438,466.275,469.849,472.262,474.002,475.314,476.340,477.165,430.355,455.924,465.139,469.888,472.784,474.735,476.138,477.196,478.022,478.685
505.000E-3,414.399,456.545,472.567,481.007,486.217,489.754,492.312,494.248,495.765,496.985,423.994,462.317,476.681,484.203,488.831,491.966,494.230,495.942,497.282,498.359,434.041,468.237,480.867,487.441,491.473,494.198,496.163,497.647,498.808,499.740,444.573,474.308,485.126,490.723,494.143,496.450,498.111,499.364,500.343,501.129,455.628,480.539,489.461,494.048,496.842,498.722,500.074,501.092,501.888,502.526
510.000E-3,442.128,482.604,497.796,505.757,510.656,513.976,516.374,518.187,519.606,520.746,451.184,487.960,501.590,508.694,513.054,516.003,518.130,519.737,520.993,522.003,460.616,493.435,505.441,511.666,515.475,518.046,519.898,521.296,522.389,523.266,470.450,499.034,509.351,514.672,517.918,520.105,521.678,522.865,523.791,524.535,480.711,504.760,513.322,517.713,520.384,522.180,523.471,524.443,525.201,525.810
515.000E-3,469.563,508.083,522.367,529.815,534.387,537.479,539.709,541.394,542.712,543.771,478.036,513.014,525.840,532.497,536.572,539.324,541.307,542.804,543.974,544.914,486.819,518.040,529.358,535.205,538.775,541.182,542.914,544.221,545.242,546.061,495.929,523.166,532.924,537.940,540.996,543.053,544.531,545.645,546.515,547.213,505.385,528.393,536.537,540.704,543.235,544.936,546.157,547.077,547.794,548.370
520.000E-3,496.441,532.769,546.090,553.004,557.237,560.095,562.154,563.709,564.924,565.900,504.300,537.274,549.246,555.435,559.215,561.764,563.599,564.983,566.065,566.933,512.410,541.855,552.438,557.886,561.207,563.443,565.051,566.263,567.209,567.969,520.784,546.515,555.667,560.360,563.213,565.132,566.510,567.549,568.359,569.009,529.435,551.254,558.934,562.854,565.233,566.831,567.977,568.840,569.513,570.052
525.000E-3,522.511,556.471,568.795,575.163,579.053,581.676,583.564,584.988,586.100,586.993,529.738,560.557,571.643,577.352,580.832,583.176,584.862,586.133,587.125,587.921,537.166,564.702,574.519,579.557,582.622,584.684,586.166,587.282,588.153,588.852,544.805,568.908,577.424,581.779,584.423,586.200,587.475,588.436,589.185,589.785,552.662,573.177,580.359,584.018,586.235,587.723,588.790,589.594,590.220,590.722
530.000E-3,547.547,579.021,590.332,596.155,599.705,602.094,603.813,605.109,606.120,606.932,554.137,582.699,592.886,598.114,601.295,603.435,604.973,606.131,607.036,607.761,560.887,586.424,595.461,600.085,602.894,604.782,606.137,607.158,607.954,608.592,567.802,590.196,598.059,602.069,604.501,606.134,607.305,608.187,608.875,609.426,574.889,594.016,600.678,604.066,606.117,607.492,608.478,609.220,609.798,610.261
535.000E-3,571.349,600.277,610.582,615.869,619.085,621.247,622.801,623.972,624.886,625.618,577.310,603.566,612.857,617.611,620.498,622.439,623.832,624.881,625.699,626.356,583.396,606.890,615.148,619.362,621.918,623.634,624.866,625.793,626.515,627.095,589.611,610.251,617.457,621.124,623.345,624.834,625.903,626.707,627.333,627.835,595.958,613.649,619.782,622.895,624.778,626.039,626.943,627.623,628.153,628.578
540.000E-3,593.753,620.129,629.450,634.216,637.111,639.055,640.452,641.503,642.323,642.980,599.103,623.050,631.464,635.757,638.361,640.109,641.363,642.307,643.043,643.633,604.550,625.999,633.491,637.305,639.615,641.165,642.276,643.113,643.764,644.287,610.095,628.975,635.531,638.860,640.875,642.225,643.193,643.920,644.488,644.942,615.743,631.979,637.583,640.423,642.139,643.288,644.111,644.730,645.212,645.599
545.000E-3,614.628,638.495,646.869,651.138,653.727,655.464,656.711,657.649,658.381,658.967,619.394,641.074,648.642,652.494,654.826,656.391,657.513,658.357,659.015,659.543,624.235,643.673,650.425,653.854,655.929,657.320,658.317,659.067,659.651,660.119,629.151,646.294,652.218,655.221,657.036,658.252,659.123,659.778,660.288,660.696,634.144,648.935,654.020,656.593,658.146,659.186,659.930,660.490,660.926,661.275
550.000E-3,633.882,655.324,662.797,666.598,668.900,670.443,671.550,672.382,673.031,673.551,638.099,657.587,664.351,667.785,669.863,671.255,672.253,673.003,673.588,674.057,642.372,659.866,665.911,668.976,670.828,672.068,672.957,673.625,674.146,674.563,646.702,662.160,667.479,670.171,671.796,672.884,673.663,674.249,674.705,675.070,651.090,664.471,669.054,671.370,672.767,673.701,674.370,674.873,675.265,675.578
555.000E-3,651.458,670.590,677.220,680.584,682.618,683.982,684.959,685.693,686.266,686.724,655.164,672.566,678.574,681.618,683.458,684.690,685.573,686.236,686.753,687.168,658.913,674.554,679.933,682.656,684.300,685.400,686.188,686.780,687.242,687.611,662.704,676.553,681.298,683.696,685.143,686.111,686.804,687.325,687.731,688.056,666.539,678.563,682.669,684.740,685.989,686.824,687.422,687.871,688.220,688.500
560.000E-3,667.331,684.294,690.141,693.103,694.892,696.090,696.948,697.593,698.096,698.498,670.569,686.011,691.317,694.001,695.622,696.706,697.483,698.067,698.521,698.886,673.839,687.736,692.497,694.902,696.353,697.324,698.019,698.541,698.948,699.274,677.140,689.470,693.680,695.805,697.086,697.942,698.555,699.016,699.375,699.662,680.473,691.212,694.868,696.710,697.820,698.562,699.093,699.492,699.802,700.051
565.000E-3,681.507,696.457,701.588,704.181,705.747,706.794,707.544,708.108,708.547,708.898,684.321,697.943,702.604,704.959,706.379,707.329,708.009,708.520,708.918,709.237,687.157,699.434,703.624,705.738,707.013,707.865,708.475,708.933,709.290,709.576,690.017,700.931,704.647,706.519,707.647,708.401,708.941,709.346,709.662,709.915,692.901,702.435,705.672,707.302,708.283,708.939,709.408,709.760,710.034,710.254
570.000E-3,694.016,707.120,711.599,713.860,715.223,716.135,716.787,717.278,717.659,717.965,696.449,708.400,712.476,714.531,715.770,716.598,717.191,717.636,717.983,718.261,698.898,709.684,713.354,715.203,716.318,717.062,717.595,717.995,718.307,718.556,701.364,710.973,714.235,715.877,716.866,717.527,718.000,718.355,718.631,718.852,703.848,712.267,715.118,716.552,717.415,717.992,718.405,718.714,718.955,719.148
575.000E-3,704.910,716.337,720.229,722.191,723.373,724.163,724.729,725.153,725.484,725.749,707.004,717.436,720.983,722.769,723.845,724.564,725.079,725.465,725.766,726.007,709.109,718.539,721.738,723.348,724.318,724.966,725.429,725.777,726.048,726.265,711.227,719.644,722.495,723.928,724.791,725.368,725.780,726.090,726.331,726.523,713.357,720.753,723.253,724.509,725.265,725.770,726.131,726.402,726.613,726.782
580.000E-3,714.256,724.173,727.541,729.236,730.257,730.939,731.428,731.794,732.079,732.308,716.050,725.115,728.188,729.734,730.665,731.287,731.731,732.065,732.325,732.534,717.853,726.059,728.836,730.232,731.073,731.634,732.035,732.337,732.572,732.759,719.665,727.005,729.485,730.731,731.481,731.982,732.340,732.609,732.818,732.985,721.486,727.953,730.135,731.231,731.890,732.330,732.644,732.880,733.064,733.211
585.000E-3,722.132,730.703,733.605,735.065,735.943,736.530,736.950,737.265,737.510,737.707,723.665,731.507,734.159,735.493,736.295,736.831,737.214,737.501,737.725,737.905,725.204,732.314,734.715,735.921,736.647,737.131,737.478,737.738,737.940,738.102,726.749,733.122,735.271,736.350,736.999,737.432,737.742,737.975,738.156,738.300,728.301,733.931,735.827,736.779,737.351,737.733,738.006,738.211,738.371,738.498
590.000E-3,728.627,736.004,738.496,739.748,740.502,741.005,741.365,741.635,741.845,742.014,729.932,736.690,738.971,740.116,740.806,741.266,741.595,741.842,742.034,742.188,731.242,737.378,739.446,740.485,741.109,741.526,741.824,742.048,742.222,742.362,732.557,738.067,739.922,740.854,741.413,741.787,742.054,742.255,742.411,742.536,733.876,738.757,740.399,741.223,741.718,742.048,742.284,742.461,742.599,742.710
595.000E-3,733.831,740.158,742.291,743.362,744.006,744.437,744.744,744.975,745.154,745.298,734.940,740.743,742.698,743.679,744.269,744.663,744.944,745.156,745.320,745.452,736.053,741.329,743.105,743.996,744.532,744.889,745.145,745.337,745.486,745.605,737.169,741.917,743.513,744.314,744.795,745.116,745.346,745.518,745.652,745.759,738.288,742.505,743.921,744.631,745.058,745.343,745.546,745.699,745.818,745.913
600.000E-3,737.839,743.247,745.068,745.981,746.530,746.897,747.159,747.356,747.509,747.631,738.780,743.746,745.417,746.254,746.758,747.094,747.335,747.515,747.655,747.767,739.724,744.246,745.766,746.528,746.986,747.292,747.510,747.674,747.802,747.904,740.669,744.746,746.115,746.802,747.214,747.489,747.686,747.834,747.948,748.040,741.617,745.247,746.465,747.075,747.442,747.687,747.862,747.993,748.095,748.177
605.000E-3,740.745,745.353,746.902,747.679,748.146,748.458,748.680,748.848,748.978,749.082,741.542,745.779,747.202,747.916,748.344,748.631,748.835,748.989,749.108,749.204,742.341,746.205,747.502,748.152,748.543,748.803,748.990,749.130,749.238,749.325,743.141,746.631,747.802,748.389,748.741,748.976,749.145,749.271,749.369,749.447,743.943,747.058,748.102,748.625,748.940,749.149,749.299,749.412,749.499,749.569
610.000E-3,742.638,746.555,747.869,748.528,748.924,749.189,749.377,749.519,749.629,749.718,743.313,746.918,748.127,748.734,749.098,749.341,749.514,749.645,749.746,749.827,743.989,747.282,748.386,748.939,749.271,749.493,749.652,749.770,749.863,749.937,744.666,747.646,748.644,749.144,749.445,749.645,749.789,749.896,749.980,750.047,745.344,748.010,748.903,749.350,749.618,749.798,749.926,750.022,750.096,750.156
615.000E-3,743.606,746.926,748.040,748.598,748.933,749.156,749.316,749.436,749.529,749.604,744.178,747.237,748.263,748.777,749.085,749.291,749.438,749.549,749.635,749.703,744.750,747.549,748.486,748.956,749.238,749.426,749.561,749.661,749.740,749.803,745.323,747.860,748.710,749.135,749.391,749.561,749.683,749.774,749.845,749.902,745.897,748.172,748.933,749.314,749.543,749.696,749.805,749.887,749.951,750.001
620.000E-3,743.733,746.541,747.481,747.953,748.236,748.425,748.560,748.661,748.739,748.803,744.217,746.808,747.675,748.110,748.371,748.545,748.669,748.763,748.835,748.893,744.702,747.075,747.869,748.267,748.506,748.665,748.779,748.865,748.931,748.984,745.187,747.342,748.063,748.424,748.641,748.786,748.889,748.966,749.027,749.075,745.672,747.609,748.257,748.581,748.776,748.906,748.999,749.068,749.122,749.166
625.000E-3,743.094,745.464,746.258,746.655,746.894,747.053,747.167,747.252,747.318,747.371,743.505,745.694,746.427,746.794,747.014,747.161,747.266,747.345,747.406,747.455,743.916,745.925,746.596,746.933,747.135,747.269,747.366,747.438,747.494,747.539,744.328,746.155,746.766,747.071,747.255,747.378,747.465,747.531,747.582,747.623,744.740,746.385,746.935,747.210,747.375,747.486,747.564,747.624,747.669,747.706
630.000E-3,741.763,743.760,744.428,744.762,744.963,745.097,745.193,745.264,745.320,745.365,742.113,743.959,744.577,744.886,745.071,745.195,745.284,745.350,745.402,745.443,742.462,744.158,744.725,745.009,745.180,745.293,745.375,745.435,745.483,745.521,742.812,744.358,744.874,745.133,745.288,745.391,745.465,745.521,745.564,745.599,743.162,744.557,745.023,745.256,745.396,745.490,745.556,745.606,745.645,745.676
635.000E-3,739.806,741.485,742.046,742.327,742.496,742.608,742.689,742.749,742.796,742.834,740.104,741.659,742.178,742.438,742.594,742.698,742.773,742.829,742.872,742.907,740.402,741.832,742.310,742.549,742.693,742.788,742.857,742.908,742.948,742.980,740.701,742.006,742.442,742.660,742.791,742.878,742.940,742.987,743.024,743.053,740.999,742.179,742.573,742.770,742.889,742.968,743.024,743.066,743.099,743.126
640.000E-3,737.282,738.692,739.163,739.399,739.541,739.635,739.702,739.753,739.792,739.824,737.538,738.844,739.281,739.500,739.631,739.718,739.781,739.827,739.864,739.893,737.793,738.997,739.399,739.600,739.721,739.801,739.859,739.902,739.935,739.962,738.049,739.149,739.516,739.700,739.810,739.884,739.937,739.976,740.007,740.031,738.304,739.301,739.634,739.800,739.900,739.967,740.014,740.050,740.078,740.100
645.000E-3,734.248,735.430,735.825,736.022,736.141,736.220,736.276,736.319,736.352,736.378,734.468,735.565,735.931,736.114,736.224,736.297,736.350,736.389,736.420,736.444,734.688,735.699,736.037,736.206,736.307,736.375,736.423,736.459,736.488,736.510,734.908,735.834,736.143,736.297,736.390,736.452,736.496,736.529,736.555,736.576,735.128,735.968,736.248,736.389,736.473,736.529,736.569,736.599,736.623,736.642
650.000E-3,730.752,731.741,732.072,732.237,732.336,732.403,732.450,732.485,732.513,732.535,730.942,731.861,732.168,732.322,732.414,732.476,732.519,732.552,732.578,732.598,731.133,731.981,732.265,732.407,732.492,732.548,732.589,732.619,732.643,732.662,731.323,732.101,732.361,732.491,732.569,732.621,732.658,732.686,732.708,732.725,731.514,732.221,732.457,732.575,732.646,732.694,732.727,732.753,732.772,732.788
655.000E-3,726.838,727.666,727.942,728.080,728.163,728.219,728.258,728.288,728.311,728.329,727.005,727.774,728.031,728.159,728.237,728.288,728.325,728.352,728.374,728.391,727.171,727.882,728.120,728.238,728.310,728.357,728.391,728.417,728.436,728.452,727.337,727.990,728.208,728.317,728.382,728.426,728.457,728.481,728.499,728.513,727.503,728.098,728.296,728.396,728.455,728.495,728.523,728.545,728.561,728.574
660.000E-3,722.547,723.238,723.469,723.584,723.654,723.700,723.733,723.758,723.777,723.792,722.693,723.337,723.551,723.659,723.723,723.766,723.797,723.820,723.838,723.852,722.839,723.435,723.634,723.733,723.793,723.833,723.861,723.882,723.899,723.912,722.985,723.533,723.716,723.807,723.862,723.899,723.925,723.944,723.960,723.972,723.131,723.631,723.798,723.881,723.931,723.964,723.988,724.006,724.020,724.031
665.000E-3,717.913,718.490,718.682,718.778,718.836,718.875,718.902,718.923,718.939,718.952,718.043,718.580,718.760,718.849,718.903,718.939,718.965,718.984,718.999,719.011,718.172,718.671,718.837,718.920,718.970,719.003,719.027,719.044,719.058,719.069,718.302,718.761,718.914,718.990,719.036,719.067,719.088,719.105,719.118,719.128,718.431,718.850,718.990,719.060,719.102,719.130,719.150,719.165,719.177,719.186
670.000E-3,712.966,713.447,713.607,713.688,713.736,713.768,713.791,713.808,713.822,713.832,713.083,713.531,713.681,713.756,713.801,713.831,713.852,713.868,713.881,713.891,713.199,713.615,713.754,713.823,713.865,713.893,713.913,713.928,713.939,713.948,713.315,713.699,713.827,713.891,713.929,713.955,713.973,713.987,713.997,714.006,713.431,713.782,713.899,713.958,713.993,714.016,714.033,714.046,714.055,714.063
675.000E-3,707.734,708.134,708.268,708.335,708.375,708.402,708.421,708.435,708.446,708.455,707.840,708.214,708.338,708.401,708.438,708.463,708.481,708.494,708.505,708.513,707.945,708.292,708.408,708.466,708.501,708.524,708.541,708.553,708.563,708.570,708.050,708.371,708.478,708.531,708.563,708.585,708.600,708.611,708.620,708.627,708.155,708.449,708.547,708.596,708.625,708.645,708.659,708.669,708.678,708.684
680.000E-3,702.238,702.571,702.683,702.738,702.772,702.794,702.810,702.822,702.831,702.838,702.335,702.647,702.751,702.803,702.834,702.855,702.870,702.881,702.889,702.896,702.432,702.722,702.818,702.867,702.896,702.915,702.929,702.939,702.947,702.954,702.528,702.796,702.885,702.930,702.957,702.975,702.987,702.997,703.004,703.010,702.624,702.870,702.952,702.993,703.017,703.034,703.046,703.054,703.061,703.067
685.000E-3,696.498,696.775,696.868,696.914,696.942,696.960,696.974,696.984,696.991,696.997,696.589,696.848,696.935,696.978,697.004,697.021,697.033,697.043,697.050,697.056,696.679,696.920,697.000,697.041,697.065,697.081,697.092,697.101,697.108,697.113,696.768,696.991,697.066,697.103,697.125,697.140,697.151,697.159,697.165,697.170,696.856,697.062,697.130,697.164,697.185,697.199,697.208,697.216,697.222,697.226
690.000E-3,690.530,690.760,690.837,690.875,690.898,690.914,690.925,690.933,690.939,690.945,690.615,690.831,690.903,690.939,690.960,690.975,690.985,690.993,690.999,691.003,690.700,690.900,690.967,691.001,691.021,691.035,691.044,691.051,691.057,691.061,690.783,690.969,691.031,691.062,691.081,691.094,691.102,691.109,691.114,691.118,690.866,691.038,691.095,691.123,691.140,691.152,691.160,691.166,691.171,691.175
695.000E-3,684.345,684.536,684.600,684.632,684.651,684.664,684.673,684.680,684.685,684.689,684.426,684.606,684.665,684.695,684.713,684.725,684.734,684.740,684.745,684.749,684.507,684.674,684.730,684.758,684.774,684.785,684.793,684.799,684.804,684.808,684.586,684.741,684.793,684.819,684.834,684.845,684.852,684.858,684.862,684.865,684.665,684.808,684.856,684.879,684.894,684.903,684.910,684.915,684.919,684.922
700.000E-3,677.952,678.111,678.164,678.190,678.206,678.217,678.224,678.230,678.234,678.238,678.031,678.180,678.230,678.255,678.269,678.279,678.286,678.292,678.296,678.299,678.109,678.248,678.294,678.317,678.331,678.340,678.347,678.352,678.356,678.359,678.185,678.314,678.357,678.379,678.392,678.400,678.406,678.411,678.415,678.418,678.261,678.380,678.419,678.439,678.451,678.459,678.465,678.469,678.472,678.475
705.000E-3,671.357,671.489,671.533,671.555,671.568,671.577,671.583,671.588,671.591,671.594,671.435,671.558,671.600,671.620,671.633,671.641,671.647,671.651,671.655,671.657,671.511,671.626,671.665,671.684,671.696,671.703,671.709,671.713,671.716,671.719,671.585,671.693,671.728,671.746,671.757,671.764,671.769,671.773,671.776,671.778,671.658,671.758,671.791,671.807,671.817,671.824,671.828,671.832,671.835,671.837
710.000E-3,664.562,664.671,664.708,664.726,664.737,664.744,664.749,664.753,664.756,664.759,664.640,664.742,664.776,664.793,664.804,664.810,664.815,664.819,664.822,664.824,664.715,664.811,664.843,664.859,664.868,664.875,664.879,664.883,664.885,664.887,664.788,664.877,664.907,664.922,664.931,664.937,664.941,664.944,664.947,664.949,664.860,664.943,664.970,664.984,664.992,664.998,665.001,665.004,665.007,665.009
715.000E-3,657.565,657.656,657.686,657.701,657.710,657.716,657.720,657.724,657.726,657.728,657.644,657.729,657.757,657.771,657.780,657.786,657.790,657.793,657.795,657.797,657.719,657.799,657.825,657.839,657.847,657.852,657.856,657.859,657.861,657.863,657.793,657.867,657.891,657.904,657.911,657.916,657.920,657.922,657.924,657.926,657.864,657.933,657.955,657.967,657.974,657.978,657.982,657.984,657.986,657.987
720.000E-3,650.362,650.437,650.462,650.474,650.482,650.487,650.490,650.493,650.495,650.497,650.443,650.513,650.537,650.548,650.555,650.560,650.563,650.566,650.568,650.569,650.520,650.585,650.607,650.618,650.625,650.629,650.633,650.635,650.637,650.638,650.594,650.655,650.676,650.686,650.692,650.696,650.699,650.701,650.703,650.704,650.665,650.722,650.741,650.751,650.756,650.760,650.763,650.765,650.767,650.768
725.000E-3,642.943,643.005,643.026,643.036,643.042,643.047,643.049,643.052,643.053,643.055,643.027,643.086,643.105,643.115,643.121,643.124,643.127,643.129,643.131,643.132,643.107,643.161,643.179,643.189,643.194,643.198,643.200,643.202,643.204,643.205,643.182,643.233,643.250,643.259,643.264,643.267,643.270,643.272,643.273,643.274,643.255,643.303,643.318,643.326,643.331,643.334,643.336,643.338,643.339,643.340
730.000E-3,635.296,635.347,635.364,635.373,635.378,635.381,635.384,635.386,635.387,635.388,635.385,635.433,635.449,635.457,635.462,635.465,635.467,635.469,635.470,635.471,635.468,635.513,635.528,635.536,635.540,635.543,635.545,635.547,635.548,635.549,635.546,635.588,635.603,635.610,635.614,635.617,635.619,635.620,635.621,635.622,635.621,635.660,635.674,635.680,635.684,635.687,635.689,635.690,635.691,635.692
735.000E-3,627.403,627.445,627.459,627.466,627.470,627.473,627.475,627.477,627.478,627.479,627.498,627.538,627.551,627.558,627.562,627.564,627.566,627.568,627.569,627.570,627.586,627.623,627.636,627.642,627.646,627.648,627.650,627.651,627.652,627.653,627.668,627.703,627.715,627.721,627.724,627.727,627.728,627.730,627.731,627.731,627.746,627.779,627.790,627.795,627.798,627.801,627.802,627.803,627.804,627.805
740.000E-3,619.241,619.276,619.288,619.293,619.297,619.299,619.301,619.302,619.303,619.304,619.345,619.378,619.389,619.394,619.397,619.400,619.401,619.402,619.403,619.404,619.439,619.470,619.481,619.486,619.489,619.491,619.492,619.494,619.494,619.495,619.527,619.556,619.566,619.571,619.573,619.575,619.577,619.578,619.579,619.579,619.609,619.636,619.645,619.650,619.653,619.654,619.656,619.657,619.657,619.658
745.000E-3,610.784,610.813,610.823,610.827,610.830,610.832,610.834,610.835,610.835,610.836,610.899,610.926,610.935,610.939,610.942,610.944,610.945,610.946,610.947,610.948,611.002,611.027,611.036,611.040,611.043,611.045,611.046,611.047,611.047,611.048,611.096,611.120,611.128,611.132,611.135,611.136,611.138,611.138,611.139,611.140,611.184,611.207,611.214,611.218,611.220,611.222,611.223,611.223,611.224,611.225
750.000E-3,602.000,602.023,602.031,602.035,602.038,602.039,602.040,602.041,602.042,602.042,602.128,602.150,602.158,602.162,602.164,602.165,602.166,602.167,602.168,602.168,602.242,602.263,602.270,602.274,602.276,602.277,602.278,602.279,602.280,602.280,602.345,602.365,602.372,602.375,602.377,602.378,602.379,602.380,602.381,602.381,602.440,602.459,602.465,602.468,602.470,602.471,602.472,602.473,602.473,602.474
755.000E-3,592.850,592.869,592.876,592.879,592.881,592.882,592.883,592.884,592.885,592.885,592.995,593.014,593.020,593.023,593.025,593.026,593.027,593.028,593.028,593.029,593.123,593.141,593.146,593.149,593.151,593.152,593.153,593.154,593.154,593.155,593.237,593.254,593.259,593.262,593.264,593.265,593.266,593.266,593.267,593.267,593.341,593.357,593.362,593.364,593.366,593.367,593.368,593.368,593.368,593.369
760.000E-3,583.292,583.308,583.313,583.316,583.318,583.319,583.320,583.320,583.321,583.321,583.459,583.475,583.480,583.482,583.484,583.485,583.485,583.486,583.486,583.487,583.604,583.619,583.623,583.626,583.627,583.628,583.629,583.629,583.630,583.630,583.732,583.746,583.750,583.752,583.754,583.755,583.755,583.756,583.756,583.756,583.847,583.860,583.864,583.866,583.867,583.868,583.869,583.869,583.869,583.870
765.000E-3,573.279,573.292,573.297,573.299,573.300,573.301,573.302,573.302,573.302,573.303,573.473,573.486,573.490,573.492,573.493,573.494,573.495,573.495,573.496,573.496,573.639,573.651,573.655,573.657,573.658,573.659,573.660,573.660,573.660,573.661,573.784,573.795,573.799,573.801,573.802,573.803,573.803,573.804,573.804,573.804,573.912,573.923,573.926,573.928,573.929,573.930,573.930,573.931,573.931,573.931
770.000E-3,562.759,562.770,562.774,562.776,562.777,562.778,562.778,562.778,562.779,562.779,562.987,562.998,563.001,563.003,563.004,563.005,563.005,563.006,563.006,563.006,563.180,563.189,563.193,563.194,563.195,563.196,563.196,563.197,563.197,563.197,563.345,563.354,563.357,563.359,563.360,563.360,563.361,563.361,563.361,563.362,563.490,563.498,563.501,563.503,563.504,563.504,563.504,563.505,563.505,563.505
775.000E-3,551.681,551.690,551.692,551.694,551.695,551.695,551.696,551.696,551.696,551.697,551.950,551.959,551.962,551.963,551.964,551.964,551.965,551.965,551.965,551.966,552.174,552.183,552.185,552.187,552.187,552.188,552.188,552.189,552.189,552.189,552.365,552.372,552.375,552.376,552.377,552.377,552.378,552.378,552.378,552.378,552.529,552.536,552.539,552.540,552.541,552.541,552.541,552.542,552.542,552.542
780.000E-3,539.989,539.996,539.999,540.000,540.001,540.001,540.001,540.002,540.002,540.002,540.310,540.317,540.319,540.320,540.321,540.322,540.322,540.322,540.322,540.323,540.573,540.580,540.582,540.583,540.584,540.584,540.584,540.585,540.585,540.585,540.794,540.800,540.802,540.803,540.804,540.804,540.804,540.804,540.805,540.805,540.982,540.988,540.989,540.990,540.991,540.991,540.992,540.992,540.992,540.992
785.000E-3,527.633,527.639,527.641,527.642,527.642,527.643,527.643,527.643,527.643,527.644,528.017,528.023,528.025,528.026,528.026,528.027,528.027,528.027,528.027,528.028,528.328,528.333,528.335,528.336,528.336,528.337,528.337,528.337,528.337,528.337,528.584,528.589,528.591,528.592,528.592,528.593,528.593,528.593,528.593,528.593,528.800,528.805,528.806,528.807,528.808,528.808,528.808,528.808,528.809,528.809
790.000E-3,514.564,514.569,514.571,514.571,514.572,514.572,514.573,514.573,514.573,514.573,515.027,515.032,515.033,515.034,515.034,515.035,515.035,515.035,515.035,515.035,515.395,515.399,515.401,515.402,515.402,515.402,515.403,515.403,515.403,515.403,515.694,515.699,515.700,515.701,515.701,515.701,515.702,515.702,515.702,515.702,515.943,515.947,515.948,515.949,515.949,515.950,515.950,515.950,515.950,515.950
795.000E-3,500.738,500.742,500.744,500.744,500.745,500.745,500.745,500.745,500.746,500.746,501.300,501.304,501.305,501.306,501.306,501.306,501.306,501.306,501.307,501.307,501.739,501.742,501.743,501.744,501.744,501.745,501.745,501.745,501.745,501.745,502.090,502.093,502.094,502.095,502.095,502.095,502.096,502.096,502.096,502.096,502.377,502.380,502.381,502.382,502.382,502.382,502.382,502.383,502.383,502.383
800.000E-3,486.113,486.116,486.118,486.118,486.118,486.119,486.119,486.119,486.119,486.119,486.802,486.805,486.806,486.806,486.807,486.807,486.807,486.807,486.807,486.807,487.329,487.332,487.333,487.334,487.334,487.334,487.334,487.335,487.335,487.335,487.744,487.747,487.748,487.748,487.749,487.749,487.749,487.749,487.749,487.749,488.078,488.080,488.081,488.082,488.082,488.082,488.082,488.082,488.082,488.082
805.000E-3,470.641,470.644,470.645,470.645,470.645,470.646,470.646,470.646,470.646,470.646,471.501,471.503,471.504,471.504,471.505,471.505,471.505,471.505,471.505,471.505,472.145,472.148,472.148,472.149,472.149,472.149,472.149,472.149,472.149,472.149,472.641,472.644,472.644,472.645,472.645,472.645,472.645,472.645,472.645,472.645,473.033,473.035,473.035,473.036,473.036,473.036,473.036,473.036,473.036,473.036
810.000E-3,454.257,454.259,454.260,454.260,454.260,454.260,454.260,454.260,454.261,454.261,455.359,455.361,455.362,455.362,455.362,455.362,455.362,455.363,455.363,455.363,456.166,456.168,456.168,456.169,456.169,456.169,456.169,456.169,456.169,456.169,456.772,456.774,456.774,456.775,456.775,456.775,456.775,456.775,456.775,456.775,457.239,457.241,457.242,457.242,457.242,457.242,457.242,457.242,457.242,457.242
815.000E-3,436.848,436.850,436.851,436.851,436.851,436.851,436.851,436.852,436.852,436.852,438.316,438.318,438.318,438.318,438.319,438.319,438.319,438.319,438.319,438.319,439.363,439.365,439.365,439.366,439.366,439.366,439.366,439.366,439.366,439.366,440.129,440.131,440.131,440.132,440.132,440.132,440.132,440.132,440.132,440.132,440.704,440.706,440.706,440.706,440.707,440.707,440.707,440.707,440.707,440.707
820.000E-3,418.210,418.211,418.212,418.212,418.212,418.212,418.212,418.212,418.212,418.212,420.251,420.253,420.253,420.253,420.253,420.254,420.254,420.254,420.254,420.254,421.678,421.679,421.680,421.680,421.680,421.680,421.680,421.680,421.680,421.680,422.694,422.695,422.695,422.695,422.695,422.696,422.696,422.696,422.696,422.696,423.434,423.435,423.435,423.435,423.435,423.436,423.436,423.436,423.436,423.436
825.000E-3,397.975,397.976,397.976,397.977,397.977,397.977,397.977,397.977,397.977,397.977,400.921,400.922,400.922,400.923,400.923,400.923,400.923,400.923,400.923,400.923,402.969,402.970,402.971,402.971,402.971,402.971,402.971,402.971,402.971,402.971,404.399,404.400,404.400,404.400,404.400,404.400,404.400,404.400,404.400,404.400,405.411,405.412,405.412,405.412,405.412,405.412,405.413,405.413,405.413,405.413
830.000E-3,375.636,375.637,375.637,375.637,375.637,375.637,375.637,375.637,375.638,375.638,379.890,379.891,379.892,379.892,379.892,379.892,379.892,379.892,379.892,379.892,382.932,382.933,382.933,382.933,382.933,382.933,382.933,382.933,382.933,382.933,385.062,385.063,385.063,385.064,385.064,385.064,385.064,385.064,385.064,385.064,386.548,386.549,386.549,386.549,386.549,386.549,386.550,386.550,386.550,386.550
835.000E-3,350.839,350.840,350.840,350.841,350.841,350.841,350.841,350.841,350.841,350.841,356.633,356.634,356.634,356.634,356.634,356.634,356.635,356.635,356.635,356.635,361.051,361.051,361.051,361.052,361.052,361.052,361.052,361.052,361.052,361.052,364.288,364.289,364.289,364.289,364.289,364.289,364.289,364.289,364.289,364.289,366.590,366.591,366.591,366.591,366.591,366.591,366.591,366.591,366.591,366.591
840.000E-3,323.871,323.872,323.872,323.872,323.872,323.872,323.872,323.872,323.872,323.872,330.996,330.997,330.997,330.997,330.997,330.997,330.997,330.997,330.997,330.997,336.860,336.860,336.861,336.861,336.861,336.861,336.861,336.861,336.861,336.861,341.501,341.502,341.502,341.502,341.502,341.502,341.502,341.502,341.502,341.502,345.024,345.025,345.025,345.025,345.025,345.025,345.025,345.025,345.025,345.025
845.000E-3,295.701,295.701,295.701,295.701,295.701,295.701,295.701,295.701,295.701,295.701,303.614,303.615,303.615,303.615,303.615,303.615,303.615,303.615,303.615,303.615,310.541,310.542,310.542,310.542,310.542,310.542,310.542,310.542,310.542,310.542,316.445,316.445,316.445,316.446,316.446,316.446,316.446,316.446,316.446,316.446,321.312,321.313,321.313,321.313,321.313,321.313,321.313,321.313,321.313,321.313
850.000E-3,267.500,267.500,267.500,267.500,267.500,267.500,267.500,267.500,267.500,267.500,275.640,275.641,275.641,275.641,275.641,275.641,275.641,275.641,275.641,275.641,283.063,283.063,283.063,283.063,283.063,283.063,283.063,283.063,283.063,283.063,289.726,289.726,289.726,289.726,289.726,289.726,289.726,289.726,289.726,289.726,295.588,295.589,295.589,295.589,295.589,295.589,295.589,295.589,295.589,295.589
855.000E-3,240.238,240.238,240.238,240.238,240.238,240.238,240.238,240.238,240.238,240.238,248.187,248.187,248.188,248.188,248.188,248.188,248.188,248.188,248.188,248.188,255.625,255.625,255.625,255.625,255.625,255.625,255.625,255.625,255.625,255.625,262.522,262.522,262.522,262.522,262.522,262.522,262.522,262.522,262.522,262.523,268.846,268.846,268.846,268.846,268.846,268.846,268.846,268.846,268.846,268.846
860.000E-3,214.560,214.560,214.560,214.560,214.560,214.560,214.560,214.560,214.560,214.560,222.058,222.059,222.059,222.059,222.059,222.059,222.059,222.059,222.059,222.059,229.192,229.192,229.192,229.192,229.192,229.192,229.192,229.192,229.192,229.192,235.943,235.943,235.943,235.943,235.943,235.943,235.943,235.943,235.943,235.943,242.290,242.290,242.290,242.290,242.290,242.290,242.290,242.290,242.290,242.290
865.000E-3,190.825,190.825,190.825,190.825,190.825,190.825,190.825,190.825,190.825,190.825,197.734,197.734,197.734,197.734,197.734,197.734,197.734,197.734,197.734,197.734,204.381,204.381,204.381,204.381,204.381,204.381,204.381,204.381,204.381,204.381,210.754,210.754,210.754,210.754,210.754,210.755,210.755,210.755,210.755,210.755,216.842,216.842,216.842,216.842,216.842,216.842,216.842,216.842,216.842,216.842
870.000E-3,169.185,169.185,169.186,169.186,169.186,169.186,169.186,169.186,169.186,169.186,175.448,175.448,175.448,175.448,175.448,175.448,175.448,175.448,175.448,175.448,181.520,181.520,181.520,181.520,181.520,181.520,181.520,181.520,181.520,181.520,187.394,187.395,187.395,187.395,187.395,187.395,187.395,187.395,187.395,187.395,193.065,193.065,193.065,193.065,193.065,193.065,193.065,193.065,193.065,193.065
875.000E-3,149.654,149.654,149.654,149.654,149.654,149.654,149.654,149.654,149.654,149.654,155.263,155.263,155.263,155.264,155.264,155.264,155.264,155.264,155.264,155.264,160.733,160.733,160.733,160.733,160.733,160.733,160.733,160.733,160.733,160.733,166.060,166.060,166.060,166.060,166.060,166.060,166.060,166.060,166.060,166.060,171.240,171.240,171.240,171.240,171.240,171.240,171.240,171.240,171.240,171.240
880.000E-3,132.157,132.157,132.157,132.157,132.157,132.157,132.157,132.157,132.157,132.157,137.138,137.138,137.138,137.138,137.138,137.138,137.138,137.138,137.138,137.138,142.016,142.016,142.016,142.016,142.016,142.016,142.016,142.016,142.016,142.016,146.790,146.790,146.790,146.790,146.790,146.790,146.790,146.790,146.790,146.790,151.456,151.456,151.456,151.456,151.456,151.456,151.456,151.456,151.456,151.456
885.000E-3,116.571,116.571,116.571,116.571,116.571,116.571,116.571,116.571,116.571,116.571,120.966,120.966,120.966,120.966,120.966,120.966,120.966,120.966,120.966,120.966,125.284,125.284,125.284,125.284,125.284,125.284,125.284,125.284,125.284,125.284,129.525,129.525,129.525,129.525,129.525,129.525,129.525,129.525,129.525,129.525,133.687,133.687,133.687,133.687,133.687,133.687,133.687,133.687,133.687,133.687
890.000E-3,102.747,102.748,102.748,102.748,102.748,102.748,102.748,102.748,102.748,102.748,106.605,106.605,106.605,106.605,106.605,106.605,106.605,106.605,106.605,106.605,110.406,110.406,110.406,110.406,110.406,110.406,110.406,110.406,110.406,110.406,114.149,114.149,114.149,114.149,114.149,114.149,114.149,114.149,114.149,114.149,117.835,117.835,117.835,117.835,117.835,117.835,117.835,117.835,117.835,117.835
895.000E-3,90.5264,90.5264,90.5264,90.5264,90.5264,90.5264,90.5264,90.5264,90.5264,90.5264,93.8999,93.9000,93.9000,93.9000,93.9000,93.9000,93.9000,93.9000,93.9000,93.9000,97.2309,97.2309,97.2309,97.2309,97.2310,97.2310,97.2310,97.2310,97.2310,97.2310,100.519,100.519,100.519,100.519,100.519,100.519,100.519,100.519,100.519,100.519,103.765,103.765,103.765,103.765,103.765,103.765,103.765,103.765,103.765,103.765
900.000E-3,79.7490,79.7491,79.7491,79.7491,79.7491,79.7491,79.7491,79.7491,79.7491,79.7491,82.6906,82.6906,82.6906,82.6906,82.6906,82.6906,82.6906,82.6906,82.6906,82.6906,85.6003,85.6004,85.6004,85.6004,85.6004,85.6004,85.6004,85.6004,85.6004,85.6004,88.4785,88.4785,88.4785,88.4785,88.4785,88.4785,88.4785,88.4785,88.4785,88.4785,91.3252,91.3252,91.3252,91.3252,91.3252,91.3252,91.3252,91.3252,91.3252,91.3252
905.000E-3,70.2627,70.2627,70.2627,70.2627,70.2627,70.2627,70.2627,70.2627,70.2627,70.2627,72.8219,72.8219,72.8220,72.8220,72.8220,72.8220,72.8220,72.8220,72.8220,72.8220,75.3573,75.3574,75.3574,75.3574,75.3574,75.3574,75.3574,75.3574,75.3574,75.3574,77.8693,77.8693,77.8693,77.8693,77.8693,77.8693,77.8693,77.8693,77.8693,77.8693,80.3580,80.3580,80.3580,80.3580,80.3580,80.3580,80.3580,80.3580,80.3580,80.3580
910.000E-3,61.9245,61.9245,61.9245,61.9245,61.9245,61.9245,61.9245,61.9245,61.9245,61.9245,64.1474,64.1474,64.1474,64.1474,64.1474,64.1474,64.1474,64.1474,64.1474,64.1474,66.3525,66.3525,66.3525,66.3525,66.3525,66.3525,66.3525,66.3525,66.3525,66.3525,68.5402,68.5402,68.5402,68.5402,68.5402,68.5402,68.5402,68.5402,68.5402,68.5402,70.7107,70.7107,70.7107,70.7107,70.7107,70.7107,70.7107,70.7107,70.7107,70.7107
915.000E-3,54.6029,54.6029,54.6029,54.6029,54.6029,54.6029,54.6029,54.6029,54.6029,54.6029,56.5314,56.5314,56.5314,56.5314,56.5314,56.5314,56.5314,56.5314,56.5314,56.5314,58.4466,58.4466,58.4466,58.4466,58.4466,58.4466,58.4466,58.4466,58.4466,58.4466,60.3489,60.3489,60.3489,60.3489,60.3489,60.3489,60.3489,60.3489,60.3489,60.3489,62.2387,62.2387,62.2387,62.2387,62.2387,62.2387,62.2387,62.2387,62.2387,62.2387
920.000E-3,48.1787,48.1787,48.1787,48.1787,48.1787,48.1787,48.1787,48.1787,48.1787,48.1787,49.8504,49.8504,49.8504,49.8504,49.8504,49.8504,49.8504,49.8504,49.8504,49.8504,51.5123,51.5123,51.5123,51.5123,51.5123,51.5123,51.5123,51.5123,51.5123,51.5123,53.1647,53.1647,53.1647,53.1647,53.1647,53.1647,53.1647,53.1647,53.1647,53.1647,54.8079,54.8079,54.8079,54.8079,54.8080,54.8080,54.8080,54.8080,54.8080,54.8080
925.000E-3,42.5446,42.5446,42.5446,42.5446,42.5446,42.5446,42.5446,42.5446,42.5446,42.5446,43.9931,43.9931,43.9931,43.9931,43.9931,43.9931,43.9931,43.9931,43.9931,43.9931,45.4343,45.4343,45.4343,45.4343,45.4343,45.4343,45.4343,45.4344,45.4344,45.4344,46.8687,46.8687,46.8687,46.8687,46.8687,46.8687,46.8687,46.8687,46.8687,46.8687,48.2964,48.2964,48.2964,48.2964,48.2964,48.2964,48.2964,48.2964,48.2964,48.2964
930.000E-3,37.6049,37.6049,37.6049,37.6049,37.6049,37.6049,37.6049,37.6049,37.6049,37.6049,38.8598,38.8598,38.8598,38.8598,38.8598,38.8598,38.8598,38.8598,38.8598,38.8598,40.1094,40.1094,40.1094,40.1094,40.1094,40.1094,40.1094,40.1094,40.1094,40.1094,41.3540,41.3540,41.3540,41.3540,41.3540,41.3540,41.3540,41.3540,41.3540,41.3540,42.5939,42.5939,42.5939,42.5939,42.5939,42.5939,42.5939,42.5939,42.5939,42.5939
935.000E-3,33.2745,33.2745,33.2745,33.2745,33.2745,33.2745,33.2745,33.2745,33.2745,33.2745,34.3619,34.3619,34.3619,34.3619,34.3619,34.3619,34.3619,34.3619,34.3619,34.3619,35.4454,35.4454,35.4454,35.4454,35.4454,35.4454,35.4454,35.4454,35.4454,35.4454,36.5254,36.5254,36.5254,36.5254,36.5254,36.5254,36.5254,36.5254,36.5254,36.5254,37.6020,37.6020,37.6020,37.6020,37.6020,37.6020,37.6020,37.6020,37.6020,37.6020
940.000E-3,29.4783,29.4783,29.4783,29.4783,29.4783,29.4783,29.4783,29.4783,29.4783,29.4783,30.4209,30.4209,30.4209,30.4209,30.4209,30.4209,30.4209,30.4209,30.4209,30.4209,31.3607,31.3607,31.3607,31.3607,31.3607,31.3607,31.3607,31.3607,31.3607,31.3607,32.2981,32.2981,32.2981,32.2981,32.2981,32.2981,32.2981,32.2981,32.2981,32.2981,33.2331,33.2331,33.2331,33.2331,33.2331,33.2331,33.2331,33.2331,33.2331,33.2331
945.000E-3,26.1501,26.1501,26.1501,26.1501,26.1501,26.1501,26.1501,26.1501,26.1501,26.1501,26.9677,26.9677,26.9677,26.9677,26.9677,26.9677,26.9677,26.9677,26.9677,26.9677,27.7834,27.7834,27.7834,27.7834,27.7834,27.7834,27.7834,27.7834,27.7834,27.7834,28.5974,28.5974,28.5974,28.5974,28.5974,28.5974,28.5974,28.5974,28.5974,28.5974,29.4098,29.4098,29.4098,29.4098,29.4098,29.4098,29.4098,29.4098,29.4098,29.4098
950.000E-3,23.2316,23.2316,23.2316,23.2316,23.2316,23.2316,23.2316,23.2316,23.2316,23.2316,23.9414,23.9414,23.9414,23.9414,23.9414,23.9414,23.9414,23.9414,23.9414,23.9414,24.6499,24.6499,24.6499,24.6499,24.6499,24.6499,24.6499,24.6499,24.6499,24.6499,25.3573,25.3573,25.3573,25.3573,25.3573,25.3573,25.3573,25.3573,25.3573,25.3573,26.0637,26.0637,26.0637,26.0637,26.0637,26.0637,26.0637,26.0637,26.0637,26.0637
955.000E-3,20.6716,20.6716,20.6716,20.6716,20.6716,20.6716,20.6716,20.6716,20.6716,20.6716,21.2886,21.2886,21.2886,21.2886,21.2886,21.2886,21.2886,21.2886,21.2886,21.2886,21.9047,21.9047,21.9047,21.9047,21.9047,21.9047,21.9047,21.9047,21.9047,21.9047,22.5201,22.5201,22.5201,22.5201,22.5201,22.5201,22.5201,22.5201,22.5201,22.5201,23.1349,23.1349,23.1349,23.1349,23.1349,23.1349,23.1349,23.1349,23.1349,23.1349
960.000E-3,18.4254,18.4254,18.4254,18.4254,18.4254,18.4254,18.4254,18.4254,18.4254,18.4254,18.9624,18.9624,18.9624,18.9624,18.9624,18.9624,18.9624,18.9624,18.9624,18.9624,19.4989,19.4989,19.4989,19.4989,19.4989,19.4989,19.4989,19.4989,19.4989,19.4989,20.0349,20.0349,20.0349,20.0349,20.0349,20.0349,20.0349,20.0349,20.0349,20.0349,20.5706,20.5706,20.5706,20.5706,20.5706,20.5706,20.5706,20.5706,20.5706,20.5706
965.000E-3,16.4538,16.4538,16.4538,16.4538,16.4538,16.4538,16.4538,16.4538,16.4538,16.4538,16.9218,16.9218,16.9218,16.9218,16.9218,16.9218,16.9218,16.9218,16.9218,16.9218,17.3896,17.3896,17.3896,17.3896,17.3896,17.3896,17.3896,17.3896,17.3896,17.3896,17.8572,17.8572,17.8572,17.8572,17.8572,17.8572,17.8572,17.8572,17.8572,17.8572,18.3246,18.3246,18.3246,18.3246,18.3246,18.3246,18.3246,18.3246,18.3246,18.3246
970.000E-3,14.7222,14.7222,14.7222,14.7222,14.7222,14.7222,14.7222,14.7222,14.7222,14.7222,15.1310,15.1310,15.1310,15.1310,15.1310,15.1310,15.1310,15.1310,15.1310,15.1310,15.5396,15.5396,15.5396,15.5396,15.5396,15.5396,15.5396,15.5396,15.5396,15.5396,15.9481,15.9481,15.9481,15.9481,15.9481,15.9481,15.9481,15.9481,15.9481,15.9481,16.3566,16.3566,16.3566,16.3566,16.3566,16.3566,16.3566,16.3566,16.3566,16.3566
975.000E-3,13.2006,13.2006,13.2006,13.2006,13.2006,13.2006,13.2006,13.2006,13.2006,13.2006,13.5583,13.5583,13.5583,13.5583,13.5583,13.5583,13.5583,13.5583,13.5583,13.5583,13.9159,13.9159,13.9159,13.9159,13.9159,13.9159,13.9159,13.9159,13.9159,13.9159,14.2736,14.2736,14.2736,14.2736,14.2736,14.2736,14.2736,14.2736,14.2736,14.2736,14.6313,14.6313,14.6313,14.6313,14.6313,14.6313,14.6313,14.6313,14.6313,14.6313
980.000E-3,11.8628,11.8628,11.8628,11.8628,11.8628,11.8628,11.8628,11.8628,11.8628,11.8628,12.1765,12.1765,12.1765,12.1765,12.1765,12.1765,12.1765,12.1765,12.1765,12.1765,12.4901,12.4901,12.4901,12.4901,12.4901,12.4901,12.4901,12.4901,12.4901,12.4901,12.8039,12.8039,12.8039,12.8039,12.8039,12.8039,12.8039,12.8039,12.8039,12.8039,13.1178,13.1178,13.1178,13.1178,13.1178,13.1178,13.1178,13.1178,13.1178,13.1178
985.000E-3,10.6856,10.6856,10.6856,10.6856,10.6856,10.6856,10.6856,10.6856,10.6856,10.6856,10.9613,10.9613,10.9613,10.9613,10.9613,10.9613,10.9613,10.9613,10.9613,10.9613,11.2371,11.2371,11.2371,11.2371,11.2371,11.2371,11.2371,11.2371,11.2371,11.2371,11.5130,11.5130,11.5130,11.5130,11.5130,11.5130,11.5130,11.5130,11.5130,11.5130,11.7890,11.7890,11.7890,11.7890,11.7890,11.7890,11.7890,11.7890,11.7890,11.7890
990.000E-3,9.64883,9.64883,9.64883,9.64883,9.64883,9.64883,9.64883,9.64883,9.64883,9.64883,9.89182,9.89182,9.89182,9.89182,9.89182,9.89182,9.89182,9.89182,9.89182,9.89182,10.1349,10.1349,10.1349,10.1349,10.1349,10.1349,10.1349,10.1349,10.1349,10.1349,10.3781,10.3781,10.3781,10.3781,10.3781,10.3781,10.3781,10.3781,10.3781,10.3781,10.6214,10.6214,10.6214,10.6214,10.6214,10.6214,10.6214,10.6214,10.6214,10.6214
995.000E-3,8.73490,8.73490,8.73490,8.73490,8.73490,8.73490,8.73490,8.73490,8.73490,8.73490,8.94964,8.94964,8.94964,8.94964,8.94964,8.94964,8.94964,8.94964,8.94964,8.94964,9.16446,9.16446,9.16446,9.16446,9.16446,9.16446,9.16446,9.16446,9.16446,9.16446,9.37939,9.37939,9.37939,9.37939,9.37939,9.37939,9.37939,9.37939,9.37939,9.37939,9.59448,9.59448,9.59448,9.59448,9.59448,9.59448,9.59448,9.59448,9.59448,9.59448
1.00000,7.92833,7.92833,7.92833,7.92833,7.92833,7.92833,7.92833,7.92833,7.92833,7.92833,8.11865,8.11865,8.11865,8.11865,8.11865,8.11865,8.11865,8.11865,8.11865,8.11865,8.30905,8.30905,8.30905,8.30905,8.30905,8.30905,8.30905,8.30905,8.30905,8.30905,8.49955,8.49955,8.49955,8.49955,8.49955,8.49955,8.49955,8.49955,8.49955,8.49955,8.69020,8.69020,8.69020,8.69020,8.69020,8.69020,8.69020,8.69020,8.69020,8.69020
