VCE ,beta VBE 0.6 N 1 ,beta VBE 0.6 N 2 ,beta VBE 0.6 N 3 ,beta VBE 0.6 N 4 ,beta VBE 0.6 N 5 ,beta VBE 0.6 N 6 ,beta VBE 0.6 N 7 ,beta VBE 0.6 N 8 ,beta VBE 0.6 N 9 ,beta VBE 0.6 N 10 ,beta VBE 0.65 N 1 ,beta VBE 0.65 N 2 ,beta VBE 0.65 N 3 ,beta VBE 0.65 N 4 ,beta VBE 0.65 N 5 ,beta VBE 0.65 N 6 ,beta VBE 0.65 N 7 ,beta VBE 0.65 N 8 ,beta VBE 0.65 N 9 ,beta VBE 0.65 N 10 ,beta VBE 0.7 N 1 ,beta VBE 0.7 N 2 ,beta VBE 0.7 N 3 ,beta VBE 0.7 N 4 ,beta VBE 0.7 N 5 ,beta VBE 0.7 N 6 ,beta VBE 0.7 N 7 ,beta VBE 0.7 N 8 ,beta VBE 0.7 N 9 ,beta VBE 0.7 N 10 ,beta VBE 0.75 N 1 ,beta VBE 0.75 N 2 ,beta VBE 0.75 N 3 ,beta VBE 0.75 N 4 ,beta VBE 0.75 N 5 ,beta VBE 0.75 N 6 ,beta VBE 0.75 N 7 ,beta VBE 0.75 N 8 ,beta VBE 0.75 N 9 ,beta VBE 0.75 N 10 ,beta VBE 0.8 N 1 ,beta VBE 0.8 N 2 ,beta VBE 0.8 N 3 ,beta VBE 0.8 N 4 ,beta VBE 0.8 N 5 ,beta VBE 0.8 N 6 ,beta VBE 0.8 N 7 ,beta VBE 0.8 N 8 ,beta VBE 0.8 N 9 ,beta VBE 0.8 N 10 
0.00000,-985.741E-3,-985.842E-3,-985.875E-3,-985.892E-3,-985.902E-3,-985.909E-3,-985.914E-3,-985.917E-3,-985.920E-3,-985.922E-3,-986.703E-3,-986.719E-3,-986.724E-3,-986.727E-3,-986.728E-3,-986.729E-3,-986.730E-3,-986.731E-3,-986.731E-3,-986.731E-3,-985.431E-3,-985.433E-3,-985.434E-3,-985.435E-3,-985.435E-3,-985.435E-3,-985.435E-3,-985.435E-3,-985.435E-3,-985.435E-3,-977.904E-3,-977.904E-3,-977.904E-3,-977.904E-3,-977.904E-3,-977.904E-3,-977.904E-3,-977.904E-3,-977.904E-3,-977.904E-3,-956.879E-3,-956.879E-3,-956.879E-3,-956.879E-3,-956.879E-3,-956.879E-3,-956.879E-3,-956.879E-3,-956.879E-3,-956.879E-3
5.00000E-3,1.23945,1.23988,1.24002,1.24010,1.24014,1.24017,1.24019,1.24020,1.24022,1.24023,1.00172,1.00178,1.00180,1.00181,1.00181,1.00182,1.00182,1.00182,1.00182,1.00182,687.576E-3,687.583E-3,687.586E-3,687.587E-3,687.588E-3,687.588E-3,687.588E-3,687.589E-3,687.589E-3,687.589E-3,160.032E-3,160.033E-3,160.033E-3,160.033E-3,160.033E-3,160.033E-3,160.033E-3,160.033E-3,160.033E-3,160.033E-3,-416.711E-3,-416.711E-3,-416.711E-3,-416.711E-3,-416.711E-3,-416.711E-3,-416.711E-3,-416.711E-3,-416.711E-3,-416.711E-3
10.0000E-3,3.92218,3.92350,3.92394,3.92416,3.92429,3.92438,3.92444,3.92449,3.92453,3.92456,3.40663,3.40681,3.40688,3.40691,3.40692,3.40694,3.40695,3.40695,3.40696,3.40696,2.74110,2.74113,2.74114,2.74114,2.74114,2.74114,2.74115,2.74115,2.74115,2.74115,1.62033,1.62033,1.62033,1.62033,1.62033,1.62033,1.62033,1.62033,1.62033,1.62033,298.781E-3,298.781E-3,298.781E-3,298.781E-3,298.781E-3,298.781E-3,298.781E-3,298.781E-3,298.781E-3,298.781E-3
15.0000E-3,7.15151,7.15427,7.15519,7.15565,7.15592,7.15611,7.15624,7.15634,7.15641,7.15648,6.30891,6.30929,6.30942,6.30949,6.30952,6.30955,6.30957,6.30958,6.30959,6.30960,5.24609,5.24615,5.24616,5.24617,5.24618,5.24618,5.24618,5.24618,5.24618,5.24619,3.46784,3.46784,3.46785,3.46785,3.46785,3.46785,3.46785,3.46785,3.46785,3.46785,1.23120,1.23120,1.23120,1.23120,1.23120,1.23120,1.23120,1.23120,1.23120,1.23120
20.0000E-3,11.0319,11.0369,11.0385,11.0394,11.0399,11.0402,11.0404,11.0406,11.0408,11.0409,9.80384,9.80455,9.80478,9.80490,9.80497,9.80501,9.80505,9.80507,9.80509,9.80511,8.28640,8.28650,8.28653,8.28654,8.28655,8.28656,8.28656,8.28657,8.28657,8.28657,5.77789,5.77790,5.77791,5.77791,5.77791,5.77791,5.77791,5.77791,5.77791,5.77791,2.42984,2.42984,2.42984,2.42984,2.42984,2.42984,2.42984,2.42984,2.42984,2.42984
25.0000E-3,15.6847,15.6931,15.6959,15.6973,15.6982,15.6987,15.6991,15.6994,15.6997,15.6998,14.0029,14.0041,14.0045,14.0047,14.0048,14.0049,14.0049,14.0050,14.0050,14.0050,11.9605,11.9607,11.9607,11.9607,11.9607,11.9608,11.9608,11.9608,11.9608,11.9608,8.63768,8.63770,8.63770,8.63771,8.63771,8.63771,8.63771,8.63771,8.63771,8.63771,3.95277,3.95277,3.95277,3.95277,3.95277,3.95277,3.95277,3.95277,3.95277,3.95277
30.0000E-3,21.2499,21.2635,21.2680,21.2702,21.2716,21.2725,21.2731,21.2736,21.2740,21.2743,19.0353,19.0372,19.0378,19.0381,19.0383,19.0385,19.0386,19.0386,19.0387,19.0387,16.3830,16.3833,16.3834,16.3834,16.3834,16.3834,16.3835,16.3835,16.3835,16.3835,12.1476,12.1476,12.1476,12.1476,12.1476,12.1476,12.1476,12.1476,12.1476,12.1476,5.86789,5.86789,5.86789,5.86789,5.86789,5.86789,5.86789,5.86789,5.86789,5.86789
35.0000E-3,27.8868,27.9079,27.9150,27.9185,27.9207,27.9221,27.9231,27.9238,27.9244,27.9249,25.0492,25.0522,25.0532,25.0537,25.0540,25.0542,25.0543,25.0544,25.0545,25.0546,21.6861,21.6865,21.6866,21.6867,21.6867,21.6868,21.6868,21.6868,21.6868,21.6868,16.4225,16.4225,16.4225,16.4225,16.4225,16.4225,16.4225,16.4226,16.4226,16.4226,8.25395,8.25395,8.25395,8.25395,8.25395,8.25395,8.25395,8.25395,8.25395,8.25395
40.0000E-3,35.7740,35.8063,35.8171,35.8225,35.8257,35.8279,35.8294,35.8306,35.8315,35.8322,32.2123,32.2169,32.2185,32.2193,32.2197,32.2200,32.2202,32.2204,32.2205,32.2206,28.0200,28.0206,28.0208,28.0209,28.0210,28.0210,28.0211,28.0211,28.0211,28.0211,21.5924,21.5925,21.5925,21.5926,21.5926,21.5926,21.5926,21.5926,21.5926,21.5926,11.2013,11.2013,11.2013,11.2013,11.2013,11.2013,11.2013,11.2013,11.2013,11.2013
45.0000E-3,45.1083,45.1567,45.1729,45.1810,45.1858,45.1891,45.1914,45.1931,45.1945,45.1955,40.7115,40.7185,40.7208,40.7219,40.7226,40.7231,40.7234,40.7237,40.7239,40.7240,35.5531,35.5540,35.5543,35.5545,35.5546,35.5546,35.5547,35.5547,35.5548,35.5548,27.8032,27.8033,27.8033,27.8033,27.8033,27.8033,27.8034,27.8034,27.8034,27.8034,14.8126,14.8126,14.8126,14.8126,14.8126,14.8126,14.8126,14.8126,14.8126,14.8126
50.0000E-3,56.1011,56.1726,56.1964,56.2084,56.2155,56.2203,56.2237,56.2263,56.2283,56.2299,50.7504,50.7606,50.7640,50.7658,50.7668,50.7675,50.7679,50.7683,50.7686,50.7688,44.4701,44.4715,44.4720,44.4722,44.4723,44.4724,44.4725,44.4725,44.4726,44.4726,35.2149,35.2150,35.2151,35.2151,35.2151,35.2152,35.2152,35.2152,35.2152,35.2152,19.2021,19.2022,19.2022,19.2022,19.2022,19.2022,19.2022,19.2022,19.2022,19.2022
55.0000E-3,68.9728,69.0767,69.1114,69.1288,69.1392,69.1462,69.1511,69.1549,69.1578,69.1601,62.5449,62.5599,62.5648,62.5673,62.5688,62.5698,62.5706,62.5711,62.5715,62.5718,54.9687,54.9708,54.9715,54.9718,54.9720,54.9722,54.9723,54.9724,54.9724,54.9725,44.0000,44.0002,44.0003,44.0004,44.0004,44.0004,44.0004,44.0004,44.0004,44.0004,24.4957,24.4957,24.4957,24.4957,24.4957,24.4957,24.4957,24.4957,24.4957,24.4957
60.0000E-3,83.9431,84.0922,84.1421,84.1670,84.1820,84.1920,84.1991,84.2045,84.2086,84.2119,76.3162,76.3378,76.3450,76.3486,76.3508,76.3522,76.3532,76.3540,76.3546,76.3551,67.2537,67.2566,67.2576,67.2581,67.2584,67.2586,67.2588,67.2589,67.2590,67.2590,54.3385,54.3388,54.3390,54.3390,54.3391,54.3391,54.3391,54.3391,54.3391,54.3391,30.8278,30.8278,30.8278,30.8278,30.8278,30.8278,30.8278,30.8278,30.8278,30.8278
65.0000E-3,101.218,101.430,101.500,101.536,101.557,101.571,101.581,101.589,101.594,101.599,92.2797,92.3104,92.3207,92.3258,92.3289,92.3310,92.3324,92.3335,92.3344,92.3351,81.5270,81.5313,81.5327,81.5334,81.5339,81.5342,81.5344,81.5345,81.5346,81.5347,66.4106,66.4111,66.4113,66.4114,66.4114,66.4115,66.4115,66.4115,66.4115,66.4115,38.3379,38.3380,38.3380,38.3380,38.3380,38.3380,38.3380,38.3380,38.3380,38.3380
70.0000E-3,120.974,121.269,121.368,121.417,121.447,121.467,121.481,121.492,121.500,121.506,110.630,110.673,110.688,110.695,110.699,110.702,110.704,110.706,110.707,110.708,97.9758,97.9819,97.9839,97.9849,97.9855,97.9859,97.9862,97.9864,97.9866,97.9867,80.3862,80.3870,80.3872,80.3874,80.3874,80.3875,80.3875,80.3875,80.3876,80.3876,47.1649,47.1650,47.1650,47.1650,47.1650,47.1650,47.1650,47.1650,47.1650,47.1650
75.0000E-3,143.334,143.741,143.877,143.946,143.987,144.014,144.033,144.048,144.059,144.068,131.522,131.582,131.602,131.612,131.618,131.622,131.624,131.627,131.628,131.630,116.755,116.764,116.766,116.768,116.769,116.769,116.769,116.770,116.770,116.770,96.4113,96.4124,96.4127,96.4129,96.4130,96.4131,96.4131,96.4132,96.4132,96.4132,57.4381,57.4382,57.4383,57.4383,57.4383,57.4383,57.4383,57.4383,57.4383,57.4383
80.0000E-3,168.349,168.902,169.087,169.179,169.235,169.272,169.299,169.319,169.334,169.346,155.048,155.130,155.158,155.171,155.180,155.185,155.189,155.192,155.194,155.196,137.968,137.980,137.984,137.985,137.987,137.987,137.988,137.988,137.989,137.989,114.591,114.592,114.593,114.593,114.593,114.593,114.593,114.593,114.593,114.593,69.2671,69.2672,69.2673,69.2673,69.2673,69.2673,69.2673,69.2674,69.2674,69.2674
85.0000E-3,195.971,196.710,196.957,197.081,197.156,197.205,197.241,197.267,197.288,197.305,181.218,181.329,181.366,181.384,181.395,181.403,181.408,181.412,181.415,181.417,161.645,161.661,161.666,161.668,161.670,161.671,161.672,161.672,161.673,161.673,134.969,134.971,134.972,134.972,134.972,134.973,134.973,134.973,134.973,134.973,82.7282,82.7284,82.7285,82.7285,82.7285,82.7285,82.7285,82.7286,82.7286,82.7286
90.0000E-3,226.035,227.007,227.332,227.495,227.593,227.659,227.706,227.741,227.768,227.790,209.933,210.080,210.129,210.153,210.168,210.178,210.185,210.190,210.194,210.197,187.721,187.742,187.749,187.752,187.754,187.756,187.757,187.758,187.758,187.759,157.513,157.516,157.517,157.517,157.517,157.517,157.518,157.518,157.518,157.518,97.8507,97.8509,97.8510,97.8511,97.8511,97.8511,97.8511,97.8511,97.8511,97.8511
95.0000E-3,258.250,259.505,259.926,260.137,260.264,260.349,260.409,260.455,260.490,260.518,240.972,241.163,241.227,241.258,241.278,241.290,241.299,241.306,241.312,241.316,216.022,216.049,216.058,216.062,216.065,216.067,216.068,216.069,216.070,216.071,182.093,182.096,182.097,182.098,182.098,182.099,182.099,182.099,182.099,182.099,114.603,114.603,114.603,114.603,114.603,114.603,114.603,114.603,114.603,114.603
100.000E-3,292.197,293.788,294.323,294.591,294.752,294.859,294.936,294.994,295.039,295.074,273.983,274.228,274.309,274.350,274.375,274.391,274.403,274.411,274.418,274.424,246.251,246.286,246.298,246.303,246.307,246.309,246.311,246.312,246.313,246.314,208.474,208.479,208.480,208.481,208.482,208.482,208.482,208.482,208.482,208.482,132.880,132.881,132.881,132.881,132.881,132.881,132.881,132.881,132.881,132.881
105.000E-3,327.341,329.323,329.988,330.322,330.523,330.657,330.753,330.824,330.880,330.925,308.493,308.800,308.903,308.954,308.985,309.006,309.020,309.031,309.040,309.047,277.997,278.041,278.056,278.063,278.068,278.071,278.073,278.074,278.076,278.077,236.317,236.323,236.325,236.326,236.327,236.327,236.327,236.328,236.328,236.328,152.501,152.502,152.502,152.502,152.502,152.502,152.502,152.502,152.502,152.502
110.000E-3,363.069,365.488,366.301,366.710,366.955,367.119,367.236,367.324,367.392,367.447,343.927,344.306,344.433,344.496,344.534,344.559,344.578,344.591,344.602,344.610,310.747,310.802,310.820,310.829,310.835,310.838,310.841,310.843,310.844,310.846,265.188,265.195,265.198,265.199,265.200,265.200,265.201,265.201,265.201,265.201,173.208,173.208,173.209,173.209,173.209,173.209,173.209,173.209,173.209,173.209
115.000E-3,398.721,401.619,402.594,403.083,403.378,403.574,403.714,403.820,403.902,403.967,379.644,380.103,380.256,380.333,380.379,380.409,380.431,380.448,380.461,380.471,343.917,343.984,344.006,344.017,344.024,344.028,344.032,344.034,344.036,344.037,294.581,294.590,294.593,294.595,294.596,294.596,294.597,294.597,294.597,294.598,194.675,194.675,194.676,194.676,194.676,194.676,194.676,194.676,194.676,194.676
120.000E-3,433.647,437.052,438.199,438.775,439.121,439.352,439.518,439.642,439.738,439.815,414.983,415.528,415.709,415.800,415.855,415.892,415.918,415.937,415.952,415.964,376.894,376.974,377.000,377.014,377.022,377.027,377.031,377.033,377.036,377.037,323.956,323.966,323.970,323.972,323.973,323.974,323.974,323.975,323.975,323.975,216.530,216.531,216.532,216.532,216.532,216.532,216.532,216.532,216.532,216.532
125.000E-3,467.246,471.176,472.501,473.166,473.566,473.833,474.024,474.167,474.279,474.368,449.310,449.945,450.157,450.263,450.326,450.369,450.399,450.422,450.439,450.454,409.078,409.171,409.202,409.218,409.227,409.233,409.238,409.241,409.244,409.246,352.771,352.784,352.788,352.790,352.792,352.793,352.793,352.794,352.794,352.794,238.381,238.383,238.383,238.383,238.383,238.384,238.384,238.384,238.384,238.384
130.000E-3,499.012,503.468,504.972,505.727,506.181,506.484,506.701,506.864,506.990,507.092,482.063,482.790,483.032,483.154,483.226,483.275,483.310,483.336,483.356,483.372,439.926,440.033,440.069,440.086,440.097,440.104,440.109,440.113,440.116,440.119,380.530,380.544,380.549,380.552,380.553,380.554,380.555,380.556,380.556,380.556,259.841,259.843,259.844,259.844,259.844,259.844,259.844,259.844,259.844,259.844
135.000E-3,528.554,533.526,535.204,536.047,536.554,536.893,537.135,537.317,537.458,537.572,512.786,513.603,513.876,514.013,514.095,514.150,514.189,514.218,514.241,514.259,468.986,469.107,469.147,469.167,469.179,469.188,469.193,469.198,469.201,469.204,406.806,406.823,406.829,406.831,406.833,406.834,406.835,406.836,406.836,406.836,280.558,280.560,280.561,280.561,280.561,280.561,280.561,280.561,280.561,280.561
140.000E-3,555.610,561.075,562.921,563.848,564.406,564.779,565.045,565.245,565.401,565.525,541.146,542.052,542.354,542.506,542.597,542.657,542.700,542.733,542.758,542.778,495.918,496.053,496.098,496.121,496.134,496.143,496.150,496.154,496.158,496.161,431.272,431.291,431.297,431.300,431.302,431.303,431.304,431.305,431.305,431.306,300.235,300.237,300.237,300.238,300.238,300.238,300.238,300.238,300.238,300.238
145.000E-3,580.046,585.971,587.973,588.980,589.585,589.989,590.278,590.495,590.664,590.799,566.942,567.931,568.261,568.426,568.526,568.592,568.639,568.674,568.702,568.724,520.506,520.653,520.703,520.727,520.742,520.752,520.759,520.764,520.768,520.772,453.704,453.725,453.731,453.735,453.737,453.738,453.739,453.740,453.741,453.741,318.644,318.646,318.647,318.647,318.648,318.648,318.648,318.648,318.648,318.648
150.000E-3,601.839,608.185,610.330,611.408,612.057,612.490,612.800,613.033,613.214,613.359,590.091,591.157,591.513,591.691,591.798,591.869,591.920,591.959,591.988,592.012,542.643,542.803,542.856,542.883,542.899,542.910,542.917,542.923,542.928,542.931,473.984,474.006,474.014,474.018,474.020,474.021,474.022,474.023,474.024,474.024,335.634,335.636,335.637,335.638,335.638,335.638,335.638,335.638,335.638,335.639
155.000E-3,621.058,627.781,630.054,631.197,631.885,632.344,632.672,632.919,633.111,633.265,610.616,611.752,612.131,612.321,612.435,612.511,612.565,612.606,612.638,612.663,562.329,562.500,562.557,562.586,562.603,562.614,562.622,562.629,562.633,562.637,492.087,492.111,492.119,492.123,492.125,492.127,492.128,492.129,492.130,492.130,351.125,351.128,351.128,351.129,351.129,351.129,351.129,351.130,351.130,351.130
160.000E-3,637.839,644.895,647.281,648.481,649.203,649.686,650.031,650.289,650.491,650.652,628.621,629.818,630.218,630.419,630.539,630.619,630.676,630.719,630.753,630.779,579.643,579.824,579.884,579.914,579.932,579.944,579.953,579.959,579.964,579.968,508.065,508.091,508.099,508.104,508.106,508.108,508.109,508.110,508.111,508.111,365.101,365.104,365.105,365.105,365.105,365.106,365.106,365.106,365.106,365.106
165.000E-3,652.369,659.712,662.196,663.446,664.197,664.700,665.059,665.328,665.538,665.706,644.267,645.518,645.937,646.146,646.272,646.356,646.416,646.461,646.495,646.523,594.722,594.912,594.975,595.007,595.025,595.038,595.047,595.054,595.059,595.063,522.029,522.055,522.064,522.069,522.072,522.073,522.075,522.076,522.076,522.077,377.598,377.601,377.602,377.602,377.603,377.603,377.603,377.603,377.603,377.603
170.000E-3,664.855,672.444,675.012,676.303,677.081,677.600,677.971,678.250,678.467,678.640,657.753,659.051,659.485,659.703,659.833,659.920,659.982,660.029,660.065,660.094,607.745,607.942,608.008,608.041,608.060,608.074,608.083,608.090,608.095,608.100,534.126,534.154,534.164,534.168,534.171,534.173,534.174,534.175,534.176,534.177,388.690,388.694,388.695,388.695,388.696,388.696,388.696,388.696,388.696,388.696
175.000E-3,675.519,683.314,685.952,687.279,688.077,688.611,688.992,689.279,689.502,689.680,669.296,670.634,671.081,671.305,671.440,671.529,671.593,671.641,671.679,671.709,618.910,619.114,619.182,619.215,619.236,619.249,619.259,619.266,619.272,619.276,544.530,544.559,544.569,544.573,544.576,544.578,544.580,544.581,544.581,544.582,398.480,398.483,398.484,398.485,398.485,398.485,398.486,398.486,398.486,398.486
180.000E-3,684.579,692.544,695.240,696.596,697.412,697.958,698.347,698.640,698.868,699.050,679.117,680.488,680.947,681.176,681.314,681.406,681.471,681.520,681.559,681.589,628.423,628.632,628.701,628.736,628.757,628.771,628.781,628.788,628.794,628.799,553.421,553.450,553.460,553.465,553.468,553.470,553.472,553.473,553.473,553.474,407.081,407.085,407.086,407.086,407.087,407.087,407.087,407.087,407.087,407.088
185.000E-3,692.242,700.346,703.089,704.469,705.299,705.854,706.251,706.549,706.781,706.966,687.430,688.829,689.296,689.530,689.671,689.765,689.832,689.882,689.921,689.952,636.485,636.698,636.769,636.804,636.826,636.840,636.850,636.858,636.864,636.868,560.978,561.008,561.018,561.023,561.026,561.028,561.030,561.031,561.032,561.032,414.616,414.620,414.621,414.622,414.622,414.623,414.623,414.623,414.623,414.623
190.000E-3,698.701,706.915,709.696,711.095,711.937,712.499,712.901,713.203,713.438,713.626,694.438,695.858,696.333,696.571,696.714,696.809,696.877,696.928,696.968,696.999,643.286,643.503,643.575,643.611,643.633,643.647,643.658,643.665,643.671,643.676,567.373,567.404,567.414,567.420,567.423,567.425,567.426,567.427,567.428,567.429,421.206,421.210,421.211,421.212,421.212,421.212,421.213,421.213,421.213,421.213
195.000E-3,704.130,712.430,715.240,716.653,717.504,718.072,718.479,718.784,719.021,719.211,700.323,701.761,702.242,702.483,702.627,702.724,702.792,702.844,702.884,702.916,649.002,649.222,649.295,649.332,649.354,649.369,649.379,649.387,649.393,649.398,572.766,572.797,572.807,572.813,572.816,572.818,572.819,572.821,572.821,572.822,426.966,426.970,426.971,426.972,426.972,426.972,426.972,426.973,426.973,426.973
200.000E-3,708.683,717.047,719.879,721.304,722.161,722.734,723.144,723.451,723.691,723.882,705.252,706.704,707.189,707.432,707.577,707.675,707.744,707.796,707.837,707.869,653.792,654.014,654.088,654.125,654.147,654.162,654.173,654.181,654.187,654.192,577.299,577.331,577.341,577.347,577.350,577.352,577.354,577.355,577.356,577.356,432.003,432.006,432.008,432.008,432.009,432.009,432.009,432.009,432.009,432.010
205.000E-3,712.494,720.906,723.754,725.186,726.049,726.625,727.037,727.346,727.587,727.779,709.369,710.831,711.319,711.564,711.711,711.809,711.879,711.931,711.972,712.005,657.795,658.019,658.093,658.130,658.153,658.168,658.178,658.186,658.193,658.198,581.102,581.134,581.144,581.150,581.153,581.155,581.157,581.158,581.159,581.159,436.413,436.417,436.419,436.419,436.420,436.420,436.420,436.420,436.420,436.420
210.000E-3,715.681,724.125,726.984,728.422,729.288,729.866,730.279,730.590,730.831,731.025,712.801,714.271,714.762,715.007,715.155,715.253,715.324,715.376,715.418,715.450,661.133,661.358,661.433,661.470,661.493,661.508,661.518,661.526,661.533,661.538,584.285,584.318,584.328,584.334,584.337,584.339,584.341,584.342,584.343,584.343,440.285,440.289,440.290,440.291,440.291,440.291,440.292,440.292,440.292,440.292
215.000E-3,718.345,726.808,729.674,731.115,731.983,732.562,732.977,733.288,733.530,733.724,715.658,717.133,717.625,717.872,718.020,718.119,718.189,718.242,718.283,718.316,663.911,664.137,664.212,664.250,664.273,664.288,664.299,664.307,664.313,664.318,586.947,586.980,586.991,586.996,586.999,587.001,587.003,587.004,587.005,587.006,443.693,443.697,443.699,443.699,443.700,443.700,443.700,443.700,443.701,443.701
220.000E-3,720.572,729.043,731.912,733.354,734.222,734.803,735.217,735.529,735.771,735.965,718.034,719.511,720.004,720.251,720.400,720.499,720.569,720.622,720.664,720.697,666.221,666.447,666.523,666.561,666.583,666.598,666.609,666.617,666.624,666.629,589.171,589.204,589.215,589.220,589.223,589.226,589.227,589.228,589.229,589.230,446.705,446.710,446.711,446.712,446.712,446.712,446.712,446.713,446.713,446.713
225.000E-3,722.433,730.904,733.772,735.215,736.083,736.663,737.077,737.389,737.631,737.825,720.006,721.485,721.979,722.226,722.374,722.473,722.544,722.597,722.638,722.671,668.138,668.365,668.441,668.479,668.502,668.517,668.528,668.536,668.542,668.547,591.028,591.061,591.072,591.077,591.081,591.083,591.084,591.086,591.086,591.087,449.378,449.382,449.384,449.384,449.385,449.385,449.385,449.385,449.385,449.386
230.000E-3,723.990,732.453,735.318,736.760,737.627,738.206,738.621,738.932,739.174,739.368,721.644,723.122,723.616,723.863,724.011,724.110,724.181,724.234,724.275,724.308,669.730,669.957,670.032,670.070,670.093,670.108,670.119,670.127,670.133,670.138,592.579,592.612,592.623,592.628,592.631,592.634,592.635,592.636,592.637,592.638,451.761,451.765,451.766,451.767,451.767,451.768,451.768,451.768,451.768,451.768
235.000E-3,725.294,733.743,736.604,738.042,738.908,739.487,739.900,740.211,740.453,740.646,723.002,724.479,724.972,725.219,725.367,725.466,725.537,725.590,725.631,725.664,671.049,671.276,671.351,671.389,671.412,671.427,671.438,671.446,671.452,671.457,593.874,593.907,593.918,593.923,593.927,593.929,593.930,593.932,593.933,593.933,453.895,453.899,453.901,453.901,453.902,453.902,453.902,453.902,453.903,453.903
240.000E-3,726.388,734.819,737.673,739.108,739.972,740.549,740.961,741.271,741.512,741.705,724.129,725.603,726.096,726.342,726.490,726.589,726.660,726.713,726.754,726.787,672.142,672.369,672.444,672.482,672.505,672.520,672.531,672.539,672.545,672.550,594.957,594.990,595.000,595.006,595.009,595.011,595.013,595.014,595.015,595.016,455.817,455.821,455.823,455.823,455.824,455.824,455.824,455.824,455.824,455.824
245.000E-3,727.309,735.716,738.562,739.993,740.854,741.430,741.841,742.150,742.391,742.583,725.064,726.535,727.026,727.272,727.420,727.519,727.589,727.642,727.683,727.716,673.048,673.274,673.350,673.387,673.410,673.425,673.436,673.444,673.450,673.455,595.862,595.895,595.906,595.911,595.915,595.917,595.918,595.920,595.921,595.921,457.556,457.560,457.562,457.562,457.563,457.563,457.563,457.563,457.564,457.564
250.000E-3,728.085,736.466,739.303,740.729,741.588,742.161,742.571,742.879,743.119,743.311,725.839,727.306,727.797,728.042,728.189,728.288,728.358,728.410,728.451,728.484,673.799,674.024,674.100,674.137,674.160,674.175,674.186,674.194,674.200,674.205,596.621,596.654,596.665,596.670,596.673,596.675,596.677,596.678,596.679,596.680,459.138,459.142,459.144,459.144,459.145,459.145,459.145,459.146,459.146,459.146
255.000E-3,728.743,737.094,739.920,741.341,742.197,742.768,743.177,743.484,743.722,743.914,726.483,727.946,728.435,728.679,728.826,728.924,728.994,729.047,729.087,729.120,674.421,674.646,674.721,674.758,674.781,674.796,674.807,674.815,674.821,674.826,597.258,597.290,597.301,597.306,597.310,597.312,597.313,597.314,597.315,597.316,460.585,460.589,460.590,460.591,460.591,460.592,460.592,460.592,460.592,460.592
260.000E-3,729.302,737.621,740.436,741.852,742.704,743.273,743.680,743.985,744.223,744.414,727.018,728.476,728.963,729.207,729.353,729.451,729.521,729.573,729.614,729.646,674.936,675.161,675.236,675.273,675.296,675.311,675.321,675.329,675.335,675.340,597.793,597.825,597.836,597.841,597.845,597.847,597.848,597.850,597.850,597.851,461.914,461.918,461.919,461.920,461.920,461.920,461.921,461.921,461.921,461.921
265.000E-3,729.779,738.064,740.868,742.278,743.126,743.693,744.098,744.402,744.639,744.829,727.463,728.915,729.401,729.644,729.790,729.887,729.956,730.009,730.049,730.081,675.364,675.588,675.662,675.700,675.722,675.737,675.748,675.756,675.762,675.767,598.244,598.276,598.287,598.292,598.296,598.298,598.299,598.301,598.301,598.302,463.140,463.144,463.145,463.146,463.147,463.147,463.147,463.147,463.147,463.147
270.000E-3,730.190,738.439,741.230,742.634,743.478,744.043,744.446,744.749,744.985,745.174,727.833,729.280,729.764,730.006,730.151,730.248,730.317,730.369,730.410,730.442,675.719,675.942,676.016,676.053,676.076,676.090,676.101,676.109,676.115,676.120,598.625,598.657,598.668,598.674,598.677,598.679,598.681,598.682,598.683,598.683,464.277,464.281,464.282,464.283,464.283,464.284,464.284,464.284,464.284,464.284
275.000E-3,730.544,738.756,741.535,742.932,743.773,744.335,744.736,745.038,745.272,745.460,728.143,729.583,730.065,730.306,730.451,730.547,730.616,730.668,730.708,730.740,676.013,676.236,676.310,676.347,676.369,676.384,676.394,676.402,676.409,676.414,598.949,598.981,598.992,598.997,599.000,599.002,599.004,599.005,599.006,599.007,465.335,465.339,465.340,465.341,465.342,465.342,465.342,465.342,465.342,465.342
280.000E-3,730.853,739.027,741.793,743.183,744.020,744.579,744.979,745.279,745.512,745.699,728.401,729.836,730.315,730.555,730.699,730.796,730.864,730.916,730.956,730.988,676.258,676.480,676.554,676.591,676.613,676.628,676.638,676.646,676.652,676.657,599.224,599.256,599.267,599.272,599.275,599.277,599.279,599.280,599.281,599.282,466.323,466.328,466.329,466.330,466.330,466.330,466.331,466.331,466.331,466.331
285.000E-3,731.124,739.259,742.011,743.395,744.228,744.784,745.182,745.480,745.713,745.899,728.617,730.046,730.523,730.762,730.906,731.002,731.070,731.121,731.161,731.193,676.462,676.683,676.757,676.793,676.816,676.830,676.841,676.849,676.855,676.860,599.459,599.491,599.502,599.507,599.510,599.513,599.514,599.515,599.516,599.517,467.250,467.254,467.256,467.256,467.257,467.257,467.257,467.257,467.257,467.257
290.000E-3,731.364,739.459,742.198,743.574,744.403,744.956,745.352,745.649,745.881,746.066,728.799,730.221,730.697,730.935,731.078,731.173,731.241,731.292,731.332,731.363,676.633,676.852,676.926,676.962,676.984,676.999,677.010,677.017,677.024,677.028,599.661,599.693,599.704,599.709,599.712,599.714,599.716,599.717,599.718,599.719,468.121,468.125,468.127,468.127,468.128,468.128,468.128,468.128,468.129,468.129
295.000E-3,731.578,739.633,742.357,743.727,744.552,745.102,745.496,745.791,746.022,746.206,728.953,730.368,730.842,731.078,731.221,731.315,731.383,731.434,731.473,731.505,676.775,676.994,677.067,677.103,677.125,677.140,677.150,677.158,677.164,677.169,599.836,599.868,599.878,599.883,599.887,599.889,599.890,599.891,599.892,599.893,468.943,468.947,468.948,468.949,468.949,468.949,468.950,468.950,468.950,468.950
300.000E-3,731.770,739.785,742.495,743.858,744.678,745.226,745.617,745.911,746.140,746.324,729.082,730.492,730.963,731.198,731.340,731.434,731.502,731.552,731.592,731.623,676.894,677.112,677.185,677.221,677.243,677.258,677.268,677.276,677.282,677.287,599.987,600.019,600.029,600.035,600.038,600.040,600.041,600.043,600.043,600.044,469.719,469.723,469.724,469.725,469.726,469.726,469.726,469.726,469.726,469.726
305.000E-3,731.946,739.919,742.615,743.971,744.786,745.331,745.721,746.013,746.241,746.423,729.193,730.595,731.064,731.299,731.440,731.534,731.601,731.651,731.690,731.721,676.995,677.212,677.284,677.320,677.342,677.356,677.367,677.374,677.380,677.385,600.119,600.151,600.161,600.167,600.170,600.172,600.173,600.175,600.175,600.176,470.454,470.458,470.460,470.460,470.461,470.461,470.461,470.462,470.462,470.462
310.000E-3,732.106,740.038,742.720,744.068,744.879,745.421,745.809,746.100,746.326,746.508,729.287,730.683,731.150,731.383,731.523,731.617,731.684,731.734,731.773,731.804,677.079,677.295,677.367,677.403,677.425,677.439,677.449,677.457,677.463,677.468,600.236,600.267,600.277,600.283,600.286,600.288,600.289,600.290,600.291,600.292,471.152,471.156,471.158,471.158,471.159,471.159,471.159,471.159,471.159,471.160
315.000E-3,732.255,740.145,742.812,744.153,744.960,745.499,745.885,746.174,746.399,746.580,729.369,730.758,731.222,731.454,731.594,731.687,731.753,731.803,731.842,731.873,677.150,677.366,677.437,677.473,677.495,677.509,677.519,677.527,677.533,677.538,600.338,600.369,600.380,600.385,600.388,600.390,600.392,600.393,600.394,600.394,471.816,471.820,471.821,471.822,471.822,471.822,471.823,471.823,471.823,471.823
320.000E-3,732.394,740.241,742.895,744.228,745.031,745.567,745.950,746.238,746.462,746.641,729.439,730.821,731.283,731.514,731.653,731.746,731.812,731.861,731.900,731.931,677.211,677.425,677.497,677.533,677.554,677.568,677.578,677.586,677.592,677.597,600.430,600.461,600.471,600.476,600.479,600.481,600.483,600.484,600.485,600.486,472.447,472.451,472.453,472.453,472.454,472.454,472.454,472.454,472.455,472.455
325.000E-3,732.525,740.330,742.969,744.295,745.093,745.626,746.007,746.294,746.516,746.695,729.500,730.876,731.335,731.565,731.704,731.796,731.861,731.911,731.949,731.980,677.263,677.476,677.547,677.583,677.604,677.619,677.629,677.636,677.642,677.647,600.512,600.543,600.553,600.558,600.561,600.563,600.565,600.566,600.567,600.567,473.049,473.054,473.055,473.056,473.056,473.056,473.056,473.057,473.057,473.057
330.000E-3,732.649,740.412,743.036,744.355,745.149,745.679,746.058,746.342,746.564,746.741,729.554,730.923,731.380,731.609,731.747,731.838,731.904,731.953,731.991,732.021,677.308,677.520,677.591,677.626,677.647,677.661,677.672,677.679,677.685,677.690,600.585,600.616,600.627,600.632,600.635,600.637,600.638,600.639,600.640,600.641,473.624,473.628,473.630,473.630,473.631,473.631,473.631,473.631,473.631,473.631
335.000E-3,732.768,740.488,743.097,744.409,745.198,745.725,746.102,746.385,746.605,746.782,729.602,730.964,731.419,731.647,731.783,731.875,731.940,731.988,732.026,732.057,677.346,677.558,677.628,677.663,677.684,677.698,677.708,677.716,677.722,677.727,600.653,600.683,600.694,600.699,600.702,600.704,600.705,600.706,600.707,600.708,474.173,474.177,474.179,474.179,474.180,474.180,474.180,474.180,474.180,474.180
340.000E-3,732.882,740.559,743.154,744.458,745.243,745.767,746.142,746.423,746.642,746.817,729.645,731.000,731.453,731.679,731.815,731.906,731.971,732.019,732.057,732.087,677.380,677.590,677.660,677.695,677.716,677.730,677.740,677.748,677.754,677.758,600.714,600.745,600.755,600.760,600.763,600.765,600.766,600.768,600.768,600.769,474.698,474.702,474.703,474.704,474.704,474.705,474.705,474.705,474.705,474.705
345.000E-3,732.993,740.627,743.207,744.504,745.284,745.805,746.178,746.457,746.675,746.849,729.684,731.032,731.482,731.707,731.843,731.933,731.997,732.046,732.083,732.113,677.409,677.618,677.688,677.723,677.744,677.758,677.768,677.776,677.781,677.786,600.770,600.801,600.811,600.816,600.819,600.821,600.823,600.824,600.825,600.825,475.200,475.204,475.206,475.206,475.207,475.207,475.207,475.207,475.207,475.208
350.000E-3,733.100,740.691,743.257,744.546,745.322,745.840,746.210,746.488,746.705,746.878,729.719,731.060,731.508,731.732,731.867,731.957,732.021,732.069,732.106,732.136,677.435,677.643,677.713,677.748,677.769,677.782,677.792,677.800,677.806,677.810,600.823,600.853,600.863,600.868,600.871,600.873,600.875,600.876,600.877,600.877,475.681,475.685,475.687,475.687,475.688,475.688,475.688,475.688,475.688,475.688
355.000E-3,733.205,740.753,743.304,744.586,745.357,745.872,746.240,746.517,746.732,746.904,729.752,731.085,731.531,731.754,731.888,731.977,732.041,732.089,732.126,732.156,677.458,677.666,677.735,677.769,677.790,677.804,677.814,677.821,677.827,677.832,600.871,600.902,600.912,600.917,600.920,600.922,600.923,600.924,600.925,600.926,476.142,476.146,476.147,476.148,476.148,476.149,476.149,476.149,476.149,476.149
360.000E-3,733.308,740.813,743.349,744.623,745.390,745.902,746.268,746.543,746.757,746.928,729.782,731.109,731.552,731.774,731.907,731.996,732.059,732.107,732.144,732.174,677.479,677.685,677.754,677.789,677.809,677.823,677.833,677.840,677.846,677.851,600.917,600.947,600.957,600.962,600.965,600.967,600.969,600.970,600.971,600.971,476.584,476.588,476.589,476.590,476.590,476.590,476.591,476.591,476.591,476.591
365.000E-3,733.409,740.871,743.392,744.659,745.421,745.930,746.294,746.567,746.780,746.950,729.810,731.130,731.571,731.792,731.924,732.012,732.076,732.123,732.160,732.189,677.498,677.703,677.772,677.806,677.827,677.840,677.850,677.857,677.863,677.868,600.960,600.990,601.000,601.005,601.008,601.010,601.011,601.012,601.013,601.014,477.007,477.011,477.013,477.013,477.014,477.014,477.014,477.014,477.014,477.014
370.000E-3,733.508,740.927,743.433,744.693,745.451,745.957,746.319,746.590,746.802,746.971,729.837,731.150,731.588,731.808,731.940,732.027,732.090,732.137,732.174,732.203,677.515,677.719,677.788,677.822,677.842,677.856,677.866,677.873,677.879,677.883,601.001,601.030,601.040,601.045,601.048,601.050,601.052,601.053,601.054,601.054,477.414,477.418,477.419,477.420,477.420,477.420,477.420,477.421,477.421,477.421
375.000E-3,733.607,740.982,743.474,744.726,745.479,745.982,746.342,746.612,746.822,746.990,729.862,731.168,731.604,731.823,731.954,732.041,732.104,732.150,732.187,732.216,677.531,677.734,677.802,677.836,677.856,677.870,677.880,677.887,677.893,677.897,601.039,601.069,601.079,601.084,601.087,601.089,601.090,601.091,601.092,601.093,477.804,477.808,477.809,477.810,477.810,477.810,477.810,477.811,477.811,477.811
380.000E-3,733.705,741.037,743.513,744.758,745.507,746.007,746.364,746.633,746.841,747.009,729.886,731.185,731.619,731.836,731.967,732.054,732.116,732.162,732.199,732.228,677.546,677.748,677.816,677.849,677.870,677.883,677.893,677.900,677.906,677.910,601.076,601.105,601.115,601.120,601.123,601.125,601.126,601.128,601.128,601.129,478.178,478.182,478.183,478.184,478.184,478.185,478.185,478.185,478.185,478.185
385.000E-3,733.801,741.090,743.552,744.789,745.533,746.030,746.386,746.652,746.860,747.026,729.910,731.202,731.633,731.849,731.979,732.065,732.127,732.173,732.210,732.238,677.559,677.761,677.828,677.862,677.882,677.895,677.905,677.912,677.918,677.922,601.111,601.140,601.150,601.155,601.158,601.160,601.161,601.162,601.163,601.164,478.538,478.542,478.543,478.544,478.544,478.544,478.545,478.545,478.545,478.545
390.000E-3,733.897,741.143,743.590,744.820,745.559,746.053,746.406,746.672,746.878,747.043,729.932,731.217,731.646,731.861,731.990,732.076,732.138,732.184,732.220,732.248,677.572,677.773,677.840,677.873,677.893,677.907,677.916,677.923,677.929,677.933,601.144,601.174,601.184,601.188,601.191,601.193,601.195,601.196,601.197,601.197,478.883,478.887,478.889,478.889,478.890,478.890,478.890,478.890,478.890,478.890
395.000E-3,733.993,741.195,743.627,744.849,745.585,746.076,746.427,746.690,746.895,747.059,729.954,731.232,731.659,731.873,732.001,732.087,732.148,732.194,732.229,732.258,677.585,677.784,677.851,677.884,677.904,677.917,677.927,677.934,677.939,677.944,601.177,601.206,601.216,601.221,601.223,601.225,601.227,601.228,601.229,601.229,479.215,479.219,479.221,479.221,479.222,479.222,479.222,479.222,479.222,479.222
400.000E-3,734.088,741.247,743.664,744.879,745.610,746.097,746.446,746.708,746.912,747.075,729.976,731.247,731.671,731.884,732.011,732.096,732.157,732.203,732.238,732.267,677.597,677.795,677.861,677.894,677.914,677.927,677.937,677.944,677.950,677.954,601.208,601.237,601.247,601.251,601.254,601.256,601.258,601.259,601.260,601.260,479.534,479.538,479.540,479.540,479.541,479.541,479.541,479.541,479.541,479.541
405.000E-3,734.183,741.298,743.701,744.908,745.634,746.119,746.466,746.726,746.929,747.091,729.997,731.261,731.683,731.894,732.021,732.106,732.166,732.212,732.247,732.275,677.608,677.805,677.871,677.904,677.924,677.937,677.947,677.954,677.959,677.964,601.238,601.267,601.277,601.281,601.284,601.286,601.288,601.289,601.289,601.290,479.841,479.845,479.846,479.847,479.847,479.848,479.848,479.848,479.848,479.848
410.000E-3,734.278,741.349,743.737,744.937,745.658,746.140,746.485,746.743,746.945,747.106,730.018,731.275,731.694,731.905,732.031,732.115,732.175,732.220,732.255,732.283,677.619,677.815,677.881,677.914,677.933,677.946,677.956,677.963,677.968,677.973,601.267,601.296,601.305,601.310,601.313,601.315,601.316,601.317,601.318,601.319,480.136,480.140,480.141,480.142,480.142,480.143,480.143,480.143,480.143,480.143
415.000E-3,734.372,741.400,743.773,744.965,745.682,746.161,746.504,746.761,746.961,747.121,730.038,731.288,731.706,731.915,732.040,732.124,732.183,732.228,732.263,732.291,677.630,677.825,677.890,677.923,677.942,677.955,677.965,677.972,677.977,677.982,601.295,601.324,601.333,601.338,601.341,601.343,601.344,601.345,601.346,601.347,480.420,480.424,480.425,480.426,480.426,480.426,480.427,480.427,480.427,480.427
420.000E-3,734.466,741.451,743.809,744.994,745.706,746.182,746.522,746.777,746.976,747.135,730.058,731.301,731.716,731.924,732.049,732.132,732.192,732.236,732.271,732.299,677.640,677.834,677.899,677.932,677.951,677.964,677.973,677.980,677.986,677.990,601.323,601.351,601.361,601.365,601.368,601.370,601.372,601.373,601.373,601.374,480.693,480.697,480.698,480.699,480.699,480.700,480.700,480.700,480.700,480.700
425.000E-3,734.560,741.502,743.845,745.022,745.730,746.202,746.540,746.794,746.992,747.150,730.079,731.314,731.727,731.934,732.058,732.141,732.200,732.244,732.278,732.306,677.650,677.844,677.908,677.940,677.960,677.973,677.982,677.989,677.994,677.998,601.349,601.378,601.387,601.392,601.395,601.397,601.398,601.399,601.400,601.400,480.956,480.960,480.961,480.962,480.962,480.962,480.962,480.963,480.963,480.963
430.000E-3,734.654,741.552,743.880,745.050,745.753,746.223,746.559,746.811,747.007,747.164,730.098,731.327,731.738,731.943,732.066,732.149,732.207,732.251,732.286,732.313,677.660,677.852,677.917,677.949,677.968,677.981,677.990,677.997,678.002,678.007,601.375,601.403,601.413,601.418,601.420,601.422,601.424,601.425,601.425,601.426,481.209,481.213,481.214,481.215,481.215,481.215,481.215,481.216,481.216,481.216
435.000E-3,734.748,741.602,743.915,745.077,745.776,746.243,746.577,746.827,747.022,747.178,730.118,731.340,731.748,731.952,732.075,732.157,732.215,732.259,732.293,732.320,677.670,677.861,677.925,677.957,677.976,677.989,677.998,678.005,678.010,678.014,601.400,601.428,601.438,601.443,601.445,601.447,601.449,601.450,601.450,601.451,481.452,481.456,481.457,481.458,481.458,481.459,481.459,481.459,481.459,481.459
440.000E-3,734.841,741.652,743.951,745.105,745.800,746.263,746.595,746.844,747.037,747.192,730.138,731.353,731.758,731.961,732.083,732.165,732.223,732.266,732.300,732.327,677.679,677.870,677.933,677.965,677.984,677.997,678.006,678.013,678.018,678.022,601.425,601.453,601.462,601.467,601.470,601.472,601.473,601.474,601.475,601.475,481.687,481.691,481.692,481.693,481.693,481.693,481.693,481.693,481.694,481.694
445.000E-3,734.935,741.702,743.986,745.133,745.823,746.283,746.613,746.860,747.052,747.206,730.157,731.365,731.769,731.970,732.092,732.172,732.230,732.274,732.307,732.334,677.689,677.878,677.941,677.973,677.992,678.005,678.014,678.020,678.026,678.030,601.449,601.477,601.486,601.491,601.493,601.495,601.497,601.498,601.498,601.499,481.913,481.917,481.918,481.918,481.919,481.919,481.919,481.919,481.919,481.920
450.000E-3,735.029,741.752,744.021,745.160,745.846,746.303,746.631,746.876,747.067,747.220,730.177,731.378,731.779,731.979,732.100,732.180,732.238,732.281,732.314,732.341,677.698,677.886,677.949,677.981,678.000,678.012,678.021,678.028,678.033,678.037,601.472,601.500,601.509,601.514,601.517,601.518,601.520,601.521,601.522,601.522,482.130,482.134,482.135,482.136,482.136,482.137,482.137,482.137,482.137,482.137
455.000E-3,735.122,741.802,744.056,745.188,745.869,746.323,746.648,746.892,747.082,747.234,730.196,731.390,731.789,731.988,732.108,732.188,732.245,732.288,732.321,732.348,677.707,677.895,677.957,677.989,678.007,678.020,678.029,678.035,678.041,678.045,601.495,601.523,601.532,601.537,601.539,601.541,601.542,601.543,601.544,601.545,482.340,482.344,482.345,482.346,482.346,482.346,482.347,482.347,482.347,482.347
460.000E-3,735.216,741.852,744.091,745.216,745.892,746.343,746.666,746.909,747.097,747.248,730.216,731.402,731.799,731.997,732.116,732.196,732.252,732.295,732.328,732.354,677.716,677.903,677.965,677.996,678.015,678.027,678.036,678.043,678.048,678.052,601.517,601.545,601.554,601.559,601.561,601.563,601.565,601.566,601.566,601.567,482.542,482.546,482.547,482.548,482.548,482.549,482.549,482.549,482.549,482.549
465.000E-3,735.309,741.902,744.126,745.243,745.915,746.363,746.684,746.925,747.112,747.262,730.235,731.415,731.809,732.006,732.124,732.203,732.260,732.302,732.335,732.361,677.725,677.911,677.973,678.004,678.022,678.035,678.043,678.050,678.055,678.059,601.539,601.567,601.576,601.580,601.583,601.585,601.586,601.587,601.588,601.589,482.737,482.741,482.742,482.743,482.743,482.743,482.744,482.744,482.744,482.744
470.000E-3,735.403,741.952,744.161,745.270,745.938,746.383,746.702,746.941,747.127,747.276,730.254,731.427,731.819,732.015,732.132,732.211,732.267,732.309,732.342,732.368,677.734,677.919,677.980,678.011,678.030,678.042,678.051,678.057,678.062,678.067,601.561,601.588,601.597,601.602,601.604,601.606,601.607,601.608,601.609,601.610,482.925,482.929,482.930,482.931,482.931,482.931,482.932,482.932,482.932,482.932
475.000E-3,735.496,742.002,744.196,745.298,745.961,746.403,746.719,746.957,747.142,747.290,730.274,731.439,731.828,732.023,732.140,732.218,732.274,732.316,732.348,732.374,677.743,677.927,677.988,678.019,678.037,678.049,678.058,678.064,678.070,678.074,601.582,601.609,601.618,601.622,601.625,601.627,601.628,601.629,601.630,601.630,483.107,483.110,483.111,483.112,483.112,483.113,483.113,483.113,483.113,483.113
480.000E-3,735.590,742.052,744.231,745.325,745.983,746.423,746.737,746.973,747.156,747.303,730.293,731.451,731.838,732.032,732.148,732.226,732.281,732.323,732.355,732.381,677.752,677.935,677.995,678.026,678.044,678.056,678.065,678.072,678.077,678.081,601.602,601.629,601.638,601.643,601.645,601.647,601.648,601.649,601.650,601.651,483.281,483.285,483.286,483.287,483.287,483.288,483.288,483.288,483.288,483.288
485.000E-3,735.684,742.101,744.266,745.353,746.006,746.443,746.755,746.989,747.171,747.317,730.312,731.464,731.848,732.041,732.156,732.233,732.288,732.330,732.362,732.387,677.761,677.942,678.003,678.033,678.051,678.063,678.072,678.079,678.084,678.088,601.622,601.649,601.658,601.663,601.665,601.667,601.668,601.669,601.670,601.671,483.450,483.454,483.455,483.456,483.456,483.456,483.457,483.457,483.457,483.457
490.000E-3,735.777,742.151,744.301,745.380,746.029,746.462,746.772,747.005,747.186,747.331,730.331,731.476,731.858,732.049,732.164,732.241,732.295,732.336,732.368,732.394,677.769,677.950,678.010,678.040,678.058,678.070,678.079,678.086,678.091,678.095,601.642,601.669,601.678,601.682,601.685,601.687,601.688,601.689,601.689,601.690,483.613,483.617,483.618,483.619,483.619,483.619,483.620,483.620,483.620,483.620
495.000E-3,735.871,742.201,744.335,745.407,746.052,746.482,746.790,747.021,747.201,747.344,730.350,731.488,731.868,732.058,732.172,732.248,732.302,732.343,732.375,732.400,677.778,677.958,678.018,678.048,678.066,678.077,678.086,678.092,678.097,678.101,601.661,601.688,601.697,601.701,601.704,601.706,601.707,601.708,601.709,601.709,483.771,483.774,483.775,483.776,483.776,483.777,483.777,483.777,483.777,483.777
500.000E-3,735.964,742.251,744.370,745.435,746.075,746.502,746.808,747.037,747.215,747.358,730.370,731.500,731.878,732.067,732.180,732.256,732.310,732.350,732.382,732.407,677.787,677.965,678.025,678.055,678.073,678.084,678.093,678.099,678.104,678.108,601.680,601.707,601.716,601.720,601.723,601.724,601.726,601.727,601.727,601.728,483.923,483.926,483.927,483.928,483.928,483.929,483.929,483.929,483.929,483.929
505.000E-3,736.058,742.301,744.405,745.462,746.097,746.522,746.825,747.053,747.230,747.372,730.389,731.512,731.887,732.075,732.188,732.263,732.317,732.357,732.388,732.413,677.795,677.973,678.032,678.062,678.080,678.091,678.100,678.106,678.111,678.115,601.699,601.725,601.734,601.738,601.741,601.743,601.744,601.745,601.746,601.746,484.070,484.073,484.074,484.075,484.075,484.075,484.076,484.076,484.076,484.076
510.000E-3,736.151,742.350,744.440,745.489,746.120,746.542,746.843,747.069,747.245,747.385,730.408,731.524,731.897,732.084,732.196,732.270,732.324,732.364,732.395,732.420,677.804,677.980,678.039,678.069,678.086,678.098,678.107,678.113,678.118,678.122,601.717,601.743,601.752,601.757,601.759,601.761,601.762,601.763,601.764,601.764,484.211,484.215,484.216,484.217,484.217,484.217,484.218,484.218,484.218,484.218
515.000E-3,736.245,742.400,744.475,745.517,746.143,746.561,746.860,747.085,747.259,747.399,730.427,731.536,731.907,732.092,732.204,732.278,732.331,732.371,732.401,732.426,677.812,677.988,678.046,678.076,678.093,678.105,678.113,678.120,678.125,678.129,601.735,601.761,601.770,601.774,601.777,601.779,601.780,601.781,601.782,601.782,484.349,484.352,484.353,484.354,484.354,484.355,484.355,484.355,484.355,484.355
520.000E-3,736.339,742.450,744.510,745.544,746.166,746.581,746.878,747.101,747.274,747.413,730.446,731.548,731.917,732.101,732.211,732.285,732.338,732.377,732.408,732.433,677.821,677.995,678.054,678.083,678.100,678.112,678.120,678.126,678.131,678.135,601.753,601.779,601.787,601.792,601.794,601.796,601.797,601.798,601.799,601.800,484.481,484.485,484.486,484.487,484.487,484.487,484.487,484.487,484.487,484.488
525.000E-3,736.432,742.500,744.545,745.571,746.189,746.601,746.895,747.117,747.289,747.426,730.465,731.561,731.926,732.109,732.219,732.292,732.345,732.384,732.415,732.439,677.829,678.003,678.061,678.090,678.107,678.119,678.127,678.133,678.138,678.142,601.770,601.796,601.805,601.809,601.811,601.813,601.814,601.815,601.816,601.817,484.609,484.613,484.614,484.615,484.615,484.615,484.615,484.616,484.616,484.616
530.000E-3,736.526,742.550,744.580,745.599,746.211,746.621,746.913,747.133,747.303,747.440,730.484,731.573,731.936,732.118,732.227,732.300,732.352,732.391,732.421,732.445,677.837,678.010,678.068,678.097,678.114,678.125,678.134,678.140,678.145,678.148,601.787,601.813,601.821,601.826,601.828,601.830,601.831,601.832,601.833,601.833,484.734,484.737,484.738,484.739,484.739,484.739,484.740,484.740,484.740,484.740
535.000E-3,736.620,742.599,744.614,745.626,746.234,746.640,746.931,747.148,747.318,747.454,730.504,731.585,731.946,732.126,732.235,732.307,732.359,732.398,732.428,732.452,677.846,678.018,678.075,678.103,678.121,678.132,678.140,678.146,678.151,678.155,601.804,601.830,601.838,601.842,601.845,601.847,601.848,601.849,601.849,601.850,484.854,484.857,484.858,484.859,484.859,484.859,484.860,484.860,484.860,484.860
540.000E-3,736.713,742.649,744.649,745.653,746.257,746.660,746.948,747.164,747.333,747.467,730.523,731.597,731.955,732.135,732.243,732.315,732.366,732.404,732.434,732.458,677.854,678.025,678.082,678.110,678.127,678.139,678.147,678.153,678.158,678.162,601.821,601.846,601.854,601.859,601.861,601.863,601.864,601.865,601.866,601.866,484.970,484.973,484.974,484.975,484.975,484.976,484.976,484.976,484.976,484.976
545.000E-3,736.807,742.699,744.684,745.681,746.280,746.680,746.966,747.180,747.347,747.481,730.542,731.609,731.965,732.144,732.251,732.322,732.373,732.411,732.441,732.465,677.862,678.032,678.089,678.117,678.134,678.145,678.153,678.160,678.164,678.168,601.837,601.862,601.870,601.875,601.877,601.879,601.880,601.881,601.882,601.882,485.082,485.086,485.087,485.087,485.088,485.088,485.088,485.088,485.088,485.088
550.000E-3,736.901,742.749,744.719,745.708,746.303,746.699,746.983,747.196,747.362,747.495,730.561,731.621,731.975,732.152,732.258,732.329,732.380,732.418,732.447,732.471,677.871,678.039,678.096,678.124,678.141,678.152,678.160,678.166,678.171,678.174,601.853,601.878,601.886,601.890,601.893,601.895,601.896,601.897,601.897,601.898,485.191,485.195,485.196,485.196,485.197,485.197,485.197,485.197,485.197,485.197
555.000E-3,736.995,742.799,744.754,745.735,746.325,746.719,747.001,747.212,747.377,747.508,730.580,731.633,731.985,732.161,732.266,732.337,732.387,732.425,732.454,732.478,677.879,678.047,678.103,678.131,678.147,678.159,678.167,678.173,678.177,678.181,601.868,601.893,601.902,601.906,601.908,601.910,601.911,601.912,601.913,601.913,485.297,485.300,485.301,485.302,485.302,485.302,485.303,485.303,485.303,485.303
560.000E-3,737.088,742.849,744.789,745.763,746.348,746.739,747.018,747.228,747.391,747.522,730.599,731.645,731.994,732.169,732.274,732.344,732.394,732.431,732.461,732.484,677.887,678.054,678.110,678.137,678.154,678.165,678.173,678.179,678.184,678.187,601.884,601.909,601.917,601.921,601.924,601.925,601.926,601.927,601.928,601.929,485.399,485.402,485.403,485.404,485.404,485.405,485.405,485.405,485.405,485.405
565.000E-3,737.182,742.898,744.824,745.790,746.371,746.759,747.036,747.244,747.406,747.536,730.618,731.657,732.004,732.178,732.282,732.351,732.401,732.438,732.467,732.490,677.895,678.061,678.116,678.144,678.161,678.172,678.180,678.185,678.190,678.194,601.899,601.924,601.932,601.936,601.939,601.940,601.941,601.942,601.943,601.944,485.498,485.501,485.503,485.503,485.503,485.504,485.504,485.504,485.504,485.504
570.000E-3,737.276,742.948,744.858,745.817,746.394,746.778,747.054,747.260,747.421,747.549,730.637,731.669,732.014,732.186,732.290,732.359,732.408,732.445,732.474,732.497,677.903,678.068,678.123,678.151,678.167,678.178,678.186,678.192,678.196,678.200,601.914,601.939,601.947,601.951,601.953,601.955,601.956,601.957,601.958,601.958,485.594,485.597,485.599,485.599,485.599,485.600,485.600,485.600,485.600,485.600
575.000E-3,737.370,742.998,744.893,745.845,746.416,746.798,747.071,747.276,747.435,747.563,730.656,731.681,732.023,732.195,732.297,732.366,732.415,732.452,732.480,732.503,677.912,678.075,678.130,678.157,678.174,678.185,678.192,678.198,678.203,678.206,601.929,601.953,601.961,601.966,601.968,601.970,601.971,601.972,601.972,601.973,485.687,485.691,485.692,485.692,485.693,485.693,485.693,485.693,485.693,485.693
580.000E-3,737.464,743.048,744.928,745.872,746.439,746.818,747.089,747.292,747.450,747.577,730.675,731.693,732.033,732.203,732.305,732.373,732.422,732.458,732.487,732.509,677.920,678.083,678.137,678.164,678.180,678.191,678.199,678.205,678.209,678.213,601.943,601.968,601.976,601.980,601.982,601.984,601.985,601.986,601.987,601.987,485.778,485.781,485.782,485.783,485.783,485.783,485.783,485.783,485.784,485.784
585.000E-3,737.558,743.098,744.963,745.899,746.462,746.838,747.106,747.308,747.465,747.590,730.694,731.705,732.043,732.212,732.313,732.381,732.429,732.465,732.493,732.516,677.928,678.090,678.144,678.171,678.187,678.198,678.205,678.211,678.216,678.219,601.958,601.982,601.990,601.994,601.996,601.998,601.999,602.000,602.001,602.001,485.865,485.869,485.870,485.870,485.871,485.871,485.871,485.871,485.871,485.871
590.000E-3,737.652,743.148,744.998,745.926,746.485,746.857,747.124,747.324,747.479,747.604,730.714,731.717,732.052,732.220,732.321,732.388,732.436,732.472,732.500,732.522,677.936,678.097,678.150,678.177,678.193,678.204,678.212,678.217,678.222,678.225,601.972,601.996,602.004,602.008,602.010,602.012,602.013,602.014,602.015,602.015,485.950,485.954,485.955,485.955,485.956,485.956,485.956,485.956,485.956,485.956
595.000E-3,737.745,743.197,745.033,745.954,746.508,746.877,747.141,747.340,747.494,747.617,730.733,731.729,732.062,732.229,732.329,732.395,732.443,732.479,732.506,732.529,677.944,678.104,678.157,678.184,678.200,678.210,678.218,678.224,678.228,678.232,601.986,602.010,602.018,602.022,602.024,602.026,602.027,602.028,602.028,602.029,486.033,486.036,486.037,486.038,486.038,486.038,486.039,486.039,486.039,486.039
600.000E-3,737.839,743.247,745.068,745.981,746.530,746.897,747.159,747.356,747.509,747.631,730.752,731.741,732.072,732.237,732.336,732.403,732.450,732.485,732.513,732.535,677.952,678.111,678.164,678.190,678.206,678.217,678.224,678.230,678.234,678.238,602.000,602.023,602.031,602.035,602.038,602.039,602.040,602.041,602.042,602.042,486.113,486.116,486.118,486.118,486.118,486.119,486.119,486.119,486.119,486.119
605.000E-3,737.933,743.297,745.103,746.008,746.553,746.917,747.176,747.372,747.523,747.645,730.771,731.753,732.081,732.246,732.344,732.410,732.457,732.492,732.519,732.541,677.960,678.118,678.170,678.197,678.213,678.223,678.231,678.236,678.241,678.244,602.013,602.037,602.045,602.049,602.051,602.053,602.054,602.055,602.055,602.056,486.191,486.194,486.195,486.196,486.196,486.197,486.197,486.197,486.197,486.197
610.000E-3,738.027,743.347,745.137,746.036,746.576,746.936,747.194,747.387,747.538,747.658,730.790,731.765,732.091,732.254,732.352,732.417,732.464,732.499,732.526,732.548,677.968,678.125,678.177,678.203,678.219,678.229,678.237,678.242,678.247,678.250,602.027,602.050,602.058,602.062,602.064,602.066,602.067,602.068,602.068,602.069,486.267,486.270,486.271,486.272,486.272,486.272,486.272,486.272,486.273,486.273
615.000E-3,738.122,743.397,745.172,746.063,746.599,746.956,747.212,747.403,747.553,747.672,730.809,731.777,732.101,732.263,732.360,732.424,732.471,732.505,732.532,732.554,677.976,678.132,678.184,678.210,678.225,678.236,678.243,678.249,678.253,678.256,602.040,602.063,602.071,602.075,602.077,602.079,602.080,602.081,602.081,602.082,486.340,486.344,486.345,486.345,486.345,486.346,486.346,486.346,486.346,486.346
620.000E-3,738.216,743.447,745.207,746.090,746.621,746.976,747.229,747.419,747.567,747.686,730.828,731.789,732.110,732.271,732.367,732.432,732.478,732.512,732.539,732.560,677.984,678.139,678.190,678.216,678.232,678.242,678.249,678.255,678.259,678.263,602.053,602.076,602.084,602.088,602.090,602.092,602.093,602.094,602.094,602.095,486.412,486.415,486.416,486.417,486.417,486.417,486.417,486.417,486.418,486.418
625.000E-3,738.310,743.497,745.242,746.118,746.644,746.996,747.247,747.435,747.582,747.699,730.847,731.801,732.120,732.280,732.375,732.439,732.485,732.519,732.545,732.567,677.992,678.146,678.197,678.223,678.238,678.248,678.256,678.261,678.265,678.269,602.066,602.089,602.097,602.100,602.103,602.104,602.105,602.106,602.107,602.107,486.481,486.485,486.486,486.486,486.486,486.487,486.487,486.487,486.487,486.487
630.000E-3,738.404,743.547,745.277,746.145,746.667,747.015,747.264,747.451,747.597,747.713,730.866,731.813,732.130,732.288,732.383,732.446,732.492,732.526,732.552,732.573,678.000,678.153,678.204,678.229,678.244,678.255,678.262,678.267,678.272,678.275,602.078,602.101,602.109,602.113,602.115,602.117,602.118,602.119,602.119,602.120,486.549,486.552,486.553,486.554,486.554,486.554,486.554,486.554,486.555,486.555
635.000E-3,738.498,743.597,745.312,746.172,746.690,747.035,747.282,747.467,747.611,747.727,730.885,731.825,732.139,732.297,732.391,732.454,732.499,732.532,732.558,732.579,678.008,678.159,678.210,678.235,678.251,678.261,678.268,678.273,678.278,678.281,602.091,602.114,602.122,602.125,602.128,602.129,602.130,602.131,602.132,602.132,486.615,486.618,486.619,486.619,486.620,486.620,486.620,486.620,486.620,486.620
640.000E-3,738.592,743.647,745.347,746.200,746.713,747.055,747.299,747.483,747.626,747.740,730.904,731.837,732.149,732.305,732.399,732.461,732.506,732.539,732.565,732.586,678.015,678.166,678.217,678.242,678.257,678.267,678.274,678.280,678.284,678.287,602.103,602.126,602.134,602.138,602.140,602.141,602.142,602.143,602.144,602.144,486.679,486.682,486.683,486.683,486.684,486.684,486.684,486.684,486.684,486.684
645.000E-3,738.686,743.696,745.382,746.227,746.735,747.075,747.317,747.499,747.641,747.754,730.923,731.849,732.159,732.313,732.406,732.468,732.513,732.546,732.572,732.592,678.023,678.173,678.223,678.248,678.263,678.273,678.280,678.286,678.290,678.293,602.116,602.138,602.146,602.150,602.152,602.153,602.154,602.155,602.156,602.156,486.741,486.744,486.745,486.746,486.746,486.746,486.746,486.746,486.747,486.747
650.000E-3,738.780,743.746,745.417,746.254,746.758,747.094,747.335,747.515,747.655,747.767,730.942,731.861,732.168,732.322,732.414,732.476,732.519,732.552,732.578,732.598,678.031,678.180,678.230,678.255,678.269,678.279,678.286,678.292,678.296,678.299,602.128,602.150,602.158,602.162,602.164,602.165,602.166,602.167,602.168,602.168,486.802,486.805,486.806,486.806,486.807,486.807,486.807,486.807,486.807,486.807
655.000E-3,738.875,743.796,745.451,746.282,746.781,747.114,747.352,747.531,747.670,747.781,730.961,731.873,732.178,732.330,732.422,732.483,732.526,732.559,732.585,732.605,678.039,678.187,678.236,678.261,678.276,678.286,678.293,678.298,678.302,678.305,602.140,602.162,602.170,602.173,602.176,602.177,602.178,602.179,602.180,602.180,486.861,486.864,486.865,486.865,486.866,486.866,486.866,486.866,486.866,486.866
660.000E-3,738.969,743.846,745.486,746.309,746.804,747.134,747.370,747.547,747.685,747.795,730.980,731.885,732.188,732.339,732.430,732.490,732.533,732.566,732.591,732.611,678.047,678.194,678.243,678.267,678.282,678.292,678.299,678.304,678.308,678.311,602.152,602.174,602.181,602.185,602.187,602.189,602.190,602.191,602.191,602.192,486.918,486.921,486.922,486.923,486.923,486.923,486.924,486.924,486.924,486.924
665.000E-3,739.063,743.896,745.521,746.337,746.826,747.154,747.387,747.563,747.699,747.808,730.999,731.897,732.197,732.347,732.437,732.497,732.540,732.572,732.598,732.618,678.055,678.201,678.249,678.274,678.288,678.298,678.305,678.310,678.314,678.317,602.163,602.185,602.193,602.197,602.199,602.200,602.201,602.202,602.203,602.203,486.974,486.977,486.978,486.979,486.979,486.979,486.980,486.980,486.980,486.980
670.000E-3,739.157,743.946,745.556,746.364,746.849,747.173,747.405,747.579,747.714,747.822,731.018,731.909,732.207,732.356,732.445,732.505,732.547,732.579,732.604,732.624,678.062,678.207,678.256,678.280,678.294,678.304,678.311,678.316,678.320,678.323,602.175,602.197,602.204,602.208,602.210,602.212,602.213,602.213,602.214,602.215,487.029,487.032,487.033,487.033,487.034,487.034,487.034,487.034,487.034,487.034
675.000E-3,739.252,743.996,745.591,746.391,746.872,747.193,747.422,747.595,747.728,747.836,731.038,731.921,732.217,732.364,732.453,732.512,732.554,732.586,732.610,732.630,678.070,678.214,678.262,678.286,678.300,678.310,678.317,678.322,678.326,678.329,602.186,602.208,602.216,602.219,602.221,602.223,602.224,602.225,602.225,602.226,487.082,487.085,487.086,487.087,487.087,487.087,487.087,487.087,487.088,487.088
680.000E-3,739.346,744.046,745.626,746.419,746.895,747.213,747.440,747.610,747.743,747.849,731.057,731.933,732.226,732.373,732.461,732.519,732.561,732.593,732.617,732.637,678.078,678.221,678.269,678.292,678.307,678.316,678.323,678.328,678.332,678.335,602.198,602.219,602.227,602.230,602.232,602.234,602.235,602.236,602.236,602.237,487.134,487.137,487.138,487.139,487.139,487.139,487.139,487.139,487.139,487.140
685.000E-3,739.440,744.096,745.661,746.446,746.918,747.232,747.458,747.626,747.758,747.863,731.076,731.945,732.236,732.381,732.468,732.527,732.568,732.599,732.623,732.643,678.086,678.228,678.275,678.299,678.313,678.322,678.329,678.334,678.338,678.341,602.209,602.231,602.238,602.241,602.244,602.245,602.246,602.247,602.247,602.248,487.185,487.188,487.189,487.189,487.190,487.190,487.190,487.190,487.190,487.190
690.000E-3,739.535,744.146,745.696,746.473,746.940,747.252,747.475,747.642,747.772,747.877,731.095,731.957,732.246,732.390,732.476,732.534,732.575,732.606,732.630,732.649,678.093,678.234,678.281,678.305,678.319,678.328,678.335,678.340,678.344,678.347,602.220,602.242,602.249,602.252,602.254,602.256,602.257,602.258,602.258,602.259,487.234,487.237,487.238,487.239,487.239,487.239,487.239,487.239,487.239,487.240
695.000E-3,739.629,744.196,745.731,746.501,746.963,747.272,747.493,747.658,747.787,747.890,731.114,731.969,732.255,732.398,732.484,732.541,732.582,732.613,732.636,732.656,678.101,678.241,678.288,678.311,678.325,678.334,678.341,678.346,678.350,678.353,602.231,602.252,602.259,602.263,602.265,602.267,602.268,602.268,602.269,602.269,487.282,487.285,487.286,487.287,487.287,487.287,487.287,487.288,487.288,487.288
700.000E-3,739.724,744.246,745.766,746.528,746.986,747.292,747.510,747.674,747.802,747.904,731.133,731.981,732.265,732.407,732.492,732.548,732.589,732.619,732.643,732.662,678.109,678.248,678.294,678.317,678.331,678.340,678.347,678.352,678.356,678.359,602.242,602.263,602.270,602.274,602.276,602.277,602.278,602.279,602.280,602.280,487.329,487.332,487.333,487.334,487.334,487.334,487.334,487.335,487.335,487.335
705.000E-3,739.818,744.296,745.801,746.555,747.009,747.311,747.528,747.690,747.816,747.918,731.152,731.993,732.274,732.415,732.499,732.556,732.596,732.626,732.649,732.668,678.116,678.254,678.300,678.323,678.337,678.346,678.353,678.358,678.362,678.365,602.253,602.274,602.281,602.284,602.286,602.288,602.289,602.290,602.290,602.291,487.375,487.378,487.379,487.380,487.380,487.380,487.380,487.380,487.381,487.381
710.000E-3,739.912,744.346,745.836,746.583,747.032,747.331,747.545,747.706,747.831,747.931,731.171,732.005,732.284,732.423,732.507,732.563,732.603,732.633,732.656,732.675,678.124,678.261,678.307,678.330,678.343,678.353,678.359,678.364,678.368,678.371,602.263,602.284,602.291,602.295,602.297,602.298,602.299,602.300,602.301,602.301,487.420,487.423,487.424,487.425,487.425,487.425,487.425,487.425,487.425,487.425
715.000E-3,740.007,744.396,745.871,746.610,747.054,747.351,747.563,747.722,747.846,747.945,731.190,732.017,732.294,732.432,732.515,732.570,732.610,732.639,732.662,732.681,678.132,678.268,678.313,678.336,678.349,678.359,678.365,678.370,678.374,678.377,602.274,602.295,602.302,602.305,602.307,602.309,602.310,602.310,602.311,602.311,487.464,487.467,487.468,487.468,487.469,487.469,487.469,487.469,487.469,487.469
720.000E-3,740.101,744.446,745.905,746.637,747.077,747.371,747.581,747.738,747.860,747.958,731.209,732.029,732.303,732.440,732.523,732.577,732.617,732.646,732.669,732.687,678.139,678.274,678.320,678.342,678.356,678.365,678.371,678.376,678.380,678.383,602.284,602.305,602.312,602.315,602.317,602.319,602.320,602.321,602.321,602.322,487.507,487.510,487.511,487.511,487.511,487.512,487.512,487.512,487.512,487.512
725.000E-3,740.196,744.496,745.940,746.665,747.100,747.390,747.598,747.754,747.875,747.972,731.228,732.041,732.313,732.449,732.530,732.585,732.624,732.653,732.675,732.693,678.147,678.281,678.326,678.348,678.362,678.371,678.377,678.382,678.385,678.388,602.295,602.315,602.322,602.326,602.328,602.329,602.330,602.331,602.331,602.332,487.549,487.551,487.552,487.553,487.553,487.553,487.554,487.554,487.554,487.554
730.000E-3,740.291,744.546,745.975,746.692,747.123,747.410,747.616,747.770,747.890,747.986,731.247,732.053,732.323,732.457,732.538,732.592,732.630,732.659,732.682,732.700,678.155,678.288,678.332,678.354,678.368,678.376,678.383,678.388,678.391,678.394,602.305,602.325,602.332,602.336,602.338,602.339,602.340,602.341,602.341,602.342,487.589,487.592,487.593,487.594,487.594,487.594,487.594,487.594,487.595,487.595
735.000E-3,740.385,744.596,746.010,746.719,747.146,747.430,747.633,747.786,747.904,747.999,731.266,732.065,732.332,732.466,732.546,732.599,732.637,732.666,732.688,732.706,678.162,678.294,678.338,678.360,678.374,678.382,678.389,678.393,678.397,678.400,602.315,602.336,602.342,602.346,602.348,602.349,602.350,602.351,602.351,602.352,487.629,487.632,487.633,487.634,487.634,487.634,487.634,487.634,487.635,487.635
740.000E-3,740.480,744.646,746.045,746.747,747.168,747.450,747.651,747.802,747.919,748.013,731.285,732.077,732.342,732.474,732.554,732.607,732.644,732.673,732.695,732.712,678.170,678.301,678.345,678.367,678.380,678.388,678.395,678.399,678.403,678.406,602.325,602.346,602.352,602.356,602.358,602.359,602.360,602.361,602.361,602.362,487.669,487.671,487.672,487.673,487.673,487.673,487.673,487.673,487.674,487.674
745.000E-3,740.574,744.696,746.080,746.774,747.191,747.470,747.668,747.818,747.934,748.027,731.304,732.089,732.351,732.483,732.561,732.614,732.651,732.679,732.701,732.719,678.178,678.308,678.351,678.373,678.386,678.394,678.401,678.405,678.409,678.412,602.335,602.355,602.362,602.365,602.367,602.369,602.370,602.370,602.371,602.371,487.707,487.710,487.711,487.711,487.711,487.711,487.712,487.712,487.712,487.712
750.000E-3,740.669,744.746,746.115,746.802,747.214,747.489,747.686,747.834,747.948,748.040,731.323,732.101,732.361,732.491,732.569,732.621,732.658,732.686,732.708,732.725,678.185,678.314,678.357,678.379,678.392,678.400,678.406,678.411,678.415,678.418,602.345,602.365,602.372,602.375,602.377,602.378,602.379,602.380,602.381,602.381,487.744,487.747,487.748,487.748,487.749,487.749,487.749,487.749,487.749,487.749
755.000E-3,740.764,744.796,746.150,746.829,747.237,747.509,747.704,747.850,747.963,748.054,731.342,732.113,732.371,732.500,732.577,732.628,732.665,732.693,732.714,732.731,678.193,678.321,678.364,678.385,678.398,678.406,678.412,678.417,678.420,678.423,602.355,602.375,602.381,602.385,602.387,602.388,602.389,602.390,602.390,602.391,487.781,487.784,487.784,487.785,487.785,487.785,487.785,487.786,487.786,487.786
760.000E-3,740.858,744.846,746.185,746.856,747.260,747.529,747.721,747.865,747.978,748.068,731.361,732.125,732.380,732.508,732.585,732.636,732.672,732.699,732.721,732.738,678.200,678.327,678.370,678.391,678.404,678.412,678.418,678.423,678.426,678.429,602.365,602.384,602.391,602.394,602.396,602.398,602.398,602.399,602.400,602.400,487.817,487.819,487.820,487.821,487.821,487.821,487.821,487.821,487.821,487.822
765.000E-3,740.953,744.896,746.220,746.884,747.282,747.549,747.739,747.881,747.992,748.081,731.380,732.137,732.390,732.516,732.592,732.643,732.679,732.706,732.727,732.744,678.208,678.334,678.376,678.397,678.410,678.418,678.424,678.429,678.432,678.435,602.375,602.394,602.401,602.404,602.406,602.407,602.408,602.409,602.409,602.410,487.852,487.854,487.855,487.856,487.856,487.856,487.856,487.856,487.856,487.857
770.000E-3,741.048,744.946,746.255,746.911,747.305,747.568,747.756,747.897,748.007,748.095,731.399,732.149,732.400,732.525,732.600,732.650,732.686,732.713,732.734,732.750,678.215,678.341,678.382,678.403,678.416,678.424,678.430,678.434,678.438,678.441,602.384,602.404,602.410,602.413,602.415,602.416,602.417,602.418,602.419,602.419,487.886,487.889,487.890,487.890,487.890,487.890,487.891,487.891,487.891,487.891
775.000E-3,741.143,744.996,746.290,746.938,747.328,747.588,747.774,747.913,748.022,748.109,731.418,732.161,732.409,732.533,732.608,732.657,732.693,732.719,732.740,732.757,678.223,678.347,678.388,678.409,678.422,678.430,678.436,678.440,678.444,678.446,602.394,602.413,602.419,602.422,602.424,602.426,602.427,602.427,602.428,602.428,487.920,487.922,487.923,487.924,487.924,487.924,487.924,487.924,487.924,487.924
780.000E-3,741.237,745.047,746.325,746.966,747.351,747.608,747.791,747.929,748.036,748.122,731.437,732.173,732.419,732.542,732.615,732.665,732.700,732.726,732.747,732.763,678.231,678.354,678.395,678.415,678.428,678.436,678.442,678.446,678.449,678.452,602.403,602.422,602.429,602.432,602.434,602.435,602.436,602.436,602.437,602.437,487.952,487.955,487.956,487.957,487.957,487.957,487.957,487.957,487.957,487.957
785.000E-3,741.332,745.097,746.360,746.993,747.374,747.628,747.809,747.945,748.051,748.136,731.456,732.185,732.428,732.550,732.623,732.672,732.707,732.733,732.753,732.769,678.238,678.360,678.401,678.421,678.433,678.442,678.447,678.452,678.455,678.458,602.413,602.431,602.438,602.441,602.443,602.444,602.445,602.446,602.446,602.447,487.985,487.987,487.988,487.989,487.989,487.989,487.989,487.989,487.990,487.990
790.000E-3,741.427,745.147,746.395,747.021,747.397,747.647,747.827,747.961,748.066,748.149,731.476,732.197,732.438,732.559,732.631,732.679,732.714,732.739,732.759,732.776,678.246,678.367,678.407,678.427,678.439,678.447,678.453,678.458,678.461,678.464,602.422,602.441,602.447,602.450,602.452,602.453,602.454,602.455,602.455,602.456,488.016,488.019,488.020,488.020,488.021,488.021,488.021,488.021,488.021,488.021
795.000E-3,741.522,745.197,746.430,747.048,747.419,747.667,747.844,747.977,748.080,748.163,731.495,732.209,732.448,732.567,732.639,732.686,732.720,732.746,732.766,732.782,678.253,678.373,678.413,678.433,678.445,678.453,678.459,678.463,678.467,678.469,602.431,602.450,602.456,602.459,602.461,602.462,602.463,602.464,602.464,602.465,488.047,488.050,488.051,488.051,488.052,488.052,488.052,488.052,488.052,488.052
800.000E-3,741.617,745.247,746.465,747.075,747.442,747.687,747.862,747.993,748.095,748.177,731.514,732.221,732.457,732.575,732.646,732.694,732.727,732.753,732.772,732.788,678.261,678.380,678.419,678.439,678.451,678.459,678.465,678.469,678.472,678.475,602.440,602.459,602.465,602.468,602.470,602.471,602.472,602.473,602.473,602.474,488.078,488.080,488.081,488.082,488.082,488.082,488.082,488.082,488.082,488.082
805.000E-3,741.712,745.297,746.500,747.103,747.465,747.707,747.879,748.009,748.110,748.190,731.533,732.233,732.467,732.584,732.654,732.701,732.734,732.759,732.779,732.794,678.268,678.386,678.426,678.445,678.457,678.465,678.471,678.475,678.478,678.481,602.449,602.468,602.474,602.477,602.479,602.480,602.481,602.482,602.482,602.482,488.108,488.110,488.111,488.111,488.112,488.112,488.112,488.112,488.112,488.112
810.000E-3,741.807,745.347,746.535,747.130,747.488,747.726,747.897,748.025,748.124,748.204,731.552,732.245,732.477,732.592,732.662,732.708,732.741,732.766,732.785,732.801,678.276,678.393,678.432,678.451,678.463,678.471,678.476,678.481,678.484,678.486,602.458,602.477,602.483,602.486,602.488,602.489,602.490,602.490,602.491,602.491,488.137,488.139,488.140,488.141,488.141,488.141,488.141,488.141,488.141,488.141
815.000E-3,741.902,745.397,746.570,747.158,747.511,747.746,747.914,748.041,748.139,748.218,731.571,732.257,732.486,732.601,732.670,732.715,732.748,732.773,732.792,732.807,678.283,678.399,678.438,678.457,678.469,678.477,678.482,678.486,678.490,678.492,602.467,602.485,602.492,602.495,602.496,602.498,602.498,602.499,602.500,602.500,488.165,488.168,488.169,488.169,488.170,488.170,488.170,488.170,488.170,488.170
820.000E-3,741.997,745.447,746.605,747.185,747.533,747.766,747.932,748.057,748.154,748.231,731.590,732.269,732.496,732.609,732.677,732.723,732.755,732.779,732.798,732.813,678.291,678.406,678.444,678.463,678.475,678.482,678.488,678.492,678.495,678.498,602.476,602.494,602.500,602.503,602.505,602.506,602.507,602.508,602.508,602.509,488.194,488.196,488.197,488.197,488.198,488.198,488.198,488.198,488.198,488.198
825.000E-3,742.092,745.498,746.640,747.212,747.556,747.786,747.950,748.073,748.168,748.245,731.609,732.281,732.505,732.618,732.685,732.730,732.762,732.786,732.805,732.820,678.298,678.412,678.450,678.469,678.481,678.488,678.494,678.498,678.501,678.504,602.485,602.503,602.509,602.512,602.514,602.515,602.516,602.516,602.517,602.517,488.221,488.224,488.225,488.225,488.225,488.225,488.226,488.226,488.226,488.226
830.000E-3,742.187,745.548,746.675,747.240,747.579,747.805,747.967,748.089,748.183,748.259,731.628,732.293,732.515,732.626,732.693,732.737,732.769,732.793,732.811,732.826,678.305,678.419,678.456,678.475,678.487,678.494,678.499,678.504,678.507,678.509,602.494,602.512,602.518,602.520,602.522,602.523,602.524,602.525,602.525,602.526,488.248,488.251,488.252,488.252,488.252,488.252,488.253,488.253,488.253,488.253
835.000E-3,742.282,745.598,746.710,747.267,747.602,747.825,747.985,748.105,748.198,748.272,731.647,732.305,732.525,732.634,732.700,732.744,732.776,732.799,732.818,732.832,678.313,678.425,678.462,678.481,678.492,678.500,678.505,678.509,678.512,678.515,602.503,602.520,602.526,602.529,602.531,602.532,602.533,602.533,602.534,602.534,488.275,488.277,488.278,488.279,488.279,488.279,488.279,488.279,488.279,488.279
840.000E-3,742.377,745.648,746.745,747.295,747.625,747.845,748.002,748.121,748.212,748.286,731.666,732.317,732.534,732.643,732.708,732.752,732.783,732.806,732.824,732.839,678.320,678.432,678.469,678.487,678.498,678.506,678.511,678.515,678.518,678.521,602.511,602.529,602.535,602.538,602.539,602.540,602.541,602.542,602.542,602.543,488.301,488.304,488.304,488.305,488.305,488.305,488.305,488.305,488.305,488.306
845.000E-3,742.472,745.698,746.780,747.322,747.648,747.865,748.020,748.136,748.227,748.300,731.685,732.329,732.544,732.651,732.716,732.759,732.790,732.813,732.831,732.845,678.328,678.438,678.475,678.493,678.504,678.511,678.517,678.521,678.524,678.526,602.520,602.537,602.543,602.546,602.548,602.549,602.550,602.550,602.551,602.551,488.327,488.329,488.330,488.330,488.331,488.331,488.331,488.331,488.331,488.331
850.000E-3,742.567,745.748,746.815,747.349,747.670,747.885,748.038,748.152,748.242,748.313,731.704,732.341,732.553,732.660,732.724,732.766,732.796,732.819,732.837,732.851,678.335,678.444,678.481,678.499,678.510,678.517,678.522,678.526,678.529,678.532,602.529,602.546,602.551,602.554,602.556,602.557,602.558,602.559,602.559,602.559,488.352,488.354,488.355,488.356,488.356,488.356,488.356,488.356,488.356,488.356
855.000E-3,742.662,745.799,746.850,747.377,747.693,747.904,748.055,748.168,748.256,748.327,731.723,732.353,732.563,732.668,732.731,732.773,732.803,732.826,732.843,732.857,678.343,678.451,678.487,678.505,678.516,678.523,678.528,678.532,678.535,678.537,602.537,602.554,602.560,602.563,602.564,602.565,602.566,602.567,602.567,602.568,488.377,488.379,488.380,488.380,488.381,488.381,488.381,488.381,488.381,488.381
860.000E-3,742.757,745.849,746.885,747.404,747.716,747.924,748.073,748.184,748.271,748.341,731.742,732.365,732.573,732.677,732.739,732.781,732.810,732.833,732.850,732.864,678.350,678.457,678.493,678.511,678.522,678.529,678.534,678.538,678.541,678.543,602.546,602.562,602.568,602.571,602.573,602.574,602.575,602.575,602.576,602.576,488.401,488.403,488.404,488.405,488.405,488.405,488.405,488.405,488.405,488.405
865.000E-3,742.852,745.899,746.920,747.432,747.739,747.944,748.090,748.200,748.286,748.354,731.761,732.377,732.582,732.685,732.747,732.788,732.817,732.839,732.856,732.870,678.357,678.464,678.499,678.517,678.527,678.535,678.540,678.543,678.546,678.549,602.554,602.571,602.576,602.579,602.581,602.582,602.583,602.583,602.584,602.584,488.425,488.427,488.428,488.429,488.429,488.429,488.429,488.429,488.429,488.429
870.000E-3,742.948,745.949,746.955,747.459,747.762,747.964,748.108,748.216,748.300,748.368,731.780,732.389,732.592,732.693,732.754,732.795,732.824,732.846,732.863,732.876,678.365,678.470,678.505,678.523,678.533,678.540,678.545,678.549,678.552,678.554,602.562,602.579,602.584,602.587,602.589,602.590,602.591,602.591,602.592,602.592,488.448,488.451,488.452,488.452,488.452,488.452,488.453,488.453,488.453,488.453
875.000E-3,743.043,745.999,746.990,747.486,747.785,747.983,748.126,748.232,748.315,748.382,731.799,732.401,732.601,732.702,732.762,732.802,732.831,732.853,732.869,732.883,678.372,678.477,678.511,678.529,678.539,678.546,678.551,678.555,678.558,678.560,602.571,602.587,602.593,602.595,602.597,602.598,602.599,602.600,602.600,602.600,488.472,488.474,488.475,488.475,488.475,488.476,488.476,488.476,488.476,488.476
880.000E-3,743.138,746.050,747.025,747.514,747.807,748.003,748.143,748.248,748.330,748.395,731.818,732.413,732.611,732.710,732.770,732.810,732.838,732.859,732.876,732.889,678.380,678.483,678.517,678.535,678.545,678.552,678.557,678.560,678.563,678.566,602.579,602.595,602.601,602.603,602.605,602.606,602.607,602.608,602.608,602.608,488.494,488.497,488.497,488.498,488.498,488.498,488.498,488.498,488.499,488.499
885.000E-3,743.233,746.100,747.060,747.541,747.830,748.023,748.161,748.264,748.345,748.409,731.837,732.425,732.621,732.719,732.778,732.817,732.845,732.866,732.882,732.895,678.387,678.489,678.523,678.540,678.551,678.558,678.562,678.566,678.569,678.571,602.587,602.603,602.609,602.611,602.613,602.614,602.615,602.616,602.616,602.616,488.517,488.519,488.520,488.520,488.520,488.521,488.521,488.521,488.521,488.521
890.000E-3,743.329,746.150,747.095,747.569,747.853,748.043,748.178,748.280,748.359,748.423,731.856,732.437,732.630,732.727,732.785,732.824,732.852,732.872,732.889,732.902,678.394,678.496,678.529,678.546,678.556,678.563,678.568,678.572,678.575,678.577,602.595,602.611,602.617,602.619,602.621,602.622,602.623,602.624,602.624,602.624,488.539,488.541,488.542,488.542,488.542,488.543,488.543,488.543,488.543,488.543
895.000E-3,743.424,746.200,747.130,747.596,747.876,748.063,748.196,748.296,748.374,748.436,731.875,732.449,732.640,732.736,732.793,732.831,732.859,732.879,732.895,732.908,678.402,678.502,678.536,678.552,678.562,678.569,678.574,678.577,678.580,678.582,602.603,602.619,602.625,602.627,602.629,602.630,602.631,602.631,602.632,602.632,488.560,488.563,488.563,488.564,488.564,488.564,488.564,488.564,488.564,488.564
900.000E-3,743.519,746.250,747.165,747.624,747.899,748.082,748.214,748.312,748.389,748.450,731.894,732.461,732.649,732.744,732.801,732.838,732.866,732.886,732.902,732.914,678.409,678.508,678.542,678.558,678.568,678.575,678.579,678.583,678.586,678.588,602.611,602.627,602.633,602.635,602.637,602.638,602.639,602.639,602.640,602.640,488.582,488.584,488.585,488.585,488.585,488.585,488.586,488.586,488.586,488.586
905.000E-3,743.615,746.301,747.200,747.651,747.922,748.102,748.231,748.328,748.403,748.464,731.913,732.473,732.659,732.752,732.808,732.846,732.872,732.892,732.908,732.920,678.417,678.515,678.548,678.564,678.574,678.580,678.585,678.589,678.591,678.594,602.620,602.635,602.641,602.643,602.645,602.646,602.647,602.647,602.648,602.648,488.603,488.605,488.606,488.606,488.606,488.606,488.607,488.607,488.607,488.607
910.000E-3,743.710,746.351,747.235,747.678,747.944,748.122,748.249,748.344,748.418,748.477,731.932,732.484,732.669,732.761,732.816,732.853,732.879,732.899,732.914,732.927,678.424,678.521,678.554,678.570,678.580,678.586,678.591,678.594,678.597,678.599,602.628,602.643,602.648,602.651,602.653,602.654,602.654,602.655,602.655,602.656,488.623,488.626,488.626,488.627,488.627,488.627,488.627,488.627,488.627,488.627
915.000E-3,743.806,746.401,747.270,747.706,747.967,748.142,748.266,748.360,748.433,748.491,731.951,732.496,732.678,732.769,732.824,732.860,732.886,732.906,732.921,732.933,678.431,678.528,678.560,678.576,678.585,678.592,678.596,678.600,678.603,678.605,602.636,602.651,602.656,602.659,602.660,602.661,602.662,602.663,602.663,602.663,488.644,488.646,488.647,488.647,488.647,488.647,488.647,488.648,488.648,488.648
920.000E-3,743.901,746.451,747.306,747.733,747.990,748.162,748.284,748.376,748.447,748.505,731.971,732.508,732.688,732.778,732.832,732.867,732.893,732.912,732.927,732.939,678.439,678.534,678.566,678.582,678.591,678.598,678.602,678.605,678.608,678.610,602.643,602.659,602.664,602.666,602.668,602.669,602.670,602.670,602.671,602.671,488.664,488.666,488.667,488.667,488.667,488.667,488.667,488.668,488.668,488.668
925.000E-3,743.996,746.502,747.341,747.761,748.013,748.181,748.302,748.392,748.462,748.518,731.990,732.520,732.697,732.786,732.839,732.875,732.900,732.919,732.934,732.946,678.446,678.540,678.572,678.587,678.597,678.603,678.608,678.611,678.614,678.616,602.651,602.667,602.672,602.674,602.676,602.677,602.677,602.678,602.678,602.679,488.683,488.686,488.686,488.687,488.687,488.687,488.687,488.687,488.687,488.687
930.000E-3,744.092,746.552,747.376,747.788,748.036,748.201,748.319,748.408,748.477,748.532,732.009,732.532,732.707,732.795,732.847,732.882,732.907,732.926,732.940,732.952,678.453,678.547,678.578,678.593,678.603,678.609,678.613,678.617,678.619,678.621,602.659,602.674,602.679,602.682,602.683,602.684,602.685,602.686,602.686,602.686,488.703,488.705,488.706,488.706,488.706,488.706,488.707,488.707,488.707,488.707
935.000E-3,744.188,746.602,747.411,747.816,748.059,748.221,748.337,748.424,748.491,748.546,732.028,732.544,732.717,732.803,732.855,732.889,732.914,732.932,732.947,732.958,678.461,678.553,678.584,678.599,678.608,678.615,678.619,678.622,678.625,678.627,602.667,602.682,602.687,602.689,602.691,602.692,602.693,602.693,602.694,602.694,488.722,488.724,488.725,488.725,488.725,488.726,488.726,488.726,488.726,488.726
940.000E-3,744.283,746.653,747.446,747.843,748.082,748.241,748.354,748.440,748.506,748.559,732.047,732.556,732.726,732.811,732.862,732.896,732.921,732.939,732.953,732.964,678.468,678.559,678.590,678.605,678.614,678.620,678.625,678.628,678.630,678.632,602.675,602.690,602.694,602.697,602.698,602.699,602.700,602.701,602.701,602.701,488.741,488.743,488.744,488.744,488.744,488.744,488.745,488.745,488.745,488.745
945.000E-3,744.379,746.703,747.481,747.871,748.105,748.261,748.372,748.456,748.521,748.573,732.066,732.568,732.736,732.820,732.870,732.904,732.928,732.946,732.960,732.971,678.475,678.566,678.596,678.611,678.620,678.626,678.630,678.633,678.636,678.638,602.682,602.697,602.702,602.704,602.706,602.707,602.708,602.708,602.709,602.709,488.759,488.762,488.762,488.763,488.763,488.763,488.763,488.763,488.763,488.763
950.000E-3,744.474,746.753,747.516,747.898,748.127,748.280,748.390,748.472,748.536,748.587,732.085,732.580,732.746,732.828,732.878,732.911,732.935,732.952,732.966,732.977,678.483,678.572,678.602,678.617,678.626,678.632,678.636,678.639,678.642,678.644,602.690,602.705,602.710,602.712,602.713,602.714,602.715,602.716,602.716,602.716,488.778,488.780,488.781,488.781,488.781,488.781,488.781,488.781,488.782,488.782
955.000E-3,744.570,746.804,747.551,747.926,748.150,748.300,748.407,748.488,748.550,748.600,732.104,732.592,732.755,732.837,732.886,732.918,732.941,732.959,732.972,732.983,678.490,678.578,678.608,678.623,678.631,678.637,678.641,678.645,678.647,678.649,602.698,602.712,602.717,602.719,602.721,602.722,602.723,602.723,602.723,602.724,488.796,488.798,488.799,488.799,488.799,488.799,488.799,488.800,488.800,488.800
960.000E-3,744.666,746.854,747.586,747.953,748.173,748.320,748.425,748.504,748.565,748.614,732.123,732.604,732.765,732.845,732.893,732.925,732.948,732.966,732.979,732.990,678.497,678.585,678.614,678.628,678.637,678.643,678.647,678.650,678.653,678.655,602.705,602.720,602.725,602.727,602.728,602.729,602.730,602.730,602.731,602.731,488.814,488.816,488.816,488.817,488.817,488.817,488.817,488.817,488.817,488.817
965.000E-3,744.761,746.904,747.621,747.980,748.196,748.340,748.443,748.520,748.580,748.628,732.142,732.616,732.774,732.853,732.901,732.933,732.955,732.972,732.985,732.996,678.505,678.591,678.620,678.634,678.643,678.649,678.653,678.656,678.658,678.660,602.713,602.727,602.732,602.734,602.736,602.737,602.737,602.738,602.738,602.739,488.831,488.833,488.834,488.834,488.835,488.835,488.835,488.835,488.835,488.835
970.000E-3,744.857,746.955,747.657,748.008,748.219,748.360,748.460,748.536,748.594,748.641,732.161,732.628,732.784,732.862,732.909,732.940,732.962,732.979,732.992,733.002,678.512,678.597,678.626,678.640,678.649,678.654,678.658,678.661,678.664,678.666,602.721,602.735,602.739,602.742,602.743,602.744,602.745,602.745,602.746,602.746,488.849,488.851,488.851,488.852,488.852,488.852,488.852,488.852,488.852,488.852
975.000E-3,744.953,747.005,747.692,748.035,748.242,748.380,748.478,748.552,748.609,748.655,732.180,732.640,732.794,732.870,732.916,732.947,732.969,732.986,732.998,733.009,678.519,678.604,678.632,678.646,678.654,678.660,678.664,678.667,678.669,678.671,602.728,602.742,602.747,602.749,602.750,602.751,602.752,602.752,602.753,602.753,488.866,488.868,488.868,488.869,488.869,488.869,488.869,488.869,488.869,488.869
980.000E-3,745.048,747.055,747.727,748.063,748.265,748.399,748.496,748.568,748.624,748.669,732.199,732.652,732.803,732.879,732.924,732.954,732.976,732.992,733.005,733.015,678.527,678.610,678.638,678.652,678.660,678.666,678.670,678.673,678.675,678.677,602.736,602.749,602.754,602.756,602.758,602.759,602.759,602.760,602.760,602.760,488.883,488.885,488.885,488.886,488.886,488.886,488.886,488.886,488.886,488.886
985.000E-3,745.144,747.106,747.762,748.090,748.288,748.419,748.513,748.584,748.639,748.683,732.218,732.664,732.813,732.887,732.932,732.962,732.983,732.999,733.011,733.021,678.534,678.616,678.644,678.657,678.666,678.671,678.675,678.678,678.680,678.682,602.743,602.757,602.761,602.764,602.765,602.766,602.766,602.767,602.767,602.768,488.899,488.901,488.902,488.902,488.902,488.903,488.903,488.903,488.903,488.903
990.000E-3,745.240,747.156,747.797,748.118,748.311,748.439,748.531,748.600,748.653,748.696,732.237,732.676,732.822,732.896,732.940,732.969,732.990,733.006,733.018,733.027,678.541,678.623,678.650,678.663,678.671,678.677,678.681,678.684,678.686,678.688,602.751,602.764,602.769,602.771,602.772,602.773,602.774,602.774,602.775,602.775,488.916,488.918,488.918,488.919,488.919,488.919,488.919,488.919,488.919,488.919
995.000E-3,745.336,747.207,747.832,748.145,748.334,748.459,748.549,748.616,748.668,748.710,732.256,732.688,732.832,732.904,732.947,732.976,732.997,733.012,733.024,733.034,678.549,678.629,678.656,678.669,678.677,678.683,678.686,678.689,678.691,678.693,602.758,602.771,602.776,602.778,602.779,602.780,602.781,602.781,602.782,602.782,488.932,488.934,488.934,488.935,488.935,488.935,488.935,488.935,488.935,488.935
1.00000,745.432,747.257,747.867,748.173,748.356,748.479,748.566,748.632,748.683,748.724,732.275,732.700,732.842,732.913,732.955,732.983,733.004,733.019,733.031,733.040,678.556,678.635,678.662,678.675,678.683,678.688,678.692,678.695,678.697,678.699,602.765,602.779,602.783,602.785,602.787,602.787,602.788,602.789,602.789,602.789,488.948,488.950,488.950,488.951,488.951,488.951,488.951,488.951,488.951,488.951
