time (s),/Q5/C b 8 M 0.25  (A),/Q5/C b 8 M 0.5  (A),/Q5/C b 8 M 1  (A),/Q5/C b 8 M 2  (A),/Q5/C b 8 M 4  (A),/Q5/C b 12 M 0.25  (A),/Q5/C b 12 M 0.5  (A),/Q5/C b 12 M 1  (A),/Q5/C b 12 M 2  (A),/Q5/C b 12 M 4  (A),/Q5/C b 16 M 0.25  (A),/Q5/C b 16 M 0.5  (A),/Q5/C b 16 M 1  (A),/Q5/C b 16 M 2  (A),/Q5/C b 16 M 4  (A),/Q5/C b 20 M 0.25  (A),/Q5/C b 20 M 0.5  (A),/Q5/C b 20 M 1  (A),/Q5/C b 20 M 2  (A),/Q5/C b 20 M 4  (A),/Q5/C b 24 M 0.25  (A),/Q5/C b 24 M 0.5  (A),/Q5/C b 24 M 1  (A),/Q5/C b 24 M 2  (A),/Q5/C b 24 M 4  (A),/Q5/C b 28 M 0.25  (A),/Q5/C b 28 M 0.5  (A),/Q5/C b 28 M 1  (A),/Q5/C b 28 M 2  (A),/Q5/C b 28 M 4  (A),/Q5/C b 32 M 0.25  (A),/Q5/C b 32 M 0.5  (A),/Q5/C b 32 M 1  (A),/Q5/C b 32 M 2  (A),/Q5/C b 32 M 4  (A),/Q5/C b 36 M 0.25  (A),/Q5/C b 36 M 0.5  (A),/Q5/C b 36 M 1  (A),/Q5/C b 36 M 2  (A),/Q5/C b 36 M 4  (A),/Q5/C b 40 M 0.25  (A),/Q5/C b 40 M 0.5  (A),/Q5/C b 40 M 1  (A),/Q5/C b 40 M 2  (A),/Q5/C b 40 M 4  (A),/Q6/C b 8 M 0.25  (A),/Q6/C b 8 M 0.5  (A),/Q6/C b 8 M 1  (A),/Q6/C b 8 M 2  (A),/Q6/C b 8 M 4  (A),/Q6/C b 12 M 0.25  (A),/Q6/C b 12 M 0.5  (A),/Q6/C b 12 M 1  (A),/Q6/C b 12 M 2  (A),/Q6/C b 12 M 4  (A),/Q6/C b 16 M 0.25  (A),/Q6/C b 16 M 0.5  (A),/Q6/C b 16 M 1  (A),/Q6/C b 16 M 2  (A),/Q6/C b 16 M 4  (A),/Q6/C b 20 M 0.25  (A),/Q6/C b 20 M 0.5  (A),/Q6/C b 20 M 1  (A),/Q6/C b 20 M 2  (A),/Q6/C b 20 M 4  (A),/Q6/C b 24 M 0.25  (A),/Q6/C b 24 M 0.5  (A),/Q6/C b 24 M 1  (A),/Q6/C b 24 M 2  (A),/Q6/C b 24 M 4  (A),/Q6/C b 28 M 0.25  (A),/Q6/C b 28 M 0.5  (A),/Q6/C b 28 M 1  (A),/Q6/C b 28 M 2  (A),/Q6/C b 28 M 4  (A),/Q6/C b 32 M 0.25  (A),/Q6/C b 32 M 0.5  (A),/Q6/C b 32 M 1  (A),/Q6/C b 32 M 2  (A),/Q6/C b 32 M 4  (A),/Q6/C b 36 M 0.25  (A),/Q6/C b 36 M 0.5  (A),/Q6/C b 36 M 1  (A),/Q6/C b 36 M 2  (A),/Q6/C b 36 M 4  (A),/Q6/C b 40 M 0.25  (A),/Q6/C b 40 M 0.5  (A),/Q6/C b 40 M 1  (A),/Q6/C b 40 M 2  (A),/Q6/C b 40 M 4  (A),/Q3/C b 8 M 0.25  (A),/Q3/C b 8 M 0.5  (A),/Q3/C b 8 M 1  (A),/Q3/C b 8 M 2  (A),/Q3/C b 8 M 4  (A),/Q3/C b 12 M 0.25  (A),/Q3/C b 12 M 0.5  (A),/Q3/C b 12 M 1  (A),/Q3/C b 12 M 2  (A),/Q3/C b 12 M 4  (A),/Q3/C b 16 M 0.25  (A),/Q3/C b 16 M 0.5  (A),/Q3/C b 16 M 1  (A),/Q3/C b 16 M 2  (A),/Q3/C b 16 M 4  (A),/Q3/C b 20 M 0.25  (A),/Q3/C b 20 M 0.5  (A),/Q3/C b 20 M 1  (A),/Q3/C b 20 M 2  (A),/Q3/C b 20 M 4  (A),/Q3/C b 24 M 0.25  (A),/Q3/C b 24 M 0.5  (A),/Q3/C b 24 M 1  (A),/Q3/C b 24 M 2  (A),/Q3/C b 24 M 4  (A),/Q3/C b 28 M 0.25  (A),/Q3/C b 28 M 0.5  (A),/Q3/C b 28 M 1  (A),/Q3/C b 28 M 2  (A),/Q3/C b 28 M 4  (A),/Q3/C b 32 M 0.25  (A),/Q3/C b 32 M 0.5  (A),/Q3/C b 32 M 1  (A),/Q3/C b 32 M 2  (A),/Q3/C b 32 M 4  (A),/Q3/C b 36 M 0.25  (A),/Q3/C b 36 M 0.5  (A),/Q3/C b 36 M 1  (A),/Q3/C b 36 M 2  (A),/Q3/C b 36 M 4  (A),/Q3/C b 40 M 0.25  (A),/Q3/C b 40 M 0.5  (A),/Q3/C b 40 M 1  (A),/Q3/C b 40 M 2  (A),/Q3/C b 40 M 4  (A)
0.00000,-3.47564E-3,-1.84102E-3,-950.485E-6,-483.305E-6,-243.730E-6,-3.47570E-3,-1.84103E-3,-950.486E-6,-483.315E-6,-243.730E-6,-3.47577E-3,-1.84104E-3,-950.487E-6,-483.305E-6,-243.731E-6,-3.47582E-3,-1.84105E-3,-950.488E-6,-483.306E-6,-243.731E-6,-3.47585E-3,-1.84105E-3,-950.489E-6,-483.306E-6,-243.731E-6,-3.47587E-3,-1.84105E-3,-950.489E-6,-483.306E-6,-243.732E-6,-3.47589E-3,-1.84106E-3,-950.492E-6,-483.306E-6,-243.732E-6,-3.47590E-3,-1.84106E-3,-950.493E-6,-483.306E-6,-243.732E-6,-3.47591E-3,-1.84106E-3,-950.494E-6,-483.306E-6,-243.732E-6,-3.68255E-3,-1.96347E-3,-1.01872E-3,-519.583E-6,-262.594E-6,-3.68864E-3,-1.96609E-3,-1.01942E-3,-519.887E-6,-262.729E-6,-3.69268E-3,-1.96737E-3,-1.01986E-3,-520.073E-6,-262.822E-6,-3.69540E-3,-1.96813E-3,-1.02018E-3,-520.221E-6,-262.893E-6,-3.69723E-3,-1.96868E-3,-1.02043E-3,-520.339E-6,-262.950E-6,-3.69848E-3,-1.96913E-3,-1.02063E-3,-520.438E-6,-262.998E-6,-3.69939E-3,-1.96950E-3,-1.02081E-3,-520.523E-6,-263.039E-6,-3.70011E-3,-1.96982E-3,-1.02097E-3,-520.597E-6,-263.075E-6,-3.70072E-3,-1.97010E-3,-1.02110E-3,-520.662E-6,-263.107E-6,881.321E-6,1.01308E-3,1.03465E-3,1.03488E-3,1.04159E-3,934.268E-6,1.02404E-3,1.01881E-3,1.03520E-3,1.04239E-3,958.631E-6,997.699E-6,1.01782E-3,1.03556E-3,1.04292E-3,966.601E-6,987.075E-6,1.01784E-3,1.03586E-3,1.04331E-3,959.725E-6,984.723E-6,1.01799E-3,1.03610E-3,1.04362E-3,944.950E-6,984.062E-6,1.01814E-3,1.03630E-3,1.04389E-3,934.625E-6,983.864E-6,1.01834E-3,1.03648E-3,1.04411E-3,929.855E-6,983.940E-6,1.01845E-3,1.03663E-3,1.04431E-3,927.712E-6,983.945E-6,1.01856E-3,1.03677E-3,1.04449E-3
1.00000E-12,-3.47569E-3,-1.84102E-3,-950.485E-6,-483.305E-6,-243.734E-6,-3.47570E-3,-1.84103E-3,-950.486E-6,-483.381E-6,-243.740E-6,-3.47577E-3,-1.84104E-3,-950.487E-6,-483.305E-6,-243.747E-6,-3.47582E-3,-1.84105E-3,-950.488E-6,-483.306E-6,-243.752E-6,-3.47585E-3,-1.84105E-3,-950.489E-6,-483.306E-6,-243.755E-6,-3.47587E-3,-1.84105E-3,-950.489E-6,-483.306E-6,-243.758E-6,-3.47589E-3,-1.84106E-3,-950.501E-6,-483.310E-6,-243.760E-6,-3.47590E-3,-1.84106E-3,-950.505E-6,-483.310E-6,-243.762E-6,-3.47591E-3,-1.84106E-3,-950.510E-6,-483.310E-6,-243.763E-6,-3.68261E-3,-1.96347E-3,-1.01872E-3,-519.583E-6,-262.598E-6,-3.68864E-3,-1.96609E-3,-1.01941E-3,-519.962E-6,-262.741E-6,-3.69268E-3,-1.96737E-3,-1.01985E-3,-520.073E-6,-262.845E-6,-3.69540E-3,-1.96812E-3,-1.02017E-3,-520.221E-6,-262.925E-6,-3.69723E-3,-1.96867E-3,-1.02043E-3,-520.339E-6,-262.988E-6,-3.69848E-3,-1.96912E-3,-1.02063E-3,-520.438E-6,-263.042E-6,-3.69939E-3,-1.96949E-3,-1.02082E-3,-520.528E-6,-263.088E-6,-3.70011E-3,-1.96982E-3,-1.02099E-3,-520.602E-6,-263.128E-6,-3.70072E-3,-1.97010E-3,-1.02113E-3,-520.669E-6,-263.163E-6,881.336E-6,1.01308E-3,1.03465E-3,1.03488E-3,1.04159E-3,934.281E-6,1.02404E-3,1.01902E-3,1.03522E-3,1.04239E-3,958.631E-6,997.699E-6,1.01796E-3,1.03556E-3,1.04291E-3,966.601E-6,987.284E-6,1.01794E-3,1.03586E-3,1.04330E-3,959.725E-6,984.894E-6,1.01806E-3,1.03610E-3,1.04362E-3,944.950E-6,984.201E-6,1.01820E-3,1.03630E-3,1.04388E-3,934.625E-6,983.979E-6,1.01834E-3,1.03648E-3,1.04411E-3,929.855E-6,983.940E-6,1.01846E-3,1.03663E-3,1.04430E-3,927.713E-6,983.945E-6,1.01859E-3,1.03678E-3,1.04449E-3
3.00000E-12,-3.47575E-3,-1.84102E-3,-950.485E-6,-483.305E-6,-243.737E-6,-3.47570E-3,-1.84103E-3,-950.486E-6,-483.447E-6,-243.749E-6,-3.47577E-3,-1.84104E-3,-950.487E-6,-483.305E-6,-243.763E-6,-3.47582E-3,-1.84105E-3,-950.488E-6,-483.306E-6,-243.772E-6,-3.47585E-3,-1.84105E-3,-950.489E-6,-483.306E-6,-243.778E-6,-3.47587E-3,-1.84105E-3,-950.489E-6,-483.306E-6,-243.783E-6,-3.47589E-3,-1.84106E-3,-950.509E-6,-483.313E-6,-243.787E-6,-3.47590E-3,-1.84106E-3,-950.517E-6,-483.313E-6,-243.790E-6,-3.47591E-3,-1.84106E-3,-950.525E-6,-483.313E-6,-243.792E-6,-3.68265E-3,-1.96347E-3,-1.01872E-3,-519.583E-6,-262.599E-6,-3.68864E-3,-1.96609E-3,-1.01942E-3,-519.996E-6,-262.745E-6,-3.69268E-3,-1.96737E-3,-1.01986E-3,-520.073E-6,-262.853E-6,-3.69540E-3,-1.96812E-3,-1.02018E-3,-520.221E-6,-262.936E-6,-3.69723E-3,-1.96868E-3,-1.02043E-3,-520.339E-6,-263.001E-6,-3.69848E-3,-1.96913E-3,-1.02063E-3,-520.438E-6,-263.056E-6,-3.69939E-3,-1.96950E-3,-1.02083E-3,-520.530E-6,-263.104E-6,-3.70011E-3,-1.96982E-3,-1.02099E-3,-520.604E-6,-263.145E-6,-3.70072E-3,-1.97010E-3,-1.02115E-3,-520.671E-6,-263.182E-6,881.340E-6,1.01308E-3,1.03465E-3,1.03488E-3,1.04159E-3,934.284E-6,1.02404E-3,1.01905E-3,1.03523E-3,1.04239E-3,958.631E-6,997.699E-6,1.01799E-3,1.03556E-3,1.04292E-3,966.601E-6,987.323E-6,1.01796E-3,1.03586E-3,1.04331E-3,959.725E-6,984.926E-6,1.01807E-3,1.03610E-3,1.04362E-3,944.950E-6,984.227E-6,1.01821E-3,1.03630E-3,1.04388E-3,934.625E-6,984.001E-6,1.01834E-3,1.03648E-3,1.04411E-3,929.855E-6,983.940E-6,1.01846E-3,1.03663E-3,1.04431E-3,927.713E-6,983.945E-6,1.01860E-3,1.03678E-3,1.04449E-3
7.00000E-12,-3.47581E-3,-1.84102E-3,-950.485E-6,-483.305E-6,-243.741E-6,-3.47570E-3,-1.84103E-3,-950.487E-6,-483.519E-6,-243.758E-6,-3.47577E-3,-1.84104E-3,-950.488E-6,-483.305E-6,-243.780E-6,-3.47582E-3,-1.84105E-3,-950.488E-6,-483.306E-6,-243.793E-6,-3.47585E-3,-1.84105E-3,-950.489E-6,-483.306E-6,-243.802E-6,-3.47587E-3,-1.84105E-3,-950.489E-6,-483.306E-6,-243.809E-6,-3.47589E-3,-1.84106E-3,-950.518E-6,-483.316E-6,-243.814E-6,-3.47590E-3,-1.84106E-3,-950.529E-6,-483.317E-6,-243.819E-6,-3.47591E-3,-1.84107E-3,-950.541E-6,-483.317E-6,-243.822E-6,-3.68267E-3,-1.96347E-3,-1.01872E-3,-519.583E-6,-262.600E-6,-3.68864E-3,-1.96609E-3,-1.01943E-3,-520.023E-6,-262.748E-6,-3.69268E-3,-1.96737E-3,-1.01986E-3,-520.073E-6,-262.858E-6,-3.69540E-3,-1.96813E-3,-1.02018E-3,-520.221E-6,-262.942E-6,-3.69723E-3,-1.96868E-3,-1.02043E-3,-520.339E-6,-263.009E-6,-3.69848E-3,-1.96913E-3,-1.02064E-3,-520.438E-6,-263.065E-6,-3.69939E-3,-1.96950E-3,-1.02083E-3,-520.531E-6,-263.113E-6,-3.70011E-3,-1.96982E-3,-1.02100E-3,-520.605E-6,-263.155E-6,-3.70072E-3,-1.97010E-3,-1.02115E-3,-520.673E-6,-263.192E-6,881.335E-6,1.01308E-3,1.03465E-3,1.03488E-3,1.04159E-3,934.282E-6,1.02404E-3,1.01905E-3,1.03527E-3,1.04240E-3,958.631E-6,997.699E-6,1.01799E-3,1.03556E-3,1.04292E-3,966.601E-6,987.320E-6,1.01796E-3,1.03586E-3,1.04332E-3,959.725E-6,984.925E-6,1.01808E-3,1.03610E-3,1.04363E-3,944.950E-6,984.227E-6,1.01821E-3,1.03630E-3,1.04389E-3,934.625E-6,984.002E-6,1.01834E-3,1.03648E-3,1.04412E-3,929.855E-6,983.940E-6,1.01847E-3,1.03663E-3,1.04432E-3,927.713E-6,983.946E-6,1.01860E-3,1.03678E-3,1.04450E-3
15.0000E-12,-3.47582E-3,-1.84102E-3,-950.485E-6,-483.305E-6,-243.742E-6,-3.47570E-3,-1.84103E-3,-950.486E-6,-483.534E-6,-243.760E-6,-3.47577E-3,-1.84104E-3,-950.487E-6,-483.305E-6,-243.782E-6,-3.47582E-3,-1.84105E-3,-950.488E-6,-483.306E-6,-243.797E-6,-3.47585E-3,-1.84105E-3,-950.489E-6,-483.306E-6,-243.806E-6,-3.47587E-3,-1.84105E-3,-950.489E-6,-483.306E-6,-243.813E-6,-3.47589E-3,-1.84106E-3,-950.520E-6,-483.317E-6,-243.819E-6,-3.47590E-3,-1.84106E-3,-950.531E-6,-483.317E-6,-243.823E-6,-3.47591E-3,-1.84107E-3,-950.543E-6,-483.318E-6,-243.826E-6,-3.68271E-3,-1.96347E-3,-1.01872E-3,-519.583E-6,-262.601E-6,-3.68864E-3,-1.96609E-3,-1.01942E-3,-520.039E-6,-262.748E-6,-3.69268E-3,-1.96737E-3,-1.01986E-3,-520.073E-6,-262.858E-6,-3.69540E-3,-1.96813E-3,-1.02018E-3,-520.221E-6,-262.941E-6,-3.69723E-3,-1.96868E-3,-1.02043E-3,-520.339E-6,-263.007E-6,-3.69848E-3,-1.96913E-3,-1.02063E-3,-520.438E-6,-263.063E-6,-3.69939E-3,-1.96950E-3,-1.02084E-3,-520.531E-6,-263.110E-6,-3.70011E-3,-1.96982E-3,-1.02100E-3,-520.605E-6,-263.151E-6,-3.70072E-3,-1.97010E-3,-1.02115E-3,-520.672E-6,-263.188E-6,881.341E-6,1.01308E-3,1.03465E-3,1.03488E-3,1.04160E-3,934.283E-6,1.02404E-3,1.01905E-3,1.03537E-3,1.04241E-3,958.631E-6,997.699E-6,1.01798E-3,1.03556E-3,1.04295E-3,966.601E-6,987.318E-6,1.01796E-3,1.03586E-3,1.04335E-3,959.725E-6,984.923E-6,1.01807E-3,1.03610E-3,1.04366E-3,944.950E-6,984.225E-6,1.01821E-3,1.03630E-3,1.04392E-3,934.625E-6,983.999E-6,1.01835E-3,1.03648E-3,1.04415E-3,929.855E-6,983.942E-6,1.01848E-3,1.03664E-3,1.04435E-3,927.712E-6,983.947E-6,1.01860E-3,1.03678E-3,1.04453E-3
31.0000E-12,-3.47582E-3,-1.84102E-3,-950.485E-6,-483.305E-6,-243.742E-6,-3.47570E-3,-1.84103E-3,-950.487E-6,-483.534E-6,-243.760E-6,-3.47577E-3,-1.84104E-3,-950.488E-6,-483.305E-6,-243.783E-6,-3.47582E-3,-1.84105E-3,-950.488E-6,-483.306E-6,-243.797E-6,-3.47585E-3,-1.84105E-3,-950.489E-6,-483.306E-6,-243.807E-6,-3.47587E-3,-1.84105E-3,-950.489E-6,-483.306E-6,-243.814E-6,-3.47589E-3,-1.84106E-3,-950.520E-6,-483.317E-6,-243.819E-6,-3.47590E-3,-1.84106E-3,-950.531E-6,-483.317E-6,-243.823E-6,-3.47591E-3,-1.84107E-3,-950.543E-6,-483.318E-6,-243.827E-6,-3.68271E-3,-1.96347E-3,-1.01872E-3,-519.583E-6,-262.602E-6,-3.68864E-3,-1.96609E-3,-1.01942E-3,-520.081E-6,-262.752E-6,-3.69268E-3,-1.96737E-3,-1.01986E-3,-520.073E-6,-262.864E-6,-3.69540E-3,-1.96813E-3,-1.02018E-3,-520.221E-6,-262.948E-6,-3.69723E-3,-1.96868E-3,-1.02043E-3,-520.339E-6,-263.014E-6,-3.69848E-3,-1.96913E-3,-1.02063E-3,-520.438E-6,-263.070E-6,-3.69939E-3,-1.96950E-3,-1.02084E-3,-520.532E-6,-263.117E-6,-3.70011E-3,-1.96982E-3,-1.02101E-3,-520.607E-6,-263.158E-6,-3.70072E-3,-1.97010E-3,-1.02115E-3,-520.673E-6,-263.195E-6,881.337E-6,1.01308E-3,1.03465E-3,1.03488E-3,1.04161E-3,934.280E-6,1.02404E-3,1.01905E-3,1.03549E-3,1.04244E-3,958.631E-6,997.699E-6,1.01798E-3,1.03556E-3,1.04299E-3,966.601E-6,987.317E-6,1.01796E-3,1.03586E-3,1.04339E-3,959.725E-6,984.923E-6,1.01808E-3,1.03610E-3,1.04371E-3,944.950E-6,984.226E-6,1.01821E-3,1.03630E-3,1.04398E-3,934.625E-6,984.000E-6,1.01836E-3,1.03649E-3,1.04420E-3,929.855E-6,983.942E-6,1.01849E-3,1.03664E-3,1.04440E-3,927.712E-6,983.948E-6,1.01861E-3,1.03679E-3,1.04458E-3
51.0000E-12,-3.47582E-3,-1.84102E-3,-950.485E-6,-483.305E-6,-243.742E-6,-3.47570E-3,-1.84103E-3,-950.486E-6,-483.533E-6,-243.760E-6,-3.47577E-3,-1.84104E-3,-950.487E-6,-483.305E-6,-243.783E-6,-3.47582E-3,-1.84105E-3,-950.488E-6,-483.306E-6,-243.797E-6,-3.47585E-3,-1.84105E-3,-950.489E-6,-483.306E-6,-243.807E-6,-3.47587E-3,-1.84105E-3,-950.489E-6,-483.306E-6,-243.813E-6,-3.47589E-3,-1.84106E-3,-950.520E-6,-483.317E-6,-243.819E-6,-3.47590E-3,-1.84106E-3,-950.531E-6,-483.317E-6,-243.823E-6,-3.47591E-3,-1.84107E-3,-950.542E-6,-483.317E-6,-243.826E-6,-3.68271E-3,-1.96347E-3,-1.01872E-3,-519.583E-6,-262.604E-6,-3.68864E-3,-1.96609E-3,-1.01942E-3,-520.101E-6,-262.754E-6,-3.69268E-3,-1.96737E-3,-1.01986E-3,-520.073E-6,-262.867E-6,-3.69540E-3,-1.96812E-3,-1.02018E-3,-520.221E-6,-262.951E-6,-3.69723E-3,-1.96868E-3,-1.02043E-3,-520.339E-6,-263.017E-6,-3.69848E-3,-1.96913E-3,-1.02063E-3,-520.438E-6,-263.071E-6,-3.69939E-3,-1.96950E-3,-1.02084E-3,-520.533E-6,-263.118E-6,-3.70011E-3,-1.96982E-3,-1.02101E-3,-520.607E-6,-263.159E-6,-3.70072E-3,-1.97010E-3,-1.02115E-3,-520.674E-6,-263.195E-6,881.340E-6,1.01308E-3,1.03465E-3,1.03488E-3,1.04162E-3,934.280E-6,1.02404E-3,1.01905E-3,1.03559E-3,1.04246E-3,958.631E-6,997.699E-6,1.01798E-3,1.03556E-3,1.04303E-3,966.601E-6,987.318E-6,1.01796E-3,1.03586E-3,1.04344E-3,959.725E-6,984.922E-6,1.01807E-3,1.03610E-3,1.04377E-3,944.950E-6,984.224E-6,1.01821E-3,1.03630E-3,1.04403E-3,934.625E-6,983.999E-6,1.01837E-3,1.03649E-3,1.04426E-3,929.855E-6,983.943E-6,1.01849E-3,1.03665E-3,1.04446E-3,927.712E-6,983.949E-6,1.01861E-3,1.03679E-3,1.04463E-3
71.0000E-12,-3.47582E-3,-1.84102E-3,-950.485E-6,-483.305E-6,-243.742E-6,-3.47570E-3,-1.84103E-3,-950.487E-6,-483.533E-6,-243.760E-6,-3.47577E-3,-1.84104E-3,-950.487E-6,-483.305E-6,-243.783E-6,-3.47582E-3,-1.84105E-3,-950.488E-6,-483.306E-6,-243.797E-6,-3.47585E-3,-1.84105E-3,-950.489E-6,-483.306E-6,-243.807E-6,-3.47587E-3,-1.84105E-3,-950.489E-6,-483.306E-6,-243.814E-6,-3.47589E-3,-1.84106E-3,-950.520E-6,-483.317E-6,-243.819E-6,-3.47590E-3,-1.84106E-3,-950.531E-6,-483.317E-6,-243.823E-6,-3.47591E-3,-1.84107E-3,-950.543E-6,-483.318E-6,-243.827E-6,-3.68271E-3,-1.96347E-3,-1.01872E-3,-519.583E-6,-262.605E-6,-3.68864E-3,-1.96609E-3,-1.01942E-3,-520.116E-6,-262.757E-6,-3.69268E-3,-1.96737E-3,-1.01986E-3,-520.073E-6,-262.871E-6,-3.69540E-3,-1.96813E-3,-1.02018E-3,-520.221E-6,-262.956E-6,-3.69723E-3,-1.96868E-3,-1.02043E-3,-520.339E-6,-263.022E-6,-3.69848E-3,-1.96913E-3,-1.02063E-3,-520.438E-6,-263.076E-6,-3.69939E-3,-1.96950E-3,-1.02084E-3,-520.534E-6,-263.123E-6,-3.70011E-3,-1.96982E-3,-1.02101E-3,-520.608E-6,-263.164E-6,-3.70072E-3,-1.97010E-3,-1.02116E-3,-520.674E-6,-263.200E-6,881.338E-6,1.01308E-3,1.03465E-3,1.03488E-3,1.04163E-3,934.279E-6,1.02404E-3,1.01905E-3,1.03563E-3,1.04248E-3,958.631E-6,997.699E-6,1.01798E-3,1.03556E-3,1.04306E-3,966.601E-6,987.317E-6,1.01796E-3,1.03586E-3,1.04348E-3,959.725E-6,984.923E-6,1.01807E-3,1.03610E-3,1.04381E-3,944.950E-6,984.225E-6,1.01821E-3,1.03630E-3,1.04407E-3,934.625E-6,984.000E-6,1.01837E-3,1.03650E-3,1.04430E-3,929.855E-6,983.942E-6,1.01849E-3,1.03665E-3,1.04450E-3,927.712E-6,983.949E-6,1.01861E-3,1.03679E-3,1.04468E-3
91.0000E-12,-3.47582E-3,-1.84102E-3,-950.485E-6,-483.305E-6,-243.742E-6,-3.47570E-3,-1.84103E-3,-950.486E-6,-483.530E-6,-243.760E-6,-3.47577E-3,-1.84104E-3,-950.487E-6,-483.305E-6,-243.782E-6,-3.47582E-3,-1.84105E-3,-950.488E-6,-483.306E-6,-243.797E-6,-3.47585E-3,-1.84105E-3,-950.489E-6,-483.306E-6,-243.806E-6,-3.47587E-3,-1.84105E-3,-950.489E-6,-483.306E-6,-243.813E-6,-3.47589E-3,-1.84106E-3,-950.520E-6,-483.316E-6,-243.818E-6,-3.47590E-3,-1.84106E-3,-950.530E-6,-483.317E-6,-243.822E-6,-3.47591E-3,-1.84107E-3,-950.542E-6,-483.317E-6,-243.826E-6,-3.68271E-3,-1.96347E-3,-1.01872E-3,-519.583E-6,-262.605E-6,-3.68864E-3,-1.96609E-3,-1.01942E-3,-520.118E-6,-262.758E-6,-3.69268E-3,-1.96737E-3,-1.01986E-3,-520.073E-6,-262.872E-6,-3.69540E-3,-1.96812E-3,-1.02018E-3,-520.221E-6,-262.957E-6,-3.69723E-3,-1.96868E-3,-1.02043E-3,-520.339E-6,-263.023E-6,-3.69848E-3,-1.96913E-3,-1.02063E-3,-520.438E-6,-263.077E-6,-3.69939E-3,-1.96950E-3,-1.02084E-3,-520.534E-6,-263.123E-6,-3.70011E-3,-1.96982E-3,-1.02101E-3,-520.608E-6,-263.164E-6,-3.70072E-3,-1.97010E-3,-1.02115E-3,-520.674E-6,-263.200E-6,881.340E-6,1.01308E-3,1.03465E-3,1.03488E-3,1.04163E-3,934.280E-6,1.02404E-3,1.01905E-3,1.03565E-3,1.04249E-3,958.631E-6,997.699E-6,1.01798E-3,1.03556E-3,1.04308E-3,966.601E-6,987.318E-6,1.01796E-3,1.03586E-3,1.04351E-3,959.725E-6,984.922E-6,1.01807E-3,1.03610E-3,1.04384E-3,944.950E-6,984.225E-6,1.01821E-3,1.03630E-3,1.04411E-3,934.625E-6,983.999E-6,1.01837E-3,1.03650E-3,1.04434E-3,929.855E-6,983.942E-6,1.01849E-3,1.03665E-3,1.04454E-3,927.712E-6,983.949E-6,1.01861E-3,1.03679E-3,1.04472E-3
111.000E-12,-3.47581E-3,-1.84102E-3,-950.485E-6,-483.305E-6,-243.742E-6,-3.47570E-3,-1.84103E-3,-950.486E-6,-483.529E-6,-243.760E-6,-3.47577E-3,-1.84104E-3,-950.487E-6,-483.305E-6,-243.782E-6,-3.47582E-3,-1.84105E-3,-950.488E-6,-483.306E-6,-243.796E-6,-3.47585E-3,-1.84105E-3,-950.489E-6,-483.306E-6,-243.806E-6,-3.47587E-3,-1.84105E-3,-950.489E-6,-483.306E-6,-243.812E-6,-3.47589E-3,-1.84106E-3,-950.519E-6,-483.316E-6,-243.818E-6,-3.47590E-3,-1.84106E-3,-950.530E-6,-483.317E-6,-243.822E-6,-3.47591E-3,-1.84107E-3,-950.542E-6,-483.317E-6,-243.825E-6,-3.68270E-3,-1.96347E-3,-1.01872E-3,-519.583E-6,-262.606E-6,-3.68864E-3,-1.96609E-3,-1.01942E-3,-520.122E-6,-262.759E-6,-3.69268E-3,-1.96737E-3,-1.01986E-3,-520.073E-6,-262.874E-6,-3.69540E-3,-1.96813E-3,-1.02018E-3,-520.221E-6,-262.959E-6,-3.69723E-3,-1.96868E-3,-1.02043E-3,-520.339E-6,-263.026E-6,-3.69848E-3,-1.96913E-3,-1.02063E-3,-520.438E-6,-263.080E-6,-3.69939E-3,-1.96950E-3,-1.02084E-3,-520.534E-6,-263.127E-6,-3.70011E-3,-1.96982E-3,-1.02101E-3,-520.608E-6,-263.167E-6,-3.70072E-3,-1.97010E-3,-1.02115E-3,-520.674E-6,-263.203E-6,881.339E-6,1.01308E-3,1.03465E-3,1.03488E-3,1.04163E-3,934.279E-6,1.02404E-3,1.01905E-3,1.03566E-3,1.04250E-3,958.631E-6,997.699E-6,1.01798E-3,1.03556E-3,1.04310E-3,966.601E-6,987.317E-6,1.01796E-3,1.03586E-3,1.04353E-3,959.725E-6,984.923E-6,1.01807E-3,1.03610E-3,1.04386E-3,944.950E-6,984.225E-6,1.01821E-3,1.03630E-3,1.04414E-3,934.625E-6,984.000E-6,1.01837E-3,1.03650E-3,1.04437E-3,929.855E-6,983.942E-6,1.01849E-3,1.03665E-3,1.04457E-3,927.712E-6,983.948E-6,1.01861E-3,1.03679E-3,1.04475E-3
131.000E-12,-3.47581E-3,-1.84102E-3,-950.485E-6,-483.305E-6,-243.741E-6,-3.47570E-3,-1.84103E-3,-950.486E-6,-483.526E-6,-243.759E-6,-3.47577E-3,-1.84104E-3,-950.487E-6,-483.305E-6,-243.781E-6,-3.47582E-3,-1.84105E-3,-950.488E-6,-483.306E-6,-243.795E-6,-3.47585E-3,-1.84105E-3,-950.489E-6,-483.306E-6,-243.804E-6,-3.47587E-3,-1.84105E-3,-950.489E-6,-483.306E-6,-243.811E-6,-3.47589E-3,-1.84106E-3,-950.519E-6,-483.316E-6,-243.816E-6,-3.47590E-3,-1.84106E-3,-950.529E-6,-483.317E-6,-243.821E-6,-3.47591E-3,-1.84107E-3,-950.541E-6,-483.317E-6,-243.824E-6,-3.68270E-3,-1.96347E-3,-1.01872E-3,-519.583E-6,-262.606E-6,-3.68864E-3,-1.96609E-3,-1.01942E-3,-520.119E-6,-262.759E-6,-3.69268E-3,-1.96737E-3,-1.01986E-3,-520.073E-6,-262.874E-6,-3.69540E-3,-1.96812E-3,-1.02018E-3,-520.221E-6,-262.959E-6,-3.69723E-3,-1.96868E-3,-1.02043E-3,-520.339E-6,-263.025E-6,-3.69848E-3,-1.96913E-3,-1.02063E-3,-520.438E-6,-263.080E-6,-3.69939E-3,-1.96950E-3,-1.02084E-3,-520.534E-6,-263.126E-6,-3.70011E-3,-1.96982E-3,-1.02101E-3,-520.608E-6,-263.166E-6,-3.70072E-3,-1.97010E-3,-1.02115E-3,-520.674E-6,-263.202E-6,881.340E-6,1.01308E-3,1.03465E-3,1.03488E-3,1.04164E-3,934.279E-6,1.02404E-3,1.01905E-3,1.03566E-3,1.04251E-3,958.631E-6,997.699E-6,1.01798E-3,1.03556E-3,1.04311E-3,966.601E-6,987.318E-6,1.01796E-3,1.03586E-3,1.04354E-3,959.725E-6,984.922E-6,1.01807E-3,1.03610E-3,1.04388E-3,944.950E-6,984.225E-6,1.01821E-3,1.03630E-3,1.04416E-3,934.625E-6,983.999E-6,1.01837E-3,1.03650E-3,1.04439E-3,929.855E-6,983.942E-6,1.01849E-3,1.03665E-3,1.04459E-3,927.712E-6,983.948E-6,1.01861E-3,1.03679E-3,1.04477E-3
151.000E-12,-3.47581E-3,-1.84102E-3,-950.485E-6,-483.305E-6,-243.741E-6,-3.47570E-3,-1.84103E-3,-950.486E-6,-483.524E-6,-243.759E-6,-3.47577E-3,-1.84104E-3,-950.487E-6,-483.305E-6,-243.781E-6,-3.47582E-3,-1.84105E-3,-950.488E-6,-483.306E-6,-243.795E-6,-3.47585E-3,-1.84105E-3,-950.489E-6,-483.306E-6,-243.804E-6,-3.47587E-3,-1.84105E-3,-950.489E-6,-483.306E-6,-243.810E-6,-3.47589E-3,-1.84106E-3,-950.519E-6,-483.316E-6,-243.816E-6,-3.47590E-3,-1.84106E-3,-950.529E-6,-483.317E-6,-243.820E-6,-3.47591E-3,-1.84107E-3,-950.540E-6,-483.317E-6,-243.823E-6,-3.68270E-3,-1.96347E-3,-1.01872E-3,-519.583E-6,-262.606E-6,-3.68864E-3,-1.96609E-3,-1.01942E-3,-520.118E-6,-262.760E-6,-3.69268E-3,-1.96737E-3,-1.01986E-3,-520.073E-6,-262.875E-6,-3.69540E-3,-1.96813E-3,-1.02018E-3,-520.221E-6,-262.961E-6,-3.69723E-3,-1.96868E-3,-1.02043E-3,-520.339E-6,-263.027E-6,-3.69848E-3,-1.96913E-3,-1.02063E-3,-520.438E-6,-263.081E-6,-3.69939E-3,-1.96950E-3,-1.02084E-3,-520.534E-6,-263.128E-6,-3.70011E-3,-1.96982E-3,-1.02101E-3,-520.608E-6,-263.168E-6,-3.70072E-3,-1.97010E-3,-1.02115E-3,-520.674E-6,-263.204E-6,881.339E-6,1.01308E-3,1.03465E-3,1.03488E-3,1.04164E-3,934.279E-6,1.02404E-3,1.01905E-3,1.03566E-3,1.04251E-3,958.631E-6,997.699E-6,1.01798E-3,1.03556E-3,1.04311E-3,966.601E-6,987.317E-6,1.01796E-3,1.03586E-3,1.04355E-3,959.725E-6,984.923E-6,1.01807E-3,1.03610E-3,1.04389E-3,944.950E-6,984.225E-6,1.01821E-3,1.03630E-3,1.04417E-3,934.625E-6,984.000E-6,1.01837E-3,1.03650E-3,1.04441E-3,929.855E-6,983.942E-6,1.01849E-3,1.03665E-3,1.04461E-3,927.712E-6,983.948E-6,1.01861E-3,1.03680E-3,1.04479E-3
171.000E-12,-3.47580E-3,-1.84102E-3,-950.485E-6,-483.305E-6,-243.741E-6,-3.47570E-3,-1.84103E-3,-950.486E-6,-483.520E-6,-243.759E-6,-3.47577E-3,-1.84104E-3,-950.487E-6,-483.305E-6,-243.780E-6,-3.47582E-3,-1.84105E-3,-950.488E-6,-483.306E-6,-243.794E-6,-3.47585E-3,-1.84105E-3,-950.489E-6,-483.306E-6,-243.802E-6,-3.47587E-3,-1.84105E-3,-950.489E-6,-483.306E-6,-243.809E-6,-3.47589E-3,-1.84106E-3,-950.518E-6,-483.316E-6,-243.814E-6,-3.47590E-3,-1.84106E-3,-950.528E-6,-483.316E-6,-243.818E-6,-3.47591E-3,-1.84107E-3,-950.539E-6,-483.317E-6,-243.822E-6,-3.68269E-3,-1.96347E-3,-1.01872E-3,-519.583E-6,-262.606E-6,-3.68864E-3,-1.96609E-3,-1.01942E-3,-520.114E-6,-262.760E-6,-3.69268E-3,-1.96737E-3,-1.01986E-3,-520.073E-6,-262.875E-6,-3.69540E-3,-1.96813E-3,-1.02018E-3,-520.221E-6,-262.960E-6,-3.69723E-3,-1.96868E-3,-1.02043E-3,-520.339E-6,-263.026E-6,-3.69848E-3,-1.96913E-3,-1.02063E-3,-520.438E-6,-263.081E-6,-3.69939E-3,-1.96950E-3,-1.02084E-3,-520.534E-6,-263.127E-6,-3.70011E-3,-1.96982E-3,-1.02100E-3,-520.608E-6,-263.167E-6,-3.70072E-3,-1.97010E-3,-1.02115E-3,-520.674E-6,-263.203E-6,881.339E-6,1.01308E-3,1.03465E-3,1.03488E-3,1.04164E-3,934.279E-6,1.02404E-3,1.01905E-3,1.03566E-3,1.04251E-3,958.631E-6,997.699E-6,1.01798E-3,1.03556E-3,1.04312E-3,966.601E-6,987.318E-6,1.01796E-3,1.03586E-3,1.04356E-3,959.725E-6,984.922E-6,1.01807E-3,1.03610E-3,1.04391E-3,944.950E-6,984.225E-6,1.01821E-3,1.03630E-3,1.04419E-3,934.625E-6,983.999E-6,1.01837E-3,1.03650E-3,1.04442E-3,929.855E-6,983.942E-6,1.01849E-3,1.03665E-3,1.04463E-3,927.712E-6,983.948E-6,1.01861E-3,1.03680E-3,1.04481E-3
191.000E-12,-3.47580E-3,-1.84102E-3,-950.485E-6,-483.305E-6,-243.741E-6,-3.47570E-3,-1.84103E-3,-950.486E-6,-483.517E-6,-243.758E-6,-3.47577E-3,-1.84104E-3,-950.487E-6,-483.305E-6,-243.779E-6,-3.47582E-3,-1.84105E-3,-950.488E-6,-483.306E-6,-243.793E-6,-3.47585E-3,-1.84105E-3,-950.489E-6,-483.306E-6,-243.802E-6,-3.47587E-3,-1.84105E-3,-950.489E-6,-483.306E-6,-243.808E-6,-3.47589E-3,-1.84106E-3,-950.518E-6,-483.316E-6,-243.813E-6,-3.47590E-3,-1.84106E-3,-950.528E-6,-483.316E-6,-243.817E-6,-3.47591E-3,-1.84107E-3,-950.539E-6,-483.317E-6,-243.820E-6,-3.68269E-3,-1.96347E-3,-1.01872E-3,-519.583E-6,-262.606E-6,-3.68864E-3,-1.96609E-3,-1.01942E-3,-520.112E-6,-262.760E-6,-3.69268E-3,-1.96737E-3,-1.01986E-3,-520.073E-6,-262.875E-6,-3.69540E-3,-1.96813E-3,-1.02018E-3,-520.221E-6,-262.960E-6,-3.69723E-3,-1.96868E-3,-1.02043E-3,-520.339E-6,-263.027E-6,-3.69848E-3,-1.96913E-3,-1.02063E-3,-520.438E-6,-263.081E-6,-3.69939E-3,-1.96950E-3,-1.02084E-3,-520.534E-6,-263.127E-6,-3.70011E-3,-1.96982E-3,-1.02100E-3,-520.608E-6,-263.168E-6,-3.70072E-3,-1.97010E-3,-1.02115E-3,-520.674E-6,-263.203E-6,881.338E-6,1.01308E-3,1.03465E-3,1.03488E-3,1.04164E-3,934.279E-6,1.02404E-3,1.01905E-3,1.03565E-3,1.04251E-3,958.631E-6,997.699E-6,1.01798E-3,1.03556E-3,1.04312E-3,966.601E-6,987.317E-6,1.01796E-3,1.03586E-3,1.04357E-3,959.725E-6,984.923E-6,1.01807E-3,1.03610E-3,1.04391E-3,944.950E-6,984.225E-6,1.01821E-3,1.03630E-3,1.04419E-3,934.625E-6,984.000E-6,1.01837E-3,1.03650E-3,1.04443E-3,929.855E-6,983.942E-6,1.01849E-3,1.03665E-3,1.04464E-3,927.712E-6,983.948E-6,1.01861E-3,1.03679E-3,1.04482E-3
211.000E-12,-3.47579E-3,-1.84102E-3,-950.485E-6,-483.305E-6,-243.741E-6,-3.47570E-3,-1.84103E-3,-950.486E-6,-483.512E-6,-243.758E-6,-3.47577E-3,-1.84104E-3,-950.487E-6,-483.305E-6,-243.778E-6,-3.47582E-3,-1.84105E-3,-950.488E-6,-483.306E-6,-243.791E-6,-3.47585E-3,-1.84105E-3,-950.489E-6,-483.306E-6,-243.800E-6,-3.47587E-3,-1.84105E-3,-950.489E-6,-483.306E-6,-243.806E-6,-3.47589E-3,-1.84106E-3,-950.517E-6,-483.316E-6,-243.811E-6,-3.47590E-3,-1.84106E-3,-950.527E-6,-483.316E-6,-243.815E-6,-3.47591E-3,-1.84107E-3,-950.538E-6,-483.317E-6,-243.819E-6,-3.68269E-3,-1.96347E-3,-1.01872E-3,-519.583E-6,-262.606E-6,-3.68864E-3,-1.96609E-3,-1.01942E-3,-520.107E-6,-262.759E-6,-3.69268E-3,-1.96737E-3,-1.01986E-3,-520.073E-6,-262.874E-6,-3.69540E-3,-1.96813E-3,-1.02018E-3,-520.221E-6,-262.959E-6,-3.69723E-3,-1.96868E-3,-1.02043E-3,-520.339E-6,-263.025E-6,-3.69848E-3,-1.96913E-3,-1.02063E-3,-520.438E-6,-263.080E-6,-3.69939E-3,-1.96950E-3,-1.02084E-3,-520.533E-6,-263.126E-6,-3.70011E-3,-1.96982E-3,-1.02100E-3,-520.608E-6,-263.166E-6,-3.70072E-3,-1.97010E-3,-1.02115E-3,-520.674E-6,-263.202E-6,881.338E-6,1.01308E-3,1.03465E-3,1.03488E-3,1.04164E-3,934.279E-6,1.02404E-3,1.01905E-3,1.03564E-3,1.04251E-3,958.631E-6,997.699E-6,1.01798E-3,1.03556E-3,1.04312E-3,966.601E-6,987.317E-6,1.01796E-3,1.03586E-3,1.04357E-3,959.725E-6,984.922E-6,1.01807E-3,1.03610E-3,1.04392E-3,944.950E-6,984.225E-6,1.01821E-3,1.03630E-3,1.04420E-3,934.625E-6,983.999E-6,1.01837E-3,1.03650E-3,1.04444E-3,929.855E-6,983.942E-6,1.01849E-3,1.03665E-3,1.04465E-3,927.712E-6,983.948E-6,1.01861E-3,1.03679E-3,1.04483E-3
231.000E-12,-3.47579E-3,-1.84102E-3,-950.485E-6,-483.305E-6,-243.741E-6,-3.47570E-3,-1.84103E-3,-950.486E-6,-483.508E-6,-243.757E-6,-3.47577E-3,-1.84104E-3,-950.487E-6,-483.305E-6,-243.777E-6,-3.47582E-3,-1.84105E-3,-950.488E-6,-483.306E-6,-243.790E-6,-3.47585E-3,-1.84105E-3,-950.489E-6,-483.306E-6,-243.799E-6,-3.47587E-3,-1.84105E-3,-950.489E-6,-483.306E-6,-243.805E-6,-3.47589E-3,-1.84106E-3,-950.517E-6,-483.315E-6,-243.810E-6,-3.47590E-3,-1.84106E-3,-950.526E-6,-483.316E-6,-243.814E-6,-3.47591E-3,-1.84107E-3,-950.537E-6,-483.316E-6,-243.817E-6,-3.68268E-3,-1.96347E-3,-1.01872E-3,-519.583E-6,-262.606E-6,-3.68864E-3,-1.96609E-3,-1.01942E-3,-520.104E-6,-262.759E-6,-3.69268E-3,-1.96737E-3,-1.01986E-3,-520.073E-6,-262.874E-6,-3.69540E-3,-1.96813E-3,-1.02018E-3,-520.221E-6,-262.959E-6,-3.69723E-3,-1.96868E-3,-1.02043E-3,-520.339E-6,-263.025E-6,-3.69848E-3,-1.96913E-3,-1.02063E-3,-520.438E-6,-263.080E-6,-3.69939E-3,-1.96950E-3,-1.02084E-3,-520.533E-6,-263.126E-6,-3.70011E-3,-1.96982E-3,-1.02100E-3,-520.607E-6,-263.166E-6,-3.70072E-3,-1.97010E-3,-1.02115E-3,-520.674E-6,-263.201E-6,881.338E-6,1.01308E-3,1.03465E-3,1.03488E-3,1.04164E-3,934.279E-6,1.02404E-3,1.01905E-3,1.03563E-3,1.04251E-3,958.631E-6,997.699E-6,1.01798E-3,1.03556E-3,1.04312E-3,966.601E-6,987.317E-6,1.01796E-3,1.03586E-3,1.04357E-3,959.725E-6,984.923E-6,1.01807E-3,1.03610E-3,1.04392E-3,944.950E-6,984.225E-6,1.01821E-3,1.03630E-3,1.04420E-3,934.625E-6,984.000E-6,1.01836E-3,1.03650E-3,1.04445E-3,929.855E-6,983.942E-6,1.01849E-3,1.03665E-3,1.04465E-3,927.712E-6,983.948E-6,1.01860E-3,1.03679E-3,1.04484E-3
251.000E-12,-3.47578E-3,-1.84102E-3,-950.485E-6,-483.305E-6,-243.740E-6,-3.47570E-3,-1.84103E-3,-950.486E-6,-483.504E-6,-243.757E-6,-3.47577E-3,-1.84104E-3,-950.487E-6,-483.305E-6,-243.776E-6,-3.47582E-3,-1.84105E-3,-950.488E-6,-483.306E-6,-243.789E-6,-3.47585E-3,-1.84105E-3,-950.489E-6,-483.306E-6,-243.797E-6,-3.47587E-3,-1.84105E-3,-950.489E-6,-483.306E-6,-243.803E-6,-3.47589E-3,-1.84106E-3,-950.516E-6,-483.315E-6,-243.808E-6,-3.47590E-3,-1.84106E-3,-950.525E-6,-483.316E-6,-243.812E-6,-3.47591E-3,-1.84107E-3,-950.536E-6,-483.316E-6,-243.815E-6,-3.68268E-3,-1.96347E-3,-1.01872E-3,-519.583E-6,-262.605E-6,-3.68864E-3,-1.96609E-3,-1.01942E-3,-520.099E-6,-262.758E-6,-3.69268E-3,-1.96737E-3,-1.01986E-3,-520.073E-6,-262.873E-6,-3.69540E-3,-1.96813E-3,-1.02018E-3,-520.221E-6,-262.958E-6,-3.69723E-3,-1.96868E-3,-1.02043E-3,-520.339E-6,-263.024E-6,-3.69848E-3,-1.96913E-3,-1.02063E-3,-520.438E-6,-263.078E-6,-3.69939E-3,-1.96950E-3,-1.02084E-3,-520.533E-6,-263.124E-6,-3.70011E-3,-1.96982E-3,-1.02100E-3,-520.607E-6,-263.164E-6,-3.70072E-3,-1.97010E-3,-1.02115E-3,-520.673E-6,-263.200E-6,881.337E-6,1.01308E-3,1.03465E-3,1.03488E-3,1.04164E-3,934.279E-6,1.02404E-3,1.01905E-3,1.03563E-3,1.04251E-3,958.631E-6,997.699E-6,1.01798E-3,1.03556E-3,1.04312E-3,966.601E-6,987.317E-6,1.01796E-3,1.03586E-3,1.04357E-3,959.725E-6,984.923E-6,1.01807E-3,1.03610E-3,1.04392E-3,944.950E-6,984.225E-6,1.01821E-3,1.03630E-3,1.04421E-3,934.625E-6,983.999E-6,1.01836E-3,1.03650E-3,1.04445E-3,929.855E-6,983.942E-6,1.01849E-3,1.03665E-3,1.04466E-3,927.712E-6,983.948E-6,1.01860E-3,1.03679E-3,1.04484E-3
271.000E-12,-3.47578E-3,-1.84102E-3,-950.485E-6,-483.305E-6,-243.740E-6,-3.47570E-3,-1.84103E-3,-950.486E-6,-483.500E-6,-243.756E-6,-3.47577E-3,-1.84104E-3,-950.487E-6,-483.305E-6,-243.775E-6,-3.47582E-3,-1.84105E-3,-950.488E-6,-483.306E-6,-243.788E-6,-3.47585E-3,-1.84105E-3,-950.489E-6,-483.306E-6,-243.796E-6,-3.47587E-3,-1.84105E-3,-950.489E-6,-483.306E-6,-243.802E-6,-3.47589E-3,-1.84106E-3,-950.515E-6,-483.315E-6,-243.807E-6,-3.47590E-3,-1.84106E-3,-950.525E-6,-483.315E-6,-243.810E-6,-3.47591E-3,-1.84107E-3,-950.535E-6,-483.316E-6,-243.814E-6,-3.68267E-3,-1.96347E-3,-1.01872E-3,-519.583E-6,-262.605E-6,-3.68864E-3,-1.96609E-3,-1.01942E-3,-520.095E-6,-262.758E-6,-3.69268E-3,-1.96737E-3,-1.01986E-3,-520.073E-6,-262.872E-6,-3.69540E-3,-1.96813E-3,-1.02018E-3,-520.221E-6,-262.957E-6,-3.69723E-3,-1.96868E-3,-1.02043E-3,-520.339E-6,-263.023E-6,-3.69848E-3,-1.96913E-3,-1.02063E-3,-520.438E-6,-263.077E-6,-3.69939E-3,-1.96950E-3,-1.02084E-3,-520.533E-6,-263.123E-6,-3.70011E-3,-1.96982E-3,-1.02100E-3,-520.607E-6,-263.163E-6,-3.70072E-3,-1.97010E-3,-1.02115E-3,-520.673E-6,-263.199E-6,881.336E-6,1.01308E-3,1.03465E-3,1.03488E-3,1.04164E-3,934.279E-6,1.02404E-3,1.01905E-3,1.03562E-3,1.04251E-3,958.631E-6,997.699E-6,1.01798E-3,1.03556E-3,1.04312E-3,966.601E-6,987.317E-6,1.01796E-3,1.03586E-3,1.04357E-3,959.725E-6,984.923E-6,1.01807E-3,1.03610E-3,1.04392E-3,944.950E-6,984.225E-6,1.01821E-3,1.03630E-3,1.04420E-3,934.625E-6,984.000E-6,1.01836E-3,1.03650E-3,1.04445E-3,929.855E-6,983.942E-6,1.01849E-3,1.03665E-3,1.04466E-3,927.712E-6,983.948E-6,1.01860E-3,1.03679E-3,1.04485E-3
291.000E-12,-3.47577E-3,-1.84102E-3,-950.485E-6,-483.305E-6,-243.740E-6,-3.47570E-3,-1.84103E-3,-950.486E-6,-483.495E-6,-243.755E-6,-3.47577E-3,-1.84104E-3,-950.487E-6,-483.305E-6,-243.774E-6,-3.47582E-3,-1.84105E-3,-950.488E-6,-483.306E-6,-243.786E-6,-3.47585E-3,-1.84105E-3,-950.489E-6,-483.306E-6,-243.794E-6,-3.47587E-3,-1.84105E-3,-950.489E-6,-483.306E-6,-243.800E-6,-3.47589E-3,-1.84106E-3,-950.515E-6,-483.315E-6,-243.805E-6,-3.47590E-3,-1.84106E-3,-950.524E-6,-483.315E-6,-243.808E-6,-3.47591E-3,-1.84107E-3,-950.534E-6,-483.316E-6,-243.811E-6,-3.68267E-3,-1.96347E-3,-1.01872E-3,-519.583E-6,-262.605E-6,-3.68864E-3,-1.96609E-3,-1.01942E-3,-520.089E-6,-262.757E-6,-3.69268E-3,-1.96737E-3,-1.01986E-3,-520.073E-6,-262.871E-6,-3.69540E-3,-1.96813E-3,-1.02018E-3,-520.221E-6,-262.956E-6,-3.69723E-3,-1.96868E-3,-1.02043E-3,-520.339E-6,-263.021E-6,-3.69848E-3,-1.96913E-3,-1.02063E-3,-520.438E-6,-263.075E-6,-3.69939E-3,-1.96950E-3,-1.02084E-3,-520.533E-6,-263.121E-6,-3.70011E-3,-1.96982E-3,-1.02100E-3,-520.607E-6,-263.161E-6,-3.70072E-3,-1.97010E-3,-1.02115E-3,-520.673E-6,-263.197E-6,881.336E-6,1.01308E-3,1.03465E-3,1.03488E-3,1.04164E-3,934.279E-6,1.02404E-3,1.01905E-3,1.03561E-3,1.04251E-3,958.631E-6,997.699E-6,1.01798E-3,1.03556E-3,1.04312E-3,966.601E-6,987.317E-6,1.01796E-3,1.03586E-3,1.04357E-3,959.725E-6,984.923E-6,1.01807E-3,1.03610E-3,1.04392E-3,944.950E-6,984.225E-6,1.01821E-3,1.03630E-3,1.04420E-3,934.625E-6,983.999E-6,1.01836E-3,1.03650E-3,1.04445E-3,929.855E-6,983.942E-6,1.01849E-3,1.03665E-3,1.04466E-3,927.712E-6,983.948E-6,1.01860E-3,1.03679E-3,1.04485E-3
311.000E-12,-3.47577E-3,-1.84102E-3,-950.485E-6,-483.305E-6,-243.740E-6,-3.47570E-3,-1.84103E-3,-950.486E-6,-483.490E-6,-243.755E-6,-3.47577E-3,-1.84104E-3,-950.487E-6,-483.305E-6,-243.773E-6,-3.47582E-3,-1.84105E-3,-950.488E-6,-483.306E-6,-243.785E-6,-3.47585E-3,-1.84105E-3,-950.489E-6,-483.306E-6,-243.793E-6,-3.47587E-3,-1.84105E-3,-950.489E-6,-483.306E-6,-243.799E-6,-3.47589E-3,-1.84106E-3,-950.514E-6,-483.315E-6,-243.803E-6,-3.47590E-3,-1.84106E-3,-950.523E-6,-483.315E-6,-243.807E-6,-3.47591E-3,-1.84106E-3,-950.533E-6,-483.315E-6,-243.810E-6,-3.68266E-3,-1.96347E-3,-1.01872E-3,-519.583E-6,-262.605E-6,-3.68864E-3,-1.96609E-3,-1.01942E-3,-520.085E-6,-262.757E-6,-3.69268E-3,-1.96737E-3,-1.01986E-3,-520.073E-6,-262.871E-6,-3.69540E-3,-1.96813E-3,-1.02018E-3,-520.221E-6,-262.955E-6,-3.69723E-3,-1.96868E-3,-1.02043E-3,-520.339E-6,-263.020E-6,-3.69848E-3,-1.96913E-3,-1.02063E-3,-520.438E-6,-263.074E-6,-3.69939E-3,-1.96950E-3,-1.02084E-3,-520.532E-6,-263.120E-6,-3.70011E-3,-1.96982E-3,-1.02100E-3,-520.607E-6,-263.160E-6,-3.70072E-3,-1.97010E-3,-1.02114E-3,-520.673E-6,-263.196E-6,881.335E-6,1.01308E-3,1.03465E-3,1.03488E-3,1.04163E-3,934.279E-6,1.02404E-3,1.01905E-3,1.03560E-3,1.04251E-3,958.631E-6,997.699E-6,1.01798E-3,1.03556E-3,1.04312E-3,966.601E-6,987.317E-6,1.01796E-3,1.03586E-3,1.04356E-3,959.725E-6,984.923E-6,1.01807E-3,1.03610E-3,1.04391E-3,944.950E-6,984.225E-6,1.01821E-3,1.03630E-3,1.04420E-3,934.625E-6,984.000E-6,1.01836E-3,1.03650E-3,1.04445E-3,929.855E-6,983.942E-6,1.01849E-3,1.03665E-3,1.04466E-3,927.712E-6,983.948E-6,1.01860E-3,1.03679E-3,1.04485E-3
331.000E-12,-3.47576E-3,-1.84102E-3,-950.485E-6,-483.305E-6,-243.739E-6,-3.47570E-3,-1.84103E-3,-950.486E-6,-483.485E-6,-243.754E-6,-3.47577E-3,-1.84104E-3,-950.487E-6,-483.305E-6,-243.772E-6,-3.47582E-3,-1.84105E-3,-950.488E-6,-483.306E-6,-243.784E-6,-3.47585E-3,-1.84105E-3,-950.489E-6,-483.306E-6,-243.791E-6,-3.47587E-3,-1.84105E-3,-950.489E-6,-483.306E-6,-243.797E-6,-3.47589E-3,-1.84106E-3,-950.513E-6,-483.314E-6,-243.801E-6,-3.47590E-3,-1.84106E-3,-950.522E-6,-483.315E-6,-243.805E-6,-3.47591E-3,-1.84106E-3,-950.531E-6,-483.315E-6,-243.808E-6,-3.68265E-3,-1.96347E-3,-1.01872E-3,-519.583E-6,-262.604E-6,-3.68864E-3,-1.96609E-3,-1.01942E-3,-520.080E-6,-262.756E-6,-3.69268E-3,-1.96737E-3,-1.01986E-3,-520.073E-6,-262.869E-6,-3.69540E-3,-1.96813E-3,-1.02018E-3,-520.221E-6,-262.953E-6,-3.69723E-3,-1.96868E-3,-1.02043E-3,-520.339E-6,-263.019E-6,-3.69848E-3,-1.96913E-3,-1.02063E-3,-520.438E-6,-263.072E-6,-3.69939E-3,-1.96950E-3,-1.02084E-3,-520.532E-6,-263.118E-6,-3.70011E-3,-1.96982E-3,-1.02100E-3,-520.606E-6,-263.158E-6,-3.70072E-3,-1.97010E-3,-1.02114E-3,-520.672E-6,-263.194E-6,881.334E-6,1.01308E-3,1.03465E-3,1.03488E-3,1.04163E-3,934.279E-6,1.02404E-3,1.01905E-3,1.03559E-3,1.04251E-3,958.631E-6,997.699E-6,1.01798E-3,1.03556E-3,1.04311E-3,966.601E-6,987.317E-6,1.01796E-3,1.03586E-3,1.04356E-3,959.725E-6,984.923E-6,1.01807E-3,1.03610E-3,1.04391E-3,944.950E-6,984.225E-6,1.01821E-3,1.03630E-3,1.04420E-3,934.625E-6,983.999E-6,1.01836E-3,1.03650E-3,1.04444E-3,929.855E-6,983.942E-6,1.01848E-3,1.03665E-3,1.04466E-3,927.712E-6,983.948E-6,1.01860E-3,1.03679E-3,1.04484E-3
351.000E-12,-3.47575E-3,-1.84102E-3,-950.485E-6,-483.305E-6,-243.739E-6,-3.47570E-3,-1.84103E-3,-950.486E-6,-483.481E-6,-243.754E-6,-3.47577E-3,-1.84104E-3,-950.487E-6,-483.305E-6,-243.771E-6,-3.47582E-3,-1.84105E-3,-950.488E-6,-483.306E-6,-243.782E-6,-3.47585E-3,-1.84105E-3,-950.489E-6,-483.306E-6,-243.790E-6,-3.47587E-3,-1.84105E-3,-950.489E-6,-483.306E-6,-243.795E-6,-3.47589E-3,-1.84106E-3,-950.513E-6,-483.314E-6,-243.799E-6,-3.47590E-3,-1.84106E-3,-950.521E-6,-483.315E-6,-243.803E-6,-3.47591E-3,-1.84106E-3,-950.530E-6,-483.315E-6,-243.806E-6,-3.68265E-3,-1.96347E-3,-1.01872E-3,-519.583E-6,-262.604E-6,-3.68864E-3,-1.96609E-3,-1.01942E-3,-520.075E-6,-262.756E-6,-3.69268E-3,-1.96737E-3,-1.01986E-3,-520.073E-6,-262.868E-6,-3.69540E-3,-1.96813E-3,-1.02018E-3,-520.221E-6,-262.952E-6,-3.69723E-3,-1.96868E-3,-1.02043E-3,-520.339E-6,-263.017E-6,-3.69848E-3,-1.96913E-3,-1.02063E-3,-520.438E-6,-263.071E-6,-3.69939E-3,-1.96950E-3,-1.02084E-3,-520.532E-6,-263.117E-6,-3.70011E-3,-1.96982E-3,-1.02100E-3,-520.606E-6,-263.157E-6,-3.70072E-3,-1.97010E-3,-1.02114E-3,-520.672E-6,-263.192E-6,881.333E-6,1.01308E-3,1.03465E-3,1.03488E-3,1.04163E-3,934.279E-6,1.02404E-3,1.01905E-3,1.03558E-3,1.04250E-3,958.631E-6,997.699E-6,1.01798E-3,1.03556E-3,1.04311E-3,966.601E-6,987.317E-6,1.01796E-3,1.03586E-3,1.04355E-3,959.725E-6,984.923E-6,1.01807E-3,1.03610E-3,1.04390E-3,944.950E-6,984.225E-6,1.01821E-3,1.03630E-3,1.04419E-3,934.625E-6,984.000E-6,1.01836E-3,1.03650E-3,1.04444E-3,929.855E-6,983.942E-6,1.01848E-3,1.03665E-3,1.04465E-3,927.712E-6,983.948E-6,1.01860E-3,1.03679E-3,1.04484E-3
371.000E-12,-3.47575E-3,-1.84102E-3,-950.485E-6,-483.305E-6,-243.739E-6,-3.47570E-3,-1.84103E-3,-950.486E-6,-483.476E-6,-243.753E-6,-3.47577E-3,-1.84104E-3,-950.487E-6,-483.305E-6,-243.770E-6,-3.47582E-3,-1.84105E-3,-950.488E-6,-483.306E-6,-243.781E-6,-3.47585E-3,-1.84105E-3,-950.489E-6,-483.306E-6,-243.788E-6,-3.47587E-3,-1.84105E-3,-950.489E-6,-483.306E-6,-243.793E-6,-3.47589E-3,-1.84106E-3,-950.512E-6,-483.314E-6,-243.798E-6,-3.47590E-3,-1.84106E-3,-950.520E-6,-483.314E-6,-243.801E-6,-3.47591E-3,-1.84106E-3,-950.529E-6,-483.315E-6,-243.804E-6,-3.68264E-3,-1.96347E-3,-1.01872E-3,-519.583E-6,-262.604E-6,-3.68864E-3,-1.96609E-3,-1.01942E-3,-520.069E-6,-262.755E-6,-3.69268E-3,-1.96737E-3,-1.01986E-3,-520.073E-6,-262.867E-6,-3.69540E-3,-1.96813E-3,-1.02018E-3,-520.221E-6,-262.951E-6,-3.69723E-3,-1.96868E-3,-1.02043E-3,-520.339E-6,-263.016E-6,-3.69848E-3,-1.96913E-3,-1.02063E-3,-520.438E-6,-263.069E-6,-3.69939E-3,-1.96950E-3,-1.02084E-3,-520.532E-6,-263.115E-6,-3.70011E-3,-1.96982E-3,-1.02100E-3,-520.606E-6,-263.155E-6,-3.70072E-3,-1.97010E-3,-1.02114E-3,-520.672E-6,-263.190E-6,881.332E-6,1.01308E-3,1.03465E-3,1.03488E-3,1.04163E-3,934.279E-6,1.02404E-3,1.01905E-3,1.03557E-3,1.04250E-3,958.631E-6,997.699E-6,1.01798E-3,1.03556E-3,1.04310E-3,966.601E-6,987.317E-6,1.01796E-3,1.03586E-3,1.04355E-3,959.725E-6,984.923E-6,1.01807E-3,1.03610E-3,1.04390E-3,944.950E-6,984.225E-6,1.01821E-3,1.03630E-3,1.04419E-3,934.625E-6,983.999E-6,1.01836E-3,1.03650E-3,1.04443E-3,929.855E-6,983.942E-6,1.01848E-3,1.03665E-3,1.04465E-3,927.712E-6,983.948E-6,1.01860E-3,1.03679E-3,1.04484E-3
391.000E-12,-3.47574E-3,-1.84102E-3,-950.485E-6,-483.305E-6,-243.739E-6,-3.47570E-3,-1.84103E-3,-950.486E-6,-483.471E-6,-243.752E-6,-3.47577E-3,-1.84104E-3,-950.487E-6,-483.305E-6,-243.769E-6,-3.47582E-3,-1.84105E-3,-950.488E-6,-483.306E-6,-243.780E-6,-3.47585E-3,-1.84105E-3,-950.489E-6,-483.306E-6,-243.787E-6,-3.47587E-3,-1.84105E-3,-950.489E-6,-483.306E-6,-243.792E-6,-3.47589E-3,-1.84106E-3,-950.511E-6,-483.314E-6,-243.796E-6,-3.47590E-3,-1.84106E-3,-950.519E-6,-483.314E-6,-243.799E-6,-3.47591E-3,-1.84106E-3,-950.528E-6,-483.314E-6,-243.802E-6,-3.68264E-3,-1.96347E-3,-1.01872E-3,-519.583E-6,-262.604E-6,-3.68864E-3,-1.96609E-3,-1.01942E-3,-520.064E-6,-262.754E-6,-3.69268E-3,-1.96737E-3,-1.01986E-3,-520.073E-6,-262.866E-6,-3.69540E-3,-1.96813E-3,-1.02018E-3,-520.221E-6,-262.949E-6,-3.69723E-3,-1.96868E-3,-1.02043E-3,-520.339E-6,-263.014E-6,-3.69848E-3,-1.96913E-3,-1.02063E-3,-520.438E-6,-263.068E-6,-3.69939E-3,-1.96950E-3,-1.02083E-3,-520.531E-6,-263.113E-6,-3.70011E-3,-1.96982E-3,-1.02100E-3,-520.606E-6,-263.153E-6,-3.70072E-3,-1.97010E-3,-1.02114E-3,-520.672E-6,-263.188E-6,881.331E-6,1.01308E-3,1.03465E-3,1.03488E-3,1.04163E-3,934.279E-6,1.02404E-3,1.01905E-3,1.03556E-3,1.04250E-3,958.631E-6,997.699E-6,1.01798E-3,1.03556E-3,1.04310E-3,966.601E-6,987.317E-6,1.01796E-3,1.03586E-3,1.04354E-3,959.725E-6,984.923E-6,1.01807E-3,1.03610E-3,1.04389E-3,944.950E-6,984.225E-6,1.01821E-3,1.03630E-3,1.04418E-3,934.625E-6,984.000E-6,1.01836E-3,1.03650E-3,1.04443E-3,929.855E-6,983.942E-6,1.01848E-3,1.03665E-3,1.04464E-3,927.712E-6,983.947E-6,1.01860E-3,1.03679E-3,1.04483E-3
411.000E-12,-3.47574E-3,-1.84102E-3,-950.485E-6,-483.305E-6,-243.738E-6,-3.47570E-3,-1.84103E-3,-950.487E-6,-483.466E-6,-243.752E-6,-3.47577E-3,-1.84104E-3,-950.487E-6,-483.305E-6,-243.768E-6,-3.47582E-3,-1.84105E-3,-950.488E-6,-483.306E-6,-243.778E-6,-3.47585E-3,-1.84105E-3,-950.489E-6,-483.306E-6,-243.785E-6,-3.47587E-3,-1.84105E-3,-950.489E-6,-483.306E-6,-243.790E-6,-3.47589E-3,-1.84106E-3,-950.511E-6,-483.313E-6,-243.794E-6,-3.47590E-3,-1.84106E-3,-950.518E-6,-483.314E-6,-243.797E-6,-3.47591E-3,-1.84106E-3,-950.527E-6,-483.314E-6,-243.800E-6,-3.68263E-3,-1.96347E-3,-1.01872E-3,-519.583E-6,-262.603E-6,-3.68864E-3,-1.96609E-3,-1.01942E-3,-520.059E-6,-262.754E-6,-3.69268E-3,-1.96737E-3,-1.01986E-3,-520.073E-6,-262.865E-6,-3.69540E-3,-1.96813E-3,-1.02018E-3,-520.221E-6,-262.948E-6,-3.69723E-3,-1.96868E-3,-1.02043E-3,-520.339E-6,-263.012E-6,-3.69848E-3,-1.96913E-3,-1.02063E-3,-520.438E-6,-263.066E-6,-3.69939E-3,-1.96950E-3,-1.02083E-3,-520.531E-6,-263.111E-6,-3.70011E-3,-1.96982E-3,-1.02099E-3,-520.605E-6,-263.151E-6,-3.70072E-3,-1.97010E-3,-1.02114E-3,-520.671E-6,-263.186E-6,881.330E-6,1.01308E-3,1.03465E-3,1.03488E-3,1.04163E-3,934.279E-6,1.02404E-3,1.01905E-3,1.03555E-3,1.04250E-3,958.631E-6,997.699E-6,1.01798E-3,1.03556E-3,1.04310E-3,966.601E-6,987.317E-6,1.01796E-3,1.03586E-3,1.04354E-3,959.725E-6,984.923E-6,1.01807E-3,1.03610E-3,1.04389E-3,944.950E-6,984.225E-6,1.01821E-3,1.03630E-3,1.04418E-3,934.625E-6,983.999E-6,1.01836E-3,1.03649E-3,1.04442E-3,929.855E-6,983.942E-6,1.01848E-3,1.03665E-3,1.04464E-3,927.712E-6,983.947E-6,1.01859E-3,1.03679E-3,1.04483E-3
431.000E-12,-3.47573E-3,-1.84102E-3,-950.485E-6,-483.305E-6,-243.738E-6,-3.47570E-3,-1.84103E-3,-950.486E-6,-483.462E-6,-243.751E-6,-3.47577E-3,-1.84104E-3,-950.487E-6,-483.305E-6,-243.767E-6,-3.47582E-3,-1.84105E-3,-950.488E-6,-483.306E-6,-243.777E-6,-3.47585E-3,-1.84105E-3,-950.489E-6,-483.306E-6,-243.784E-6,-3.47587E-3,-1.84105E-3,-950.489E-6,-483.306E-6,-243.788E-6,-3.47589E-3,-1.84106E-3,-950.510E-6,-483.313E-6,-243.792E-6,-3.47590E-3,-1.84106E-3,-950.517E-6,-483.314E-6,-243.795E-6,-3.47591E-3,-1.84106E-3,-950.526E-6,-483.314E-6,-243.798E-6,-3.68263E-3,-1.96347E-3,-1.01872E-3,-519.583E-6,-262.603E-6,-3.68864E-3,-1.96609E-3,-1.01942E-3,-520.054E-6,-262.753E-6,-3.69268E-3,-1.96737E-3,-1.01986E-3,-520.073E-6,-262.864E-6,-3.69540E-3,-1.96813E-3,-1.02018E-3,-520.221E-6,-262.946E-6,-3.69723E-3,-1.96868E-3,-1.02043E-3,-520.339E-6,-263.011E-6,-3.69848E-3,-1.96913E-3,-1.02063E-3,-520.438E-6,-263.064E-6,-3.69939E-3,-1.96950E-3,-1.02083E-3,-520.531E-6,-263.110E-6,-3.70011E-3,-1.96982E-3,-1.02099E-3,-520.605E-6,-263.149E-6,-3.70072E-3,-1.97010E-3,-1.02114E-3,-520.671E-6,-263.184E-6,881.330E-6,1.01308E-3,1.03465E-3,1.03488E-3,1.04163E-3,934.279E-6,1.02404E-3,1.01905E-3,1.03554E-3,1.04249E-3,958.631E-6,997.699E-6,1.01798E-3,1.03556E-3,1.04309E-3,966.601E-6,987.317E-6,1.01796E-3,1.03586E-3,1.04353E-3,959.725E-6,984.923E-6,1.01807E-3,1.03610E-3,1.04388E-3,944.950E-6,984.225E-6,1.01821E-3,1.03630E-3,1.04417E-3,934.625E-6,984.000E-6,1.01836E-3,1.03649E-3,1.04442E-3,929.855E-6,983.941E-6,1.01848E-3,1.03665E-3,1.04463E-3,927.712E-6,983.947E-6,1.01859E-3,1.03679E-3,1.04482E-3
451.000E-12,-3.47572E-3,-1.84102E-3,-950.485E-6,-483.305E-6,-243.738E-6,-3.47570E-3,-1.84103E-3,-950.487E-6,-483.457E-6,-243.751E-6,-3.47577E-3,-1.84104E-3,-950.487E-6,-483.305E-6,-243.766E-6,-3.47582E-3,-1.84105E-3,-950.488E-6,-483.306E-6,-243.776E-6,-3.47585E-3,-1.84105E-3,-950.489E-6,-483.306E-6,-243.782E-6,-3.47587E-3,-1.84105E-3,-950.489E-6,-483.306E-6,-243.787E-6,-3.47589E-3,-1.84106E-3,-950.509E-6,-483.313E-6,-243.791E-6,-3.47590E-3,-1.84106E-3,-950.516E-6,-483.313E-6,-243.794E-6,-3.47591E-3,-1.84106E-3,-950.524E-6,-483.314E-6,-243.796E-6,-3.68262E-3,-1.96347E-3,-1.01872E-3,-519.583E-6,-262.603E-6,-3.68864E-3,-1.96609E-3,-1.01942E-3,-520.049E-6,-262.752E-6,-3.69268E-3,-1.96737E-3,-1.01986E-3,-520.073E-6,-262.863E-6,-3.69540E-3,-1.96813E-3,-1.02018E-3,-520.221E-6,-262.945E-6,-3.69723E-3,-1.96868E-3,-1.02043E-3,-520.339E-6,-263.009E-6,-3.69848E-3,-1.96913E-3,-1.02063E-3,-520.438E-6,-263.062E-6,-3.69939E-3,-1.96950E-3,-1.02083E-3,-520.531E-6,-263.108E-6,-3.70011E-3,-1.96982E-3,-1.02099E-3,-520.605E-6,-263.147E-6,-3.70072E-3,-1.97010E-3,-1.02114E-3,-520.671E-6,-263.182E-6,881.328E-6,1.01308E-3,1.03465E-3,1.03488E-3,1.04163E-3,934.279E-6,1.02404E-3,1.01905E-3,1.03553E-3,1.04249E-3,958.631E-6,997.699E-6,1.01798E-3,1.03556E-3,1.04309E-3,966.601E-6,987.317E-6,1.01796E-3,1.03586E-3,1.04353E-3,959.725E-6,984.923E-6,1.01807E-3,1.03610E-3,1.04388E-3,944.950E-6,984.225E-6,1.01821E-3,1.03630E-3,1.04416E-3,934.625E-6,983.999E-6,1.01836E-3,1.03649E-3,1.04441E-3,929.855E-6,983.941E-6,1.01848E-3,1.03665E-3,1.04462E-3,927.712E-6,983.947E-6,1.01859E-3,1.03679E-3,1.04482E-3
471.000E-12,-3.47572E-3,-1.84102E-3,-950.485E-6,-483.305E-6,-243.738E-6,-3.47570E-3,-1.84103E-3,-950.486E-6,-483.452E-6,-243.750E-6,-3.47577E-3,-1.84104E-3,-950.487E-6,-483.305E-6,-243.765E-6,-3.47582E-3,-1.84105E-3,-950.488E-6,-483.306E-6,-243.774E-6,-3.47585E-3,-1.84105E-3,-950.489E-6,-483.306E-6,-243.781E-6,-3.47587E-3,-1.84105E-3,-950.489E-6,-483.306E-6,-243.785E-6,-3.47589E-3,-1.84106E-3,-950.509E-6,-483.313E-6,-243.789E-6,-3.47590E-3,-1.84106E-3,-950.516E-6,-483.313E-6,-243.792E-6,-3.47591E-3,-1.84106E-3,-950.523E-6,-483.313E-6,-243.794E-6,-3.68262E-3,-1.96347E-3,-1.01872E-3,-519.583E-6,-262.603E-6,-3.68864E-3,-1.96609E-3,-1.01942E-3,-520.044E-6,-262.752E-6,-3.69268E-3,-1.96737E-3,-1.01986E-3,-520.073E-6,-262.862E-6,-3.69540E-3,-1.96813E-3,-1.02018E-3,-520.221E-6,-262.944E-6,-3.69723E-3,-1.96868E-3,-1.02043E-3,-520.339E-6,-263.008E-6,-3.69848E-3,-1.96913E-3,-1.02063E-3,-520.438E-6,-263.061E-6,-3.69939E-3,-1.96950E-3,-1.02083E-3,-520.530E-6,-263.106E-6,-3.70011E-3,-1.96982E-3,-1.02099E-3,-520.605E-6,-263.145E-6,-3.70072E-3,-1.97010E-3,-1.02113E-3,-520.670E-6,-263.180E-6,881.327E-6,1.01308E-3,1.03465E-3,1.03488E-3,1.04163E-3,934.279E-6,1.02404E-3,1.01905E-3,1.03552E-3,1.04249E-3,958.631E-6,997.699E-6,1.01798E-3,1.03556E-3,1.04308E-3,966.601E-6,987.317E-6,1.01796E-3,1.03586E-3,1.04352E-3,959.725E-6,984.923E-6,1.01807E-3,1.03610E-3,1.04387E-3,944.950E-6,984.225E-6,1.01821E-3,1.03630E-3,1.04416E-3,934.625E-6,984.000E-6,1.01836E-3,1.03649E-3,1.04440E-3,929.855E-6,983.941E-6,1.01848E-3,1.03665E-3,1.04462E-3,927.712E-6,983.947E-6,1.01859E-3,1.03679E-3,1.04481E-3
491.000E-12,-3.47571E-3,-1.84102E-3,-950.485E-6,-483.305E-6,-243.737E-6,-3.47570E-3,-1.84103E-3,-950.487E-6,-483.448E-6,-243.749E-6,-3.47577E-3,-1.84104E-3,-950.487E-6,-483.305E-6,-243.764E-6,-3.47582E-3,-1.84105E-3,-950.488E-6,-483.306E-6,-243.773E-6,-3.47585E-3,-1.84105E-3,-950.489E-6,-483.306E-6,-243.779E-6,-3.47587E-3,-1.84105E-3,-950.489E-6,-483.306E-6,-243.784E-6,-3.47589E-3,-1.84106E-3,-950.508E-6,-483.313E-6,-243.787E-6,-3.47590E-3,-1.84106E-3,-950.515E-6,-483.313E-6,-243.790E-6,-3.47591E-3,-1.84106E-3,-950.522E-6,-483.313E-6,-243.792E-6,-3.68261E-3,-1.96347E-3,-1.01872E-3,-519.583E-6,-262.602E-6,-3.68864E-3,-1.96609E-3,-1.01942E-3,-520.039E-6,-262.751E-6,-3.69268E-3,-1.96737E-3,-1.01986E-3,-520.073E-6,-262.861E-6,-3.69540E-3,-1.96813E-3,-1.02018E-3,-520.221E-6,-262.942E-6,-3.69723E-3,-1.96868E-3,-1.02043E-3,-520.339E-6,-263.006E-6,-3.69848E-3,-1.96913E-3,-1.02063E-3,-520.438E-6,-263.059E-6,-3.69939E-3,-1.96950E-3,-1.02083E-3,-520.530E-6,-263.104E-6,-3.70011E-3,-1.96982E-3,-1.02099E-3,-520.604E-6,-263.143E-6,-3.70072E-3,-1.97010E-3,-1.02113E-3,-520.670E-6,-263.178E-6,881.326E-6,1.01308E-3,1.03465E-3,1.03488E-3,1.04163E-3,934.279E-6,1.02404E-3,1.01905E-3,1.03551E-3,1.04249E-3,958.631E-6,997.699E-6,1.01798E-3,1.03556E-3,1.04308E-3,966.601E-6,987.317E-6,1.01796E-3,1.03586E-3,1.04352E-3,959.725E-6,984.923E-6,1.01807E-3,1.03610E-3,1.04386E-3,944.950E-6,984.225E-6,1.01821E-3,1.03630E-3,1.04415E-3,934.625E-6,983.999E-6,1.01836E-3,1.03649E-3,1.04440E-3,929.855E-6,983.941E-6,1.01848E-3,1.03665E-3,1.04461E-3,927.712E-6,983.947E-6,1.01859E-3,1.03679E-3,1.04480E-3
511.000E-12,-3.47571E-3,-1.84102E-3,-950.485E-6,-483.305E-6,-243.737E-6,-3.47570E-3,-1.84103E-3,-950.486E-6,-483.443E-6,-243.749E-6,-3.47577E-3,-1.84104E-3,-950.487E-6,-483.305E-6,-243.763E-6,-3.47582E-3,-1.84105E-3,-950.488E-6,-483.306E-6,-243.772E-6,-3.47585E-3,-1.84105E-3,-950.489E-6,-483.306E-6,-243.778E-6,-3.47587E-3,-1.84105E-3,-950.489E-6,-483.306E-6,-243.782E-6,-3.47589E-3,-1.84106E-3,-950.507E-6,-483.312E-6,-243.786E-6,-3.47590E-3,-1.84106E-3,-950.514E-6,-483.313E-6,-243.788E-6,-3.47591E-3,-1.84106E-3,-950.521E-6,-483.313E-6,-243.791E-6,-3.68260E-3,-1.96347E-3,-1.01872E-3,-519.583E-6,-262.602E-6,-3.68864E-3,-1.96609E-3,-1.01942E-3,-520.034E-6,-262.750E-6,-3.69268E-3,-1.96737E-3,-1.01986E-3,-520.073E-6,-262.860E-6,-3.69540E-3,-1.96813E-3,-1.02018E-3,-520.221E-6,-262.941E-6,-3.69723E-3,-1.96868E-3,-1.02043E-3,-520.339E-6,-263.005E-6,-3.69848E-3,-1.96913E-3,-1.02063E-3,-520.438E-6,-263.057E-6,-3.69939E-3,-1.96950E-3,-1.02083E-3,-520.530E-6,-263.102E-6,-3.70011E-3,-1.96982E-3,-1.02099E-3,-520.604E-6,-263.142E-6,-3.70072E-3,-1.97010E-3,-1.02113E-3,-520.670E-6,-263.176E-6,881.325E-6,1.01308E-3,1.03465E-3,1.03488E-3,1.04162E-3,934.279E-6,1.02404E-3,1.01905E-3,1.03550E-3,1.04248E-3,958.631E-6,997.699E-6,1.01798E-3,1.03556E-3,1.04307E-3,966.601E-6,987.317E-6,1.01796E-3,1.03586E-3,1.04351E-3,959.725E-6,984.923E-6,1.01807E-3,1.03610E-3,1.04386E-3,944.950E-6,984.225E-6,1.01821E-3,1.03630E-3,1.04414E-3,934.625E-6,984.000E-6,1.01835E-3,1.03649E-3,1.04439E-3,929.855E-6,983.941E-6,1.01848E-3,1.03665E-3,1.04460E-3,927.712E-6,983.947E-6,1.01859E-3,1.03679E-3,1.04479E-3
531.000E-12,-3.47570E-3,-1.84102E-3,-950.485E-6,-483.305E-6,-243.737E-6,-3.47570E-3,-1.84103E-3,-950.487E-6,-483.439E-6,-243.748E-6,-3.47577E-3,-1.84104E-3,-950.487E-6,-483.305E-6,-243.762E-6,-3.47582E-3,-1.84105E-3,-950.488E-6,-483.306E-6,-243.771E-6,-3.47585E-3,-1.84105E-3,-950.489E-6,-483.306E-6,-243.776E-6,-3.47587E-3,-1.84105E-3,-950.489E-6,-483.306E-6,-243.781E-6,-3.47589E-3,-1.84106E-3,-950.507E-6,-483.312E-6,-243.784E-6,-3.47590E-3,-1.84106E-3,-950.513E-6,-483.312E-6,-243.787E-6,-3.47591E-3,-1.84106E-3,-950.520E-6,-483.313E-6,-243.789E-6,-3.68260E-3,-1.96347E-3,-1.01872E-3,-519.583E-6,-262.602E-6,-3.68864E-3,-1.96609E-3,-1.01942E-3,-520.029E-6,-262.750E-6,-3.69268E-3,-1.96737E-3,-1.01986E-3,-520.073E-6,-262.858E-6,-3.69540E-3,-1.96813E-3,-1.02018E-3,-520.221E-6,-262.939E-6,-3.69723E-3,-1.96868E-3,-1.02043E-3,-520.339E-6,-263.003E-6,-3.69848E-3,-1.96913E-3,-1.02063E-3,-520.438E-6,-263.056E-6,-3.69939E-3,-1.96950E-3,-1.02083E-3,-520.530E-6,-263.101E-6,-3.70011E-3,-1.96982E-3,-1.02099E-3,-520.604E-6,-263.140E-6,-3.70072E-3,-1.97010E-3,-1.02113E-3,-520.670E-6,-263.174E-6,881.324E-6,1.01308E-3,1.03465E-3,1.03488E-3,1.04162E-3,934.279E-6,1.02404E-3,1.01905E-3,1.03549E-3,1.04248E-3,958.631E-6,997.699E-6,1.01798E-3,1.03556E-3,1.04307E-3,966.601E-6,987.317E-6,1.01796E-3,1.03586E-3,1.04351E-3,959.725E-6,984.923E-6,1.01807E-3,1.03610E-3,1.04385E-3,944.950E-6,984.225E-6,1.01821E-3,1.03630E-3,1.04414E-3,934.625E-6,983.999E-6,1.01835E-3,1.03649E-3,1.04438E-3,929.855E-6,983.941E-6,1.01848E-3,1.03665E-3,1.04460E-3,927.712E-6,983.947E-6,1.01859E-3,1.03679E-3,1.04479E-3
551.000E-12,-3.47570E-3,-1.84102E-3,-950.485E-6,-483.305E-6,-243.737E-6,-3.47570E-3,-1.84103E-3,-950.486E-6,-483.435E-6,-243.748E-6,-3.47577E-3,-1.84104E-3,-950.487E-6,-483.305E-6,-243.761E-6,-3.47582E-3,-1.84105E-3,-950.488E-6,-483.306E-6,-243.770E-6,-3.47585E-3,-1.84105E-3,-950.489E-6,-483.306E-6,-243.775E-6,-3.47587E-3,-1.84105E-3,-950.489E-6,-483.306E-6,-243.779E-6,-3.47589E-3,-1.84106E-3,-950.506E-6,-483.312E-6,-243.782E-6,-3.47590E-3,-1.84106E-3,-950.512E-6,-483.312E-6,-243.785E-6,-3.47591E-3,-1.84106E-3,-950.519E-6,-483.313E-6,-243.787E-6,-3.68259E-3,-1.96347E-3,-1.01872E-3,-519.583E-6,-262.602E-6,-3.68864E-3,-1.96609E-3,-1.01942E-3,-520.024E-6,-262.749E-6,-3.69268E-3,-1.96737E-3,-1.01986E-3,-520.073E-6,-262.857E-6,-3.69540E-3,-1.96813E-3,-1.02018E-3,-520.221E-6,-262.938E-6,-3.69723E-3,-1.96868E-3,-1.02043E-3,-520.339E-6,-263.002E-6,-3.69848E-3,-1.96913E-3,-1.02063E-3,-520.438E-6,-263.054E-6,-3.69939E-3,-1.96950E-3,-1.02083E-3,-520.529E-6,-263.099E-6,-3.70011E-3,-1.96982E-3,-1.02099E-3,-520.604E-6,-263.138E-6,-3.70072E-3,-1.97010E-3,-1.02113E-3,-520.669E-6,-263.173E-6,881.323E-6,1.01308E-3,1.03465E-3,1.03488E-3,1.04162E-3,934.279E-6,1.02404E-3,1.01905E-3,1.03548E-3,1.04248E-3,958.631E-6,997.699E-6,1.01798E-3,1.03556E-3,1.04307E-3,966.601E-6,987.317E-6,1.01796E-3,1.03586E-3,1.04350E-3,959.725E-6,984.923E-6,1.01807E-3,1.03610E-3,1.04384E-3,944.950E-6,984.225E-6,1.01821E-3,1.03630E-3,1.04413E-3,934.625E-6,984.000E-6,1.01835E-3,1.03649E-3,1.04438E-3,929.855E-6,983.941E-6,1.01847E-3,1.03665E-3,1.04459E-3,927.712E-6,983.947E-6,1.01859E-3,1.03679E-3,1.04478E-3
571.000E-12,-3.47569E-3,-1.84102E-3,-950.485E-6,-483.305E-6,-243.737E-6,-3.47570E-3,-1.84103E-3,-950.486E-6,-483.430E-6,-243.747E-6,-3.47577E-3,-1.84104E-3,-950.487E-6,-483.305E-6,-243.760E-6,-3.47582E-3,-1.84105E-3,-950.488E-6,-483.306E-6,-243.768E-6,-3.47585E-3,-1.84105E-3,-950.489E-6,-483.306E-6,-243.774E-6,-3.47587E-3,-1.84105E-3,-950.489E-6,-483.306E-6,-243.778E-6,-3.47589E-3,-1.84106E-3,-950.506E-6,-483.312E-6,-243.781E-6,-3.47590E-3,-1.84106E-3,-950.511E-6,-483.312E-6,-243.783E-6,-3.47591E-3,-1.84106E-3,-950.518E-6,-483.312E-6,-243.785E-6,-3.68259E-3,-1.96347E-3,-1.01872E-3,-519.583E-6,-262.601E-6,-3.68864E-3,-1.96609E-3,-1.01942E-3,-520.020E-6,-262.749E-6,-3.69268E-3,-1.96737E-3,-1.01986E-3,-520.073E-6,-262.856E-6,-3.69540E-3,-1.96813E-3,-1.02018E-3,-520.221E-6,-262.937E-6,-3.69723E-3,-1.96868E-3,-1.02043E-3,-520.339E-6,-263.000E-6,-3.69848E-3,-1.96913E-3,-1.02063E-3,-520.438E-6,-263.052E-6,-3.69939E-3,-1.96950E-3,-1.02083E-3,-520.529E-6,-263.097E-6,-3.70011E-3,-1.96982E-3,-1.02099E-3,-520.603E-6,-263.136E-6,-3.70072E-3,-1.97010E-3,-1.02113E-3,-520.669E-6,-263.171E-6,881.322E-6,1.01308E-3,1.03465E-3,1.03488E-3,1.04162E-3,934.279E-6,1.02404E-3,1.01905E-3,1.03547E-3,1.04248E-3,958.631E-6,997.699E-6,1.01798E-3,1.03556E-3,1.04306E-3,966.601E-6,987.317E-6,1.01796E-3,1.03586E-3,1.04350E-3,959.725E-6,984.923E-6,1.01807E-3,1.03610E-3,1.04384E-3,944.950E-6,984.225E-6,1.01821E-3,1.03630E-3,1.04412E-3,934.625E-6,983.999E-6,1.01835E-3,1.03649E-3,1.04437E-3,929.855E-6,983.941E-6,1.01847E-3,1.03665E-3,1.04458E-3,927.712E-6,983.947E-6,1.01858E-3,1.03679E-3,1.04477E-3
591.000E-12,-3.47569E-3,-1.84102E-3,-950.485E-6,-483.305E-6,-243.736E-6,-3.47570E-3,-1.84103E-3,-950.486E-6,-483.426E-6,-243.747E-6,-3.47577E-3,-1.84104E-3,-950.487E-6,-483.305E-6,-243.759E-6,-3.47582E-3,-1.84105E-3,-950.488E-6,-483.306E-6,-243.767E-6,-3.47585E-3,-1.84105E-3,-950.489E-6,-483.306E-6,-243.773E-6,-3.47587E-3,-1.84105E-3,-950.489E-6,-483.306E-6,-243.776E-6,-3.47589E-3,-1.84106E-3,-950.505E-6,-483.312E-6,-243.779E-6,-3.47590E-3,-1.84106E-3,-950.511E-6,-483.312E-6,-243.782E-6,-3.47591E-3,-1.84106E-3,-950.517E-6,-483.312E-6,-243.784E-6,-3.68258E-3,-1.96347E-3,-1.01872E-3,-519.583E-6,-262.601E-6,-3.68864E-3,-1.96609E-3,-1.01942E-3,-520.015E-6,-262.748E-6,-3.69268E-3,-1.96737E-3,-1.01986E-3,-520.073E-6,-262.855E-6,-3.69540E-3,-1.96813E-3,-1.02018E-3,-520.221E-6,-262.936E-6,-3.69723E-3,-1.96868E-3,-1.02043E-3,-520.339E-6,-262.999E-6,-3.69848E-3,-1.96913E-3,-1.02063E-3,-520.438E-6,-263.051E-6,-3.69939E-3,-1.96950E-3,-1.02083E-3,-520.529E-6,-263.095E-6,-3.70011E-3,-1.96982E-3,-1.02099E-3,-520.603E-6,-263.134E-6,-3.70072E-3,-1.97010E-3,-1.02113E-3,-520.669E-6,-263.169E-6,881.321E-6,1.01308E-3,1.03465E-3,1.03488E-3,1.04162E-3,934.279E-6,1.02404E-3,1.01905E-3,1.03546E-3,1.04247E-3,958.631E-6,997.699E-6,1.01798E-3,1.03556E-3,1.04306E-3,966.601E-6,987.317E-6,1.01796E-3,1.03586E-3,1.04349E-3,959.725E-6,984.923E-6,1.01807E-3,1.03610E-3,1.04383E-3,944.950E-6,984.225E-6,1.01821E-3,1.03630E-3,1.04412E-3,934.625E-6,984.000E-6,1.01835E-3,1.03649E-3,1.04436E-3,929.855E-6,983.941E-6,1.01847E-3,1.03665E-3,1.04458E-3,927.712E-6,983.947E-6,1.01858E-3,1.03679E-3,1.04477E-3
611.000E-12,-3.47568E-3,-1.84102E-3,-950.485E-6,-483.305E-6,-243.736E-6,-3.47570E-3,-1.84103E-3,-950.486E-6,-483.422E-6,-243.746E-6,-3.47577E-3,-1.84104E-3,-950.487E-6,-483.305E-6,-243.758E-6,-3.47582E-3,-1.84105E-3,-950.488E-6,-483.306E-6,-243.766E-6,-3.47585E-3,-1.84105E-3,-950.489E-6,-483.306E-6,-243.771E-6,-3.47587E-3,-1.84105E-3,-950.489E-6,-483.306E-6,-243.775E-6,-3.47589E-3,-1.84106E-3,-950.504E-6,-483.311E-6,-243.778E-6,-3.47590E-3,-1.84106E-3,-950.510E-6,-483.312E-6,-243.780E-6,-3.47591E-3,-1.84106E-3,-950.516E-6,-483.312E-6,-243.782E-6,-3.68258E-3,-1.96347E-3,-1.01872E-3,-519.583E-6,-262.601E-6,-3.68864E-3,-1.96609E-3,-1.01942E-3,-520.011E-6,-262.747E-6,-3.69268E-3,-1.96737E-3,-1.01986E-3,-520.073E-6,-262.854E-6,-3.69540E-3,-1.96813E-3,-1.02018E-3,-520.221E-6,-262.934E-6,-3.69723E-3,-1.96868E-3,-1.02043E-3,-520.339E-6,-262.997E-6,-3.69848E-3,-1.96913E-3,-1.02063E-3,-520.438E-6,-263.049E-6,-3.69939E-3,-1.96950E-3,-1.02083E-3,-520.529E-6,-263.094E-6,-3.70011E-3,-1.96982E-3,-1.02099E-3,-520.603E-6,-263.133E-6,-3.70072E-3,-1.97010E-3,-1.02113E-3,-520.669E-6,-263.167E-6,881.320E-6,1.01308E-3,1.03465E-3,1.03488E-3,1.04162E-3,934.279E-6,1.02404E-3,1.01905E-3,1.03545E-3,1.04247E-3,958.631E-6,997.699E-6,1.01798E-3,1.03556E-3,1.04305E-3,966.601E-6,987.317E-6,1.01796E-3,1.03586E-3,1.04349E-3,959.725E-6,984.923E-6,1.01807E-3,1.03610E-3,1.04383E-3,944.950E-6,984.225E-6,1.01821E-3,1.03630E-3,1.04411E-3,934.625E-6,983.999E-6,1.01835E-3,1.03649E-3,1.04436E-3,929.855E-6,983.941E-6,1.01847E-3,1.03665E-3,1.04457E-3,927.712E-6,983.947E-6,1.01858E-3,1.03679E-3,1.04476E-3
631.000E-12,-3.47568E-3,-1.84102E-3,-950.485E-6,-483.305E-6,-243.736E-6,-3.47570E-3,-1.84103E-3,-950.486E-6,-483.419E-6,-243.746E-6,-3.47577E-3,-1.84104E-3,-950.487E-6,-483.305E-6,-243.758E-6,-3.47582E-3,-1.84105E-3,-950.488E-6,-483.306E-6,-243.765E-6,-3.47585E-3,-1.84105E-3,-950.489E-6,-483.306E-6,-243.770E-6,-3.47587E-3,-1.84105E-3,-950.489E-6,-483.306E-6,-243.774E-6,-3.47589E-3,-1.84106E-3,-950.504E-6,-483.311E-6,-243.777E-6,-3.47590E-3,-1.84106E-3,-950.509E-6,-483.311E-6,-243.779E-6,-3.47591E-3,-1.84106E-3,-950.515E-6,-483.312E-6,-243.781E-6,-3.68258E-3,-1.96347E-3,-1.01872E-3,-519.583E-6,-262.601E-6,-3.68864E-3,-1.96609E-3,-1.01942E-3,-520.006E-6,-262.747E-6,-3.69268E-3,-1.96737E-3,-1.01986E-3,-520.073E-6,-262.853E-6,-3.69540E-3,-1.96813E-3,-1.02018E-3,-520.221E-6,-262.933E-6,-3.69723E-3,-1.96868E-3,-1.02043E-3,-520.339E-6,-262.996E-6,-3.69848E-3,-1.96913E-3,-1.02063E-3,-520.438E-6,-263.048E-6,-3.69939E-3,-1.96950E-3,-1.02083E-3,-520.529E-6,-263.092E-6,-3.70011E-3,-1.96982E-3,-1.02098E-3,-520.603E-6,-263.131E-6,-3.70072E-3,-1.97010E-3,-1.02113E-3,-520.669E-6,-263.165E-6,881.319E-6,1.01308E-3,1.03465E-3,1.03488E-3,1.04162E-3,934.279E-6,1.02404E-3,1.01905E-3,1.03544E-3,1.04247E-3,958.631E-6,997.699E-6,1.01798E-3,1.03556E-3,1.04305E-3,966.601E-6,987.317E-6,1.01796E-3,1.03586E-3,1.04348E-3,959.725E-6,984.923E-6,1.01807E-3,1.03610E-3,1.04382E-3,944.950E-6,984.225E-6,1.01821E-3,1.03630E-3,1.04410E-3,934.625E-6,984.000E-6,1.01835E-3,1.03649E-3,1.04435E-3,929.855E-6,983.941E-6,1.01847E-3,1.03664E-3,1.04456E-3,927.712E-6,983.947E-6,1.01858E-3,1.03678E-3,1.04475E-3
651.000E-12,-3.47568E-3,-1.84102E-3,-950.485E-6,-483.305E-6,-243.736E-6,-3.47570E-3,-1.84103E-3,-950.486E-6,-483.415E-6,-243.745E-6,-3.47577E-3,-1.84104E-3,-950.487E-6,-483.305E-6,-243.757E-6,-3.47582E-3,-1.84105E-3,-950.488E-6,-483.306E-6,-243.764E-6,-3.47585E-3,-1.84105E-3,-950.489E-6,-483.306E-6,-243.769E-6,-3.47587E-3,-1.84105E-3,-950.489E-6,-483.306E-6,-243.772E-6,-3.47589E-3,-1.84106E-3,-950.503E-6,-483.311E-6,-243.775E-6,-3.47590E-3,-1.84106E-3,-950.508E-6,-483.311E-6,-243.777E-6,-3.47591E-3,-1.84106E-3,-950.514E-6,-483.312E-6,-243.779E-6,-3.68257E-3,-1.96347E-3,-1.01872E-3,-519.583E-6,-262.601E-6,-3.68864E-3,-1.96609E-3,-1.01942E-3,-520.002E-6,-262.746E-6,-3.69268E-3,-1.96737E-3,-1.01986E-3,-520.073E-6,-262.852E-6,-3.69540E-3,-1.96813E-3,-1.02018E-3,-520.221E-6,-262.932E-6,-3.69723E-3,-1.96868E-3,-1.02043E-3,-520.339E-6,-262.994E-6,-3.69848E-3,-1.96913E-3,-1.02063E-3,-520.438E-6,-263.046E-6,-3.69939E-3,-1.96950E-3,-1.02083E-3,-520.528E-6,-263.091E-6,-3.70011E-3,-1.96982E-3,-1.02098E-3,-520.602E-6,-263.129E-6,-3.70072E-3,-1.97010E-3,-1.02112E-3,-520.668E-6,-263.164E-6,881.318E-6,1.01308E-3,1.03465E-3,1.03488E-3,1.04162E-3,934.279E-6,1.02404E-3,1.01905E-3,1.03543E-3,1.04247E-3,958.631E-6,997.699E-6,1.01798E-3,1.03556E-3,1.04305E-3,966.601E-6,987.317E-6,1.01796E-3,1.03586E-3,1.04348E-3,959.725E-6,984.923E-6,1.01807E-3,1.03610E-3,1.04382E-3,944.950E-6,984.225E-6,1.01821E-3,1.03630E-3,1.04410E-3,934.625E-6,983.999E-6,1.01835E-3,1.03649E-3,1.04434E-3,929.855E-6,983.941E-6,1.01847E-3,1.03664E-3,1.04455E-3,927.712E-6,983.947E-6,1.01858E-3,1.03678E-3,1.04474E-3
671.000E-12,-3.47567E-3,-1.84102E-3,-950.485E-6,-483.305E-6,-243.736E-6,-3.47570E-3,-1.84103E-3,-950.486E-6,-483.411E-6,-243.745E-6,-3.47577E-3,-1.84104E-3,-950.487E-6,-483.305E-6,-243.756E-6,-3.47582E-3,-1.84105E-3,-950.488E-6,-483.306E-6,-243.763E-6,-3.47585E-3,-1.84105E-3,-950.489E-6,-483.306E-6,-243.768E-6,-3.47587E-3,-1.84105E-3,-950.489E-6,-483.306E-6,-243.771E-6,-3.47589E-3,-1.84106E-3,-950.503E-6,-483.311E-6,-243.774E-6,-3.47590E-3,-1.84106E-3,-950.508E-6,-483.311E-6,-243.776E-6,-3.47591E-3,-1.84106E-3,-950.513E-6,-483.311E-6,-243.778E-6,-3.68257E-3,-1.96347E-3,-1.01872E-3,-519.583E-6,-262.600E-6,-3.68864E-3,-1.96609E-3,-1.01942E-3,-519.998E-6,-262.746E-6,-3.69268E-3,-1.96737E-3,-1.01986E-3,-520.073E-6,-262.852E-6,-3.69540E-3,-1.96813E-3,-1.02018E-3,-520.221E-6,-262.931E-6,-3.69723E-3,-1.96868E-3,-1.02043E-3,-520.339E-6,-262.993E-6,-3.69848E-3,-1.96913E-3,-1.02063E-3,-520.438E-6,-263.045E-6,-3.69939E-3,-1.96950E-3,-1.02083E-3,-520.528E-6,-263.089E-6,-3.70011E-3,-1.96982E-3,-1.02098E-3,-520.602E-6,-263.128E-6,-3.70072E-3,-1.97010E-3,-1.02112E-3,-520.668E-6,-263.162E-6,881.318E-6,1.01308E-3,1.03465E-3,1.03488E-3,1.04162E-3,934.279E-6,1.02404E-3,1.01905E-3,1.03542E-3,1.04246E-3,958.631E-6,997.699E-6,1.01798E-3,1.03556E-3,1.04304E-3,966.601E-6,987.317E-6,1.01796E-3,1.03586E-3,1.04347E-3,959.725E-6,984.923E-6,1.01807E-3,1.03610E-3,1.04381E-3,944.950E-6,984.225E-6,1.01821E-3,1.03630E-3,1.04409E-3,934.625E-6,984.000E-6,1.01835E-3,1.03649E-3,1.04434E-3,929.855E-6,983.941E-6,1.01847E-3,1.03664E-3,1.04455E-3,927.712E-6,983.946E-6,1.01858E-3,1.03678E-3,1.04474E-3
691.000E-12,-3.47567E-3,-1.84102E-3,-950.485E-6,-483.305E-6,-243.736E-6,-3.47570E-3,-1.84103E-3,-950.486E-6,-483.408E-6,-243.744E-6,-3.47577E-3,-1.84104E-3,-950.487E-6,-483.305E-6,-243.755E-6,-3.47582E-3,-1.84105E-3,-950.488E-6,-483.306E-6,-243.762E-6,-3.47585E-3,-1.84105E-3,-950.489E-6,-483.306E-6,-243.767E-6,-3.47587E-3,-1.84105E-3,-950.489E-6,-483.306E-6,-243.770E-6,-3.47589E-3,-1.84106E-3,-950.502E-6,-483.311E-6,-243.773E-6,-3.47590E-3,-1.84106E-3,-950.507E-6,-483.311E-6,-243.775E-6,-3.47591E-3,-1.84106E-3,-950.512E-6,-483.311E-6,-243.776E-6,-3.68256E-3,-1.96347E-3,-1.01872E-3,-519.583E-6,-262.600E-6,-3.68864E-3,-1.96609E-3,-1.01942E-3,-519.994E-6,-262.745E-6,-3.69268E-3,-1.96737E-3,-1.01986E-3,-520.073E-6,-262.851E-6,-3.69540E-3,-1.96813E-3,-1.02018E-3,-520.221E-6,-262.930E-6,-3.69723E-3,-1.96868E-3,-1.02043E-3,-520.339E-6,-262.992E-6,-3.69848E-3,-1.96913E-3,-1.02063E-3,-520.438E-6,-263.043E-6,-3.69939E-3,-1.96950E-3,-1.02082E-3,-520.528E-6,-263.088E-6,-3.70011E-3,-1.96982E-3,-1.02098E-3,-520.602E-6,-263.126E-6,-3.70072E-3,-1.97010E-3,-1.02112E-3,-520.668E-6,-263.160E-6,881.316E-6,1.01308E-3,1.03465E-3,1.03488E-3,1.04162E-3,934.279E-6,1.02404E-3,1.01905E-3,1.03542E-3,1.04246E-3,958.631E-6,997.699E-6,1.01798E-3,1.03556E-3,1.04304E-3,966.601E-6,987.317E-6,1.01796E-3,1.03586E-3,1.04347E-3,959.725E-6,984.923E-6,1.01807E-3,1.03610E-3,1.04380E-3,944.950E-6,984.225E-6,1.01821E-3,1.03630E-3,1.04409E-3,934.625E-6,983.999E-6,1.01835E-3,1.03649E-3,1.04433E-3,929.855E-6,983.941E-6,1.01847E-3,1.03664E-3,1.04454E-3,927.712E-6,983.946E-6,1.01858E-3,1.03678E-3,1.04473E-3
711.000E-12,-3.47567E-3,-1.84102E-3,-950.485E-6,-483.305E-6,-243.735E-6,-3.47570E-3,-1.84103E-3,-950.486E-6,-483.404E-6,-243.744E-6,-3.47577E-3,-1.84104E-3,-950.487E-6,-483.305E-6,-243.754E-6,-3.47582E-3,-1.84105E-3,-950.488E-6,-483.306E-6,-243.761E-6,-3.47585E-3,-1.84105E-3,-950.489E-6,-483.306E-6,-243.766E-6,-3.47587E-3,-1.84105E-3,-950.489E-6,-483.306E-6,-243.769E-6,-3.47589E-3,-1.84106E-3,-950.502E-6,-483.311E-6,-243.771E-6,-3.47590E-3,-1.84106E-3,-950.506E-6,-483.311E-6,-243.773E-6,-3.47591E-3,-1.84106E-3,-950.512E-6,-483.311E-6,-243.775E-6,-3.68256E-3,-1.96347E-3,-1.01872E-3,-519.583E-6,-262.600E-6,-3.68864E-3,-1.96609E-3,-1.01942E-3,-519.990E-6,-262.745E-6,-3.69268E-3,-1.96737E-3,-1.01986E-3,-520.073E-6,-262.850E-6,-3.69540E-3,-1.96813E-3,-1.02018E-3,-520.221E-6,-262.928E-6,-3.69723E-3,-1.96868E-3,-1.02043E-3,-520.339E-6,-262.991E-6,-3.69848E-3,-1.96913E-3,-1.02063E-3,-520.438E-6,-263.042E-6,-3.69939E-3,-1.96950E-3,-1.02082E-3,-520.528E-6,-263.086E-6,-3.70011E-3,-1.96982E-3,-1.02098E-3,-520.602E-6,-263.125E-6,-3.70072E-3,-1.97010E-3,-1.02112E-3,-520.668E-6,-263.159E-6,881.316E-6,1.01308E-3,1.03465E-3,1.03488E-3,1.04162E-3,934.279E-6,1.02404E-3,1.01905E-3,1.03541E-3,1.04246E-3,958.631E-6,997.699E-6,1.01798E-3,1.03556E-3,1.04303E-3,966.601E-6,987.317E-6,1.01796E-3,1.03586E-3,1.04346E-3,959.725E-6,984.923E-6,1.01807E-3,1.03610E-3,1.04380E-3,944.950E-6,984.225E-6,1.01821E-3,1.03630E-3,1.04408E-3,934.625E-6,984.000E-6,1.01835E-3,1.03649E-3,1.04432E-3,929.855E-6,983.941E-6,1.01847E-3,1.03664E-3,1.04453E-3,927.712E-6,983.946E-6,1.01858E-3,1.03678E-3,1.04472E-3
731.000E-12,-3.47566E-3,-1.84102E-3,-950.485E-6,-483.305E-6,-243.735E-6,-3.47570E-3,-1.84103E-3,-950.486E-6,-483.401E-6,-243.744E-6,-3.47577E-3,-1.84104E-3,-950.487E-6,-483.305E-6,-243.754E-6,-3.47582E-3,-1.84105E-3,-950.488E-6,-483.306E-6,-243.760E-6,-3.47585E-3,-1.84105E-3,-950.489E-6,-483.306E-6,-243.765E-6,-3.47587E-3,-1.84105E-3,-950.489E-6,-483.306E-6,-243.768E-6,-3.47589E-3,-1.84106E-3,-950.501E-6,-483.310E-6,-243.770E-6,-3.47590E-3,-1.84106E-3,-950.506E-6,-483.311E-6,-243.772E-6,-3.47591E-3,-1.84106E-3,-950.511E-6,-483.311E-6,-243.774E-6,-3.68256E-3,-1.96347E-3,-1.01872E-3,-519.583E-6,-262.600E-6,-3.68864E-3,-1.96609E-3,-1.01942E-3,-519.986E-6,-262.744E-6,-3.69268E-3,-1.96737E-3,-1.01986E-3,-520.073E-6,-262.849E-6,-3.69540E-3,-1.96813E-3,-1.02018E-3,-520.221E-6,-262.927E-6,-3.69723E-3,-1.96868E-3,-1.02043E-3,-520.339E-6,-262.989E-6,-3.69848E-3,-1.96913E-3,-1.02063E-3,-520.438E-6,-263.041E-6,-3.69939E-3,-1.96950E-3,-1.02082E-3,-520.528E-6,-263.085E-6,-3.70011E-3,-1.96982E-3,-1.02098E-3,-520.602E-6,-263.123E-6,-3.70072E-3,-1.97010E-3,-1.02112E-3,-520.668E-6,-263.157E-6,881.314E-6,1.01308E-3,1.03465E-3,1.03488E-3,1.04161E-3,934.279E-6,1.02404E-3,1.01905E-3,1.03540E-3,1.04246E-3,958.631E-6,997.699E-6,1.01798E-3,1.03556E-3,1.04303E-3,966.601E-6,987.317E-6,1.01796E-3,1.03586E-3,1.04346E-3,959.725E-6,984.923E-6,1.01807E-3,1.03610E-3,1.04379E-3,944.950E-6,984.225E-6,1.01821E-3,1.03630E-3,1.04407E-3,934.625E-6,983.999E-6,1.01835E-3,1.03649E-3,1.04432E-3,929.855E-6,983.941E-6,1.01847E-3,1.03664E-3,1.04453E-3,927.712E-6,983.946E-6,1.01858E-3,1.03678E-3,1.04472E-3
751.000E-12,-3.47566E-3,-1.84102E-3,-950.485E-6,-483.305E-6,-243.735E-6,-3.47570E-3,-1.84103E-3,-950.486E-6,-483.398E-6,-243.743E-6,-3.47577E-3,-1.84104E-3,-950.487E-6,-483.305E-6,-243.753E-6,-3.47582E-3,-1.84105E-3,-950.488E-6,-483.306E-6,-243.759E-6,-3.47585E-3,-1.84105E-3,-950.489E-6,-483.306E-6,-243.764E-6,-3.47587E-3,-1.84105E-3,-950.489E-6,-483.306E-6,-243.767E-6,-3.47589E-3,-1.84106E-3,-950.501E-6,-483.310E-6,-243.769E-6,-3.47590E-3,-1.84106E-3,-950.505E-6,-483.310E-6,-243.771E-6,-3.47591E-3,-1.84106E-3,-950.510E-6,-483.311E-6,-243.772E-6,-3.68255E-3,-1.96347E-3,-1.01872E-3,-519.583E-6,-262.600E-6,-3.68864E-3,-1.96609E-3,-1.01942E-3,-519.983E-6,-262.744E-6,-3.69268E-3,-1.96737E-3,-1.01986E-3,-520.073E-6,-262.848E-6,-3.69540E-3,-1.96813E-3,-1.02018E-3,-520.221E-6,-262.926E-6,-3.69723E-3,-1.96868E-3,-1.02043E-3,-520.339E-6,-262.988E-6,-3.69848E-3,-1.96913E-3,-1.02063E-3,-520.438E-6,-263.039E-6,-3.69939E-3,-1.96950E-3,-1.02082E-3,-520.527E-6,-263.083E-6,-3.70011E-3,-1.96982E-3,-1.02098E-3,-520.602E-6,-263.122E-6,-3.70072E-3,-1.97010E-3,-1.02112E-3,-520.667E-6,-263.156E-6,881.314E-6,1.01308E-3,1.03465E-3,1.03488E-3,1.04161E-3,934.279E-6,1.02404E-3,1.01905E-3,1.03539E-3,1.04246E-3,958.631E-6,997.699E-6,1.01798E-3,1.03556E-3,1.04303E-3,966.601E-6,987.317E-6,1.01796E-3,1.03586E-3,1.04345E-3,959.725E-6,984.923E-6,1.01807E-3,1.03610E-3,1.04379E-3,944.950E-6,984.225E-6,1.01821E-3,1.03630E-3,1.04407E-3,934.625E-6,984.000E-6,1.01835E-3,1.03649E-3,1.04431E-3,929.855E-6,983.940E-6,1.01847E-3,1.03664E-3,1.04452E-3,927.712E-6,983.946E-6,1.01858E-3,1.03678E-3,1.04471E-3
771.000E-12,-3.47566E-3,-1.84102E-3,-950.485E-6,-483.305E-6,-243.735E-6,-3.47570E-3,-1.84103E-3,-950.486E-6,-483.395E-6,-243.743E-6,-3.47577E-3,-1.84104E-3,-950.487E-6,-483.305E-6,-243.752E-6,-3.47582E-3,-1.84105E-3,-950.488E-6,-483.306E-6,-243.759E-6,-3.47585E-3,-1.84105E-3,-950.489E-6,-483.306E-6,-243.763E-6,-3.47587E-3,-1.84105E-3,-950.489E-6,-483.306E-6,-243.766E-6,-3.47589E-3,-1.84106E-3,-950.500E-6,-483.310E-6,-243.768E-6,-3.47590E-3,-1.84106E-3,-950.505E-6,-483.310E-6,-243.770E-6,-3.47591E-3,-1.84106E-3,-950.509E-6,-483.311E-6,-243.771E-6,-3.68255E-3,-1.96347E-3,-1.01872E-3,-519.583E-6,-262.599E-6,-3.68864E-3,-1.96609E-3,-1.01942E-3,-519.979E-6,-262.743E-6,-3.69268E-3,-1.96737E-3,-1.01986E-3,-520.073E-6,-262.847E-6,-3.69540E-3,-1.96813E-3,-1.02018E-3,-520.221E-6,-262.925E-6,-3.69723E-3,-1.96868E-3,-1.02043E-3,-520.339E-6,-262.987E-6,-3.69848E-3,-1.96913E-3,-1.02063E-3,-520.438E-6,-263.038E-6,-3.69939E-3,-1.96950E-3,-1.02082E-3,-520.527E-6,-263.082E-6,-3.70011E-3,-1.96982E-3,-1.02098E-3,-520.601E-6,-263.120E-6,-3.70072E-3,-1.97010E-3,-1.02112E-3,-520.667E-6,-263.154E-6,881.313E-6,1.01308E-3,1.03465E-3,1.03488E-3,1.04161E-3,934.279E-6,1.02404E-3,1.01905E-3,1.03539E-3,1.04245E-3,958.631E-6,997.699E-6,1.01798E-3,1.03556E-3,1.04302E-3,966.601E-6,987.317E-6,1.01796E-3,1.03586E-3,1.04345E-3,959.725E-6,984.923E-6,1.01807E-3,1.03610E-3,1.04378E-3,944.950E-6,984.225E-6,1.01821E-3,1.03630E-3,1.04406E-3,934.625E-6,983.999E-6,1.01835E-3,1.03649E-3,1.04430E-3,929.855E-6,983.940E-6,1.01847E-3,1.03664E-3,1.04452E-3,927.712E-6,983.946E-6,1.01857E-3,1.03678E-3,1.04470E-3
791.000E-12,-3.47565E-3,-1.84102E-3,-950.485E-6,-483.305E-6,-243.735E-6,-3.47570E-3,-1.84103E-3,-950.486E-6,-483.392E-6,-243.742E-6,-3.47577E-3,-1.84104E-3,-950.487E-6,-483.305E-6,-243.752E-6,-3.47582E-3,-1.84105E-3,-950.488E-6,-483.306E-6,-243.758E-6,-3.47585E-3,-1.84105E-3,-950.489E-6,-483.306E-6,-243.762E-6,-3.47587E-3,-1.84105E-3,-950.489E-6,-483.306E-6,-243.764E-6,-3.47589E-3,-1.84106E-3,-950.500E-6,-483.310E-6,-243.767E-6,-3.47590E-3,-1.84106E-3,-950.504E-6,-483.310E-6,-243.768E-6,-3.47591E-3,-1.84106E-3,-950.509E-6,-483.310E-6,-243.770E-6,-3.68255E-3,-1.96347E-3,-1.01872E-3,-519.583E-6,-262.599E-6,-3.68864E-3,-1.96609E-3,-1.01942E-3,-519.976E-6,-262.743E-6,-3.69268E-3,-1.96737E-3,-1.01986E-3,-520.073E-6,-262.847E-6,-3.69540E-3,-1.96813E-3,-1.02018E-3,-520.221E-6,-262.924E-6,-3.69723E-3,-1.96868E-3,-1.02043E-3,-520.339E-6,-262.986E-6,-3.69848E-3,-1.96913E-3,-1.02063E-3,-520.438E-6,-263.037E-6,-3.69939E-3,-1.96950E-3,-1.02082E-3,-520.527E-6,-263.081E-6,-3.70011E-3,-1.96982E-3,-1.02098E-3,-520.601E-6,-263.119E-6,-3.70072E-3,-1.97010E-3,-1.02112E-3,-520.667E-6,-263.153E-6,881.313E-6,1.01308E-3,1.03465E-3,1.03488E-3,1.04161E-3,934.279E-6,1.02404E-3,1.01905E-3,1.03538E-3,1.04245E-3,958.631E-6,997.699E-6,1.01798E-3,1.03556E-3,1.04302E-3,966.601E-6,987.317E-6,1.01796E-3,1.03586E-3,1.04344E-3,959.725E-6,984.923E-6,1.01807E-3,1.03610E-3,1.04378E-3,944.950E-6,984.225E-6,1.01821E-3,1.03630E-3,1.04406E-3,934.625E-6,984.000E-6,1.01835E-3,1.03649E-3,1.04430E-3,929.855E-6,983.940E-6,1.01847E-3,1.03664E-3,1.04451E-3,927.712E-6,983.946E-6,1.01857E-3,1.03678E-3,1.04470E-3
811.000E-12,-3.47565E-3,-1.84102E-3,-950.485E-6,-483.305E-6,-243.735E-6,-3.47570E-3,-1.84103E-3,-950.486E-6,-483.389E-6,-243.742E-6,-3.47577E-3,-1.84104E-3,-950.487E-6,-483.305E-6,-243.751E-6,-3.47582E-3,-1.84105E-3,-950.488E-6,-483.306E-6,-243.757E-6,-3.47585E-3,-1.84105E-3,-950.489E-6,-483.306E-6,-243.761E-6,-3.47587E-3,-1.84105E-3,-950.489E-6,-483.306E-6,-243.763E-6,-3.47589E-3,-1.84106E-3,-950.500E-6,-483.310E-6,-243.766E-6,-3.47590E-3,-1.84106E-3,-950.504E-6,-483.310E-6,-243.767E-6,-3.47591E-3,-1.84106E-3,-950.508E-6,-483.310E-6,-243.769E-6,-3.68254E-3,-1.96347E-3,-1.01872E-3,-519.583E-6,-262.599E-6,-3.68864E-3,-1.96609E-3,-1.01942E-3,-519.973E-6,-262.743E-6,-3.69268E-3,-1.96737E-3,-1.01986E-3,-520.073E-6,-262.846E-6,-3.69540E-3,-1.96813E-3,-1.02018E-3,-520.221E-6,-262.923E-6,-3.69723E-3,-1.96868E-3,-1.02043E-3,-520.339E-6,-262.985E-6,-3.69848E-3,-1.96913E-3,-1.02063E-3,-520.438E-6,-263.036E-6,-3.69939E-3,-1.96950E-3,-1.02082E-3,-520.527E-6,-263.079E-6,-3.70011E-3,-1.96982E-3,-1.02098E-3,-520.601E-6,-263.118E-6,-3.70072E-3,-1.97010E-3,-1.02112E-3,-520.667E-6,-263.151E-6,881.311E-6,1.01308E-3,1.03465E-3,1.03488E-3,1.04161E-3,934.279E-6,1.02404E-3,1.01905E-3,1.03537E-3,1.04245E-3,958.631E-6,997.699E-6,1.01798E-3,1.03556E-3,1.04302E-3,966.601E-6,987.317E-6,1.01796E-3,1.03586E-3,1.04344E-3,959.725E-6,984.923E-6,1.01807E-3,1.03610E-3,1.04377E-3,944.950E-6,984.225E-6,1.01821E-3,1.03630E-3,1.04405E-3,934.625E-6,983.999E-6,1.01835E-3,1.03649E-3,1.04429E-3,929.855E-6,983.940E-6,1.01846E-3,1.03664E-3,1.04450E-3,927.712E-6,983.946E-6,1.01857E-3,1.03678E-3,1.04469E-3
831.000E-12,-3.47565E-3,-1.84102E-3,-950.485E-6,-483.305E-6,-243.734E-6,-3.47570E-3,-1.84103E-3,-950.486E-6,-483.386E-6,-243.742E-6,-3.47577E-3,-1.84104E-3,-950.487E-6,-483.305E-6,-243.751E-6,-3.47582E-3,-1.84105E-3,-950.488E-6,-483.306E-6,-243.756E-6,-3.47585E-3,-1.84105E-3,-950.489E-6,-483.306E-6,-243.760E-6,-3.47587E-3,-1.84105E-3,-950.489E-6,-483.306E-6,-243.763E-6,-3.47589E-3,-1.84106E-3,-950.499E-6,-483.310E-6,-243.765E-6,-3.47590E-3,-1.84106E-3,-950.503E-6,-483.310E-6,-243.766E-6,-3.47591E-3,-1.84106E-3,-950.507E-6,-483.310E-6,-243.768E-6,-3.68254E-3,-1.96347E-3,-1.01872E-3,-519.583E-6,-262.599E-6,-3.68864E-3,-1.96609E-3,-1.01942E-3,-519.970E-6,-262.742E-6,-3.69268E-3,-1.96737E-3,-1.01986E-3,-520.073E-6,-262.845E-6,-3.69540E-3,-1.96813E-3,-1.02018E-3,-520.221E-6,-262.922E-6,-3.69723E-3,-1.96868E-3,-1.02043E-3,-520.339E-6,-262.984E-6,-3.69848E-3,-1.96913E-3,-1.02063E-3,-520.438E-6,-263.035E-6,-3.69939E-3,-1.96950E-3,-1.02082E-3,-520.527E-6,-263.078E-6,-3.70011E-3,-1.96982E-3,-1.02098E-3,-520.601E-6,-263.116E-6,-3.70072E-3,-1.97010E-3,-1.02112E-3,-520.667E-6,-263.150E-6,881.311E-6,1.01308E-3,1.03465E-3,1.03488E-3,1.04161E-3,934.279E-6,1.02404E-3,1.01905E-3,1.03537E-3,1.04245E-3,958.631E-6,997.699E-6,1.01798E-3,1.03556E-3,1.04301E-3,966.601E-6,987.317E-6,1.01796E-3,1.03586E-3,1.04344E-3,959.725E-6,984.923E-6,1.01807E-3,1.03610E-3,1.04377E-3,944.950E-6,984.225E-6,1.01821E-3,1.03630E-3,1.04405E-3,934.625E-6,984.000E-6,1.01835E-3,1.03649E-3,1.04429E-3,929.855E-6,983.940E-6,1.01846E-3,1.03664E-3,1.04450E-3,927.712E-6,983.946E-6,1.01857E-3,1.03678E-3,1.04468E-3
851.000E-12,-3.47564E-3,-1.84102E-3,-950.485E-6,-483.305E-6,-243.734E-6,-3.47570E-3,-1.84103E-3,-950.486E-6,-483.384E-6,-243.741E-6,-3.47577E-3,-1.84104E-3,-950.487E-6,-483.305E-6,-243.750E-6,-3.47582E-3,-1.84105E-3,-950.488E-6,-483.306E-6,-243.755E-6,-3.47585E-3,-1.84105E-3,-950.489E-6,-483.306E-6,-243.759E-6,-3.47587E-3,-1.84105E-3,-950.489E-6,-483.306E-6,-243.762E-6,-3.47589E-3,-1.84106E-3,-950.499E-6,-483.310E-6,-243.764E-6,-3.47590E-3,-1.84106E-3,-950.503E-6,-483.310E-6,-243.765E-6,-3.47591E-3,-1.84106E-3,-950.507E-6,-483.310E-6,-243.767E-6,-3.68254E-3,-1.96347E-3,-1.01872E-3,-519.583E-6,-262.599E-6,-3.68864E-3,-1.96609E-3,-1.01942E-3,-519.966E-6,-262.742E-6,-3.69268E-3,-1.96737E-3,-1.01986E-3,-520.073E-6,-262.844E-6,-3.69540E-3,-1.96813E-3,-1.02018E-3,-520.221E-6,-262.922E-6,-3.69723E-3,-1.96868E-3,-1.02043E-3,-520.339E-6,-262.983E-6,-3.69848E-3,-1.96913E-3,-1.02063E-3,-520.438E-6,-263.034E-6,-3.69939E-3,-1.96950E-3,-1.02082E-3,-520.527E-6,-263.077E-6,-3.70011E-3,-1.96982E-3,-1.02098E-3,-520.601E-6,-263.115E-6,-3.70072E-3,-1.97010E-3,-1.02112E-3,-520.667E-6,-263.149E-6,881.310E-6,1.01308E-3,1.03465E-3,1.03488E-3,1.04161E-3,934.279E-6,1.02404E-3,1.01905E-3,1.03536E-3,1.04245E-3,958.631E-6,997.699E-6,1.01798E-3,1.03556E-3,1.04301E-3,966.601E-6,987.317E-6,1.01796E-3,1.03586E-3,1.04343E-3,959.725E-6,984.923E-6,1.01807E-3,1.03610E-3,1.04377E-3,944.950E-6,984.225E-6,1.01821E-3,1.03630E-3,1.04404E-3,934.625E-6,983.999E-6,1.01835E-3,1.03649E-3,1.04428E-3,929.855E-6,983.940E-6,1.01846E-3,1.03664E-3,1.04449E-3,927.712E-6,983.946E-6,1.01857E-3,1.03678E-3,1.04468E-3
871.000E-12,-3.47564E-3,-1.84102E-3,-950.485E-6,-483.305E-6,-243.734E-6,-3.47570E-3,-1.84103E-3,-950.486E-6,-483.381E-6,-243.741E-6,-3.47577E-3,-1.84104E-3,-950.487E-6,-483.305E-6,-243.749E-6,-3.47582E-3,-1.84105E-3,-950.488E-6,-483.306E-6,-243.755E-6,-3.47585E-3,-1.84105E-3,-950.489E-6,-483.306E-6,-243.758E-6,-3.47587E-3,-1.84105E-3,-950.489E-6,-483.306E-6,-243.761E-6,-3.47589E-3,-1.84106E-3,-950.499E-6,-483.309E-6,-243.763E-6,-3.47590E-3,-1.84106E-3,-950.502E-6,-483.310E-6,-243.764E-6,-3.47591E-3,-1.84106E-3,-950.506E-6,-483.310E-6,-243.766E-6,-3.68254E-3,-1.96347E-3,-1.01872E-3,-519.583E-6,-262.599E-6,-3.68864E-3,-1.96609E-3,-1.01942E-3,-519.963E-6,-262.741E-6,-3.69268E-3,-1.96737E-3,-1.01986E-3,-520.073E-6,-262.844E-6,-3.69540E-3,-1.96813E-3,-1.02018E-3,-520.221E-6,-262.921E-6,-3.69723E-3,-1.96868E-3,-1.02043E-3,-520.339E-6,-262.982E-6,-3.69848E-3,-1.96913E-3,-1.02063E-3,-520.438E-6,-263.032E-6,-3.69939E-3,-1.96950E-3,-1.02082E-3,-520.527E-6,-263.076E-6,-3.70011E-3,-1.96982E-3,-1.02098E-3,-520.601E-6,-263.114E-6,-3.70072E-3,-1.97010E-3,-1.02112E-3,-520.666E-6,-263.148E-6,881.310E-6,1.01308E-3,1.03465E-3,1.03488E-3,1.04161E-3,934.279E-6,1.02404E-3,1.01905E-3,1.03535E-3,1.04245E-3,958.631E-6,997.699E-6,1.01798E-3,1.03556E-3,1.04301E-3,966.601E-6,987.317E-6,1.01796E-3,1.03586E-3,1.04343E-3,959.725E-6,984.923E-6,1.01807E-3,1.03610E-3,1.04376E-3,944.950E-6,984.225E-6,1.01821E-3,1.03630E-3,1.04404E-3,934.625E-6,984.000E-6,1.01834E-3,1.03649E-3,1.04428E-3,929.855E-6,983.940E-6,1.01846E-3,1.03664E-3,1.04449E-3,927.712E-6,983.946E-6,1.01857E-3,1.03678E-3,1.04467E-3
891.000E-12,-3.47564E-3,-1.84102E-3,-950.485E-6,-483.305E-6,-243.734E-6,-3.47570E-3,-1.84103E-3,-950.486E-6,-483.378E-6,-243.741E-6,-3.47577E-3,-1.84104E-3,-950.487E-6,-483.305E-6,-243.749E-6,-3.47582E-3,-1.84105E-3,-950.488E-6,-483.306E-6,-243.754E-6,-3.47585E-3,-1.84105E-3,-950.489E-6,-483.306E-6,-243.757E-6,-3.47587E-3,-1.84105E-3,-950.489E-6,-483.306E-6,-243.760E-6,-3.47589E-3,-1.84106E-3,-950.498E-6,-483.309E-6,-243.762E-6,-3.47590E-3,-1.84106E-3,-950.502E-6,-483.310E-6,-243.763E-6,-3.47591E-3,-1.84106E-3,-950.505E-6,-483.310E-6,-243.764E-6,-3.68253E-3,-1.96347E-3,-1.01872E-3,-519.583E-6,-262.598E-6,-3.68864E-3,-1.96609E-3,-1.01942E-3,-519.960E-6,-262.741E-6,-3.69268E-3,-1.96737E-3,-1.01986E-3,-520.073E-6,-262.843E-6,-3.69540E-3,-1.96813E-3,-1.02018E-3,-520.221E-6,-262.920E-6,-3.69723E-3,-1.96868E-3,-1.02043E-3,-520.339E-6,-262.981E-6,-3.69848E-3,-1.96913E-3,-1.02063E-3,-520.438E-6,-263.031E-6,-3.69939E-3,-1.96950E-3,-1.02082E-3,-520.526E-6,-263.075E-6,-3.70011E-3,-1.96982E-3,-1.02098E-3,-520.600E-6,-263.113E-6,-3.70072E-3,-1.97010E-3,-1.02111E-3,-520.666E-6,-263.146E-6,881.309E-6,1.01308E-3,1.03465E-3,1.03488E-3,1.04161E-3,934.279E-6,1.02404E-3,1.01905E-3,1.03535E-3,1.04244E-3,958.631E-6,997.699E-6,1.01798E-3,1.03556E-3,1.04301E-3,966.601E-6,987.317E-6,1.01796E-3,1.03586E-3,1.04342E-3,959.725E-6,984.923E-6,1.01807E-3,1.03610E-3,1.04376E-3,944.950E-6,984.225E-6,1.01821E-3,1.03630E-3,1.04403E-3,934.625E-6,983.999E-6,1.01834E-3,1.03649E-3,1.04427E-3,929.855E-6,983.940E-6,1.01846E-3,1.03664E-3,1.04448E-3,927.712E-6,983.946E-6,1.01857E-3,1.03678E-3,1.04467E-3
911.000E-12,-3.47564E-3,-1.84102E-3,-950.485E-6,-483.305E-6,-243.734E-6,-3.47570E-3,-1.84103E-3,-950.486E-6,-483.376E-6,-243.740E-6,-3.47577E-3,-1.84104E-3,-950.487E-6,-483.305E-6,-243.748E-6,-3.47582E-3,-1.84105E-3,-950.488E-6,-483.306E-6,-243.753E-6,-3.47585E-3,-1.84105E-3,-950.489E-6,-483.306E-6,-243.757E-6,-3.47587E-3,-1.84105E-3,-950.489E-6,-483.306E-6,-243.759E-6,-3.47589E-3,-1.84106E-3,-950.498E-6,-483.309E-6,-243.761E-6,-3.47590E-3,-1.84106E-3,-950.501E-6,-483.309E-6,-243.762E-6,-3.47591E-3,-1.84106E-3,-950.505E-6,-483.310E-6,-243.763E-6,-3.68253E-3,-1.96347E-3,-1.01872E-3,-519.583E-6,-262.598E-6,-3.68864E-3,-1.96609E-3,-1.01942E-3,-519.958E-6,-262.741E-6,-3.69268E-3,-1.96737E-3,-1.01986E-3,-520.073E-6,-262.842E-6,-3.69540E-3,-1.96813E-3,-1.02018E-3,-520.221E-6,-262.919E-6,-3.69723E-3,-1.96868E-3,-1.02043E-3,-520.339E-6,-262.980E-6,-3.69848E-3,-1.96913E-3,-1.02063E-3,-520.438E-6,-263.030E-6,-3.69939E-3,-1.96950E-3,-1.02082E-3,-520.526E-6,-263.074E-6,-3.70011E-3,-1.96982E-3,-1.02098E-3,-520.600E-6,-263.112E-6,-3.70072E-3,-1.97010E-3,-1.02111E-3,-520.666E-6,-263.145E-6,881.309E-6,1.01308E-3,1.03465E-3,1.03488E-3,1.04161E-3,934.279E-6,1.02404E-3,1.01905E-3,1.03534E-3,1.04244E-3,958.631E-6,997.699E-6,1.01798E-3,1.03556E-3,1.04300E-3,966.601E-6,987.317E-6,1.01796E-3,1.03586E-3,1.04342E-3,959.725E-6,984.923E-6,1.01807E-3,1.03610E-3,1.04375E-3,944.950E-6,984.225E-6,1.01821E-3,1.03630E-3,1.04403E-3,934.625E-6,984.000E-6,1.01834E-3,1.03648E-3,1.04427E-3,929.855E-6,983.940E-6,1.01846E-3,1.03664E-3,1.04448E-3,927.712E-6,983.946E-6,1.01857E-3,1.03678E-3,1.04466E-3
931.000E-12,-3.47564E-3,-1.84102E-3,-950.485E-6,-483.305E-6,-243.734E-6,-3.47570E-3,-1.84103E-3,-950.486E-6,-483.374E-6,-243.740E-6,-3.47577E-3,-1.84104E-3,-950.487E-6,-483.305E-6,-243.748E-6,-3.47582E-3,-1.84105E-3,-950.488E-6,-483.306E-6,-243.753E-6,-3.47585E-3,-1.84105E-3,-950.489E-6,-483.306E-6,-243.756E-6,-3.47587E-3,-1.84105E-3,-950.489E-6,-483.306E-6,-243.758E-6,-3.47589E-3,-1.84106E-3,-950.498E-6,-483.309E-6,-243.760E-6,-3.47590E-3,-1.84106E-3,-950.501E-6,-483.309E-6,-243.761E-6,-3.47591E-3,-1.84106E-3,-950.504E-6,-483.309E-6,-243.763E-6,-3.68253E-3,-1.96347E-3,-1.01872E-3,-519.583E-6,-262.598E-6,-3.68864E-3,-1.96609E-3,-1.01942E-3,-519.955E-6,-262.740E-6,-3.69268E-3,-1.96737E-3,-1.01986E-3,-520.073E-6,-262.842E-6,-3.69540E-3,-1.96813E-3,-1.02018E-3,-520.221E-6,-262.918E-6,-3.69723E-3,-1.96868E-3,-1.02043E-3,-520.339E-6,-262.979E-6,-3.69848E-3,-1.96913E-3,-1.02063E-3,-520.438E-6,-263.029E-6,-3.69939E-3,-1.96950E-3,-1.02082E-3,-520.526E-6,-263.073E-6,-3.70011E-3,-1.96982E-3,-1.02097E-3,-520.600E-6,-263.110E-6,-3.70072E-3,-1.97010E-3,-1.02111E-3,-520.666E-6,-263.144E-6,881.308E-6,1.01308E-3,1.03465E-3,1.03488E-3,1.04161E-3,934.279E-6,1.02404E-3,1.01905E-3,1.03534E-3,1.04244E-3,958.631E-6,997.699E-6,1.01798E-3,1.03556E-3,1.04300E-3,966.601E-6,987.317E-6,1.01796E-3,1.03586E-3,1.04342E-3,959.725E-6,984.923E-6,1.01807E-3,1.03610E-3,1.04375E-3,944.950E-6,984.225E-6,1.01821E-3,1.03630E-3,1.04403E-3,934.625E-6,983.999E-6,1.01834E-3,1.03648E-3,1.04426E-3,929.855E-6,983.940E-6,1.01846E-3,1.03664E-3,1.04447E-3,927.712E-6,983.946E-6,1.01857E-3,1.03678E-3,1.04466E-3
951.000E-12,-3.47563E-3,-1.84102E-3,-950.485E-6,-483.305E-6,-243.734E-6,-3.47570E-3,-1.84103E-3,-950.486E-6,-483.371E-6,-243.740E-6,-3.47577E-3,-1.84104E-3,-950.487E-6,-483.305E-6,-243.747E-6,-3.47582E-3,-1.84105E-3,-950.488E-6,-483.306E-6,-243.752E-6,-3.47585E-3,-1.84105E-3,-950.489E-6,-483.306E-6,-243.755E-6,-3.47587E-3,-1.84105E-3,-950.489E-6,-483.306E-6,-243.757E-6,-3.47589E-3,-1.84106E-3,-950.497E-6,-483.309E-6,-243.759E-6,-3.47590E-3,-1.84106E-3,-950.500E-6,-483.309E-6,-243.760E-6,-3.47591E-3,-1.84106E-3,-950.504E-6,-483.309E-6,-243.762E-6,-3.68253E-3,-1.96347E-3,-1.01872E-3,-519.583E-6,-262.598E-6,-3.68864E-3,-1.96609E-3,-1.01942E-3,-519.952E-6,-262.740E-6,-3.69268E-3,-1.96737E-3,-1.01986E-3,-520.073E-6,-262.841E-6,-3.69540E-3,-1.96813E-3,-1.02018E-3,-520.221E-6,-262.917E-6,-3.69723E-3,-1.96868E-3,-1.02043E-3,-520.339E-6,-262.978E-6,-3.69848E-3,-1.96913E-3,-1.02063E-3,-520.438E-6,-263.028E-6,-3.69939E-3,-1.96950E-3,-1.02082E-3,-520.526E-6,-263.072E-6,-3.70011E-3,-1.96982E-3,-1.02097E-3,-520.600E-6,-263.109E-6,-3.70072E-3,-1.97010E-3,-1.02111E-3,-520.666E-6,-263.143E-6,881.308E-6,1.01308E-3,1.03465E-3,1.03488E-3,1.04161E-3,934.279E-6,1.02404E-3,1.01905E-3,1.03533E-3,1.04244E-3,958.631E-6,997.699E-6,1.01798E-3,1.03556E-3,1.04300E-3,966.601E-6,987.317E-6,1.01796E-3,1.03586E-3,1.04341E-3,959.725E-6,984.923E-6,1.01807E-3,1.03610E-3,1.04375E-3,944.950E-6,984.225E-6,1.01821E-3,1.03630E-3,1.04402E-3,934.625E-6,984.000E-6,1.01834E-3,1.03648E-3,1.04426E-3,929.855E-6,983.940E-6,1.01846E-3,1.03664E-3,1.04447E-3,927.712E-6,983.946E-6,1.01857E-3,1.03678E-3,1.04465E-3
971.000E-12,-3.47563E-3,-1.84102E-3,-950.485E-6,-483.305E-6,-243.734E-6,-3.47570E-3,-1.84103E-3,-950.486E-6,-483.369E-6,-243.740E-6,-3.47577E-3,-1.84104E-3,-950.487E-6,-483.305E-6,-243.747E-6,-3.47582E-3,-1.84105E-3,-950.488E-6,-483.306E-6,-243.751E-6,-3.47585E-3,-1.84105E-3,-950.489E-6,-483.306E-6,-243.754E-6,-3.47587E-3,-1.84105E-3,-950.489E-6,-483.306E-6,-243.757E-6,-3.47589E-3,-1.84106E-3,-950.497E-6,-483.309E-6,-243.758E-6,-3.47590E-3,-1.84106E-3,-950.500E-6,-483.309E-6,-243.760E-6,-3.47591E-3,-1.84106E-3,-950.503E-6,-483.309E-6,-243.761E-6,-3.68252E-3,-1.96347E-3,-1.01872E-3,-519.583E-6,-262.598E-6,-3.68864E-3,-1.96609E-3,-1.01942E-3,-519.950E-6,-262.740E-6,-3.69268E-3,-1.96737E-3,-1.01986E-3,-520.073E-6,-262.841E-6,-3.69540E-3,-1.96813E-3,-1.02018E-3,-520.221E-6,-262.917E-6,-3.69723E-3,-1.96868E-3,-1.02043E-3,-520.339E-6,-262.977E-6,-3.69848E-3,-1.96913E-3,-1.02063E-3,-520.438E-6,-263.028E-6,-3.69939E-3,-1.96950E-3,-1.02082E-3,-520.526E-6,-263.071E-6,-3.70011E-3,-1.96982E-3,-1.02097E-3,-520.600E-6,-263.108E-6,-3.70072E-3,-1.97010E-3,-1.02111E-3,-520.666E-6,-263.142E-6,881.307E-6,1.01308E-3,1.03465E-3,1.03488E-3,1.04161E-3,934.279E-6,1.02404E-3,1.01905E-3,1.03533E-3,1.04244E-3,958.631E-6,997.699E-6,1.01798E-3,1.03556E-3,1.04300E-3,966.601E-6,987.317E-6,1.01796E-3,1.03586E-3,1.04341E-3,959.725E-6,984.923E-6,1.01807E-3,1.03610E-3,1.04374E-3,944.950E-6,984.225E-6,1.01821E-3,1.03630E-3,1.04402E-3,934.625E-6,983.999E-6,1.01834E-3,1.03648E-3,1.04425E-3,929.855E-6,983.940E-6,1.01846E-3,1.03664E-3,1.04446E-3,927.712E-6,983.946E-6,1.01857E-3,1.03678E-3,1.04465E-3
985.500E-12,-3.47563E-3,-1.84102E-3,-950.485E-6,-483.305E-6,-243.734E-6,-3.47570E-3,-1.84103E-3,-950.486E-6,-483.368E-6,-243.739E-6,-3.47577E-3,-1.84104E-3,-950.487E-6,-483.305E-6,-243.746E-6,-3.47582E-3,-1.84105E-3,-950.488E-6,-483.306E-6,-243.751E-6,-3.47585E-3,-1.84105E-3,-950.489E-6,-483.306E-6,-243.754E-6,-3.47587E-3,-1.84105E-3,-950.489E-6,-483.306E-6,-243.756E-6,-3.47589E-3,-1.84106E-3,-950.497E-6,-483.309E-6,-243.758E-6,-3.47590E-3,-1.84106E-3,-950.500E-6,-483.309E-6,-243.759E-6,-3.47591E-3,-1.84106E-3,-950.503E-6,-483.309E-6,-243.760E-6,-3.68252E-3,-1.96347E-3,-1.01872E-3,-519.583E-6,-262.598E-6,-3.68864E-3,-1.96609E-3,-1.01942E-3,-519.948E-6,-262.739E-6,-3.69268E-3,-1.96737E-3,-1.01986E-3,-520.073E-6,-262.840E-6,-3.69540E-3,-1.96813E-3,-1.02018E-3,-520.221E-6,-262.916E-6,-3.69723E-3,-1.96868E-3,-1.02043E-3,-520.339E-6,-262.977E-6,-3.69848E-3,-1.96913E-3,-1.02063E-3,-520.438E-6,-263.027E-6,-3.69939E-3,-1.96950E-3,-1.02082E-3,-520.526E-6,-263.070E-6,-3.70011E-3,-1.96982E-3,-1.02097E-3,-520.600E-6,-263.108E-6,-3.70072E-3,-1.97010E-3,-1.02111E-3,-520.666E-6,-263.141E-6,881.307E-6,1.01308E-3,1.03465E-3,1.03488E-3,1.04161E-3,934.279E-6,1.02404E-3,1.01905E-3,1.03532E-3,1.04244E-3,958.631E-6,997.699E-6,1.01798E-3,1.03556E-3,1.04299E-3,966.601E-6,987.317E-6,1.01796E-3,1.03586E-3,1.04341E-3,959.725E-6,984.923E-6,1.01807E-3,1.03610E-3,1.04374E-3,944.950E-6,984.225E-6,1.01821E-3,1.03630E-3,1.04401E-3,934.625E-6,984.000E-6,1.01834E-3,1.03648E-3,1.04425E-3,929.855E-6,983.940E-6,1.01846E-3,1.03664E-3,1.04446E-3,927.712E-6,983.946E-6,1.01857E-3,1.03678E-3,1.04464E-3
1.00000E-9,-3.47563E-3,-1.84102E-3,-950.485E-6,-483.305E-6,-243.733E-6,-3.47570E-3,-1.84103E-3,-950.486E-6,-483.366E-6,-243.739E-6,-3.47577E-3,-1.84104E-3,-950.487E-6,-483.305E-6,-243.746E-6,-3.47582E-3,-1.84105E-3,-950.488E-6,-483.306E-6,-243.750E-6,-3.47585E-3,-1.84105E-3,-950.489E-6,-483.306E-6,-243.753E-6,-3.47587E-3,-1.84105E-3,-950.489E-6,-483.306E-6,-243.755E-6,-3.47589E-3,-1.84106E-3,-950.497E-6,-483.309E-6,-243.757E-6,-3.47590E-3,-1.84106E-3,-950.499E-6,-483.309E-6,-243.758E-6,-3.47591E-3,-1.84106E-3,-950.502E-6,-483.309E-6,-243.759E-6,-3.68252E-3,-1.96347E-3,-1.01872E-3,-519.583E-6,-262.598E-6,-3.68864E-3,-1.96609E-3,-1.01942E-3,-519.946E-6,-262.739E-6,-3.69268E-3,-1.96737E-3,-1.01986E-3,-520.073E-6,-262.840E-6,-3.69540E-3,-1.96813E-3,-1.02018E-3,-520.221E-6,-262.916E-6,-3.69723E-3,-1.96868E-3,-1.02043E-3,-520.339E-6,-262.976E-6,-3.69848E-3,-1.96913E-3,-1.02063E-3,-520.438E-6,-263.026E-6,-3.69939E-3,-1.96950E-3,-1.02082E-3,-520.526E-6,-263.069E-6,-3.70011E-3,-1.96982E-3,-1.02097E-3,-520.600E-6,-263.107E-6,-3.70072E-3,-1.97010E-3,-1.02111E-3,-520.665E-6,-263.140E-6,881.306E-6,1.01308E-3,1.03465E-3,1.03488E-3,1.04161E-3,934.279E-6,1.02404E-3,1.01905E-3,1.03532E-3,1.04244E-3,958.631E-6,997.699E-6,1.01798E-3,1.03556E-3,1.04299E-3,966.601E-6,987.317E-6,1.01796E-3,1.03586E-3,1.04341E-3,959.725E-6,984.923E-6,1.01807E-3,1.03610E-3,1.04374E-3,944.950E-6,984.225E-6,1.01821E-3,1.03630E-3,1.04401E-3,934.625E-6,983.999E-6,1.01834E-3,1.03648E-3,1.04425E-3,929.855E-6,983.940E-6,1.01846E-3,1.03664E-3,1.04446E-3,927.712E-6,983.946E-6,1.01857E-3,1.03678E-3,1.04464E-3
