V ,leafValue( IS("/Q6/C") "N" 1 ) (A),leafValue( IS("/Q6/C") "N" 2 ) (A),leafValue( IS("/Q6/C") "N" 3 ) (A),leafValue( IS("/Q6/C") "N" 4 ) (A),leafValue( IS("/Q6/C") "N" 5 ) (A),leafValue( IS("/Q6/C") "N" 6 ) (A),leafValue( IS("/Q6/C") "N" 7 ) (A),leafValue( IS("/Q6/C") "N" 8 ) (A),leafValue( IS("/Q6/C") "N" 9 ) (A),leafValue( IS("/Q6/C") "N" 10 ) (A),leafValue( IS("/Q6/C") "N" 11 ) (A),leafValue( IS("/Q6/C") "N" 12 ) (A),leafValue( IS("/Q6/C") "N" 13 ) (A),leafValue( IS("/Q6/C") "N" 14 ) (A),leafValue( IS("/Q6/C") "N" 15 ) (A),leafValue( IS("/Q6/C") "N" 16 ) (A),leafValue( IS("/Q6/C") "N" 17 ) (A),leafValue( IS("/Q6/C") "N" 18 ) (A),leafValue( IS("/Q6/C") "N" 19 ) (A),leafValue( IS("/Q6/C") "N" 20 ) (A),leafValue( IS("/Q6/B") "N" 1 ) (A),leafValue( IS("/Q6/B") "N" 2 ) (A),leafValue( IS("/Q6/B") "N" 3 ) (A),leafValue( IS("/Q6/B") "N" 4 ) (A),leafValue( IS("/Q6/B") "N" 5 ) (A),leafValue( IS("/Q6/B") "N" 6 ) (A),leafValue( IS("/Q6/B") "N" 7 ) (A),leafValue( IS("/Q6/B") "N" 8 ) (A),leafValue( IS("/Q6/B") "N" 9 ) (A),leafValue( IS("/Q6/B") "N" 10 ) (A),leafValue( IS("/Q6/B") "N" 11 ) (A),leafValue( IS("/Q6/B") "N" 12 ) (A),leafValue( IS("/Q6/B") "N" 13 ) (A),leafValue( IS("/Q6/B") "N" 14 ) (A),leafValue( IS("/Q6/B") "N" 15 ) (A),leafValue( IS("/Q6/B") "N" 16 ) (A),leafValue( IS("/Q6/B") "N" 17 ) (A),leafValue( IS("/Q6/B") "N" 18 ) (A),leafValue( IS("/Q6/B") "N" 19 ) (A),leafValue( IS("/Q6/B") "N" 20 ) (A)
0.00000,0.00000,0.00000,0.00000,0.00000,0.00000,0.00000,0.00000,0.00000,0.00000,0.00000,0.00000,0.00000,0.00000,0.00000,0.00000,0.00000,0.00000,0.00000,0.00000,0.00000,0.00000,0.00000,0.00000,0.00000,0.00000,0.00000,0.00000,0.00000,0.00000,0.00000,0.00000,0.00000,0.00000,0.00000,0.00000,0.00000,0.00000,0.00000,0.00000,0.00000
5.00000E-3,1.19616E-18,2.39232E-18,3.58848E-18,4.78464E-18,5.98080E-18,7.17696E-18,8.37312E-18,9.56928E-18,10.7654E-18,11.9616E-18,13.1578E-18,14.3539E-18,15.5501E-18,16.7462E-18,17.9424E-18,19.1386E-18,20.3347E-18,21.5309E-18,22.7270E-18,23.9232E-18,5.02704E-15,5.05409E-15,5.08113E-15,5.10818E-15,5.13522E-15,5.16227E-15,5.18931E-15,5.21636E-15,5.24340E-15,5.27044E-15,5.29749E-15,5.32453E-15,5.35158E-15,5.37862E-15,5.40567E-15,5.43271E-15,5.45975E-15,5.48680E-15,5.51384E-15,5.54089E-15
10.0000E-3,2.63534E-18,5.27067E-18,7.90600E-18,10.5413E-18,13.1767E-18,15.8120E-18,18.4473E-18,21.0827E-18,23.7180E-18,26.3533E-18,28.9887E-18,31.6240E-18,34.2594E-18,36.8947E-18,39.5300E-18,42.1654E-18,44.8007E-18,47.4360E-18,50.0714E-18,52.7067E-18,10.0563E-15,10.1125E-15,10.1688E-15,10.2251E-15,10.2813E-15,10.3376E-15,10.3938E-15,10.4501E-15,10.5064E-15,10.5626E-15,10.6189E-15,10.6752E-15,10.7314E-15,10.7877E-15,10.8439E-15,10.9002E-15,10.9565E-15,11.0127E-15,11.0690E-15,11.1253E-15
15.0000E-3,4.36794E-18,8.73587E-18,13.1038E-18,17.4717E-18,21.8397E-18,26.2076E-18,30.5756E-18,34.9435E-18,39.3114E-18,43.6794E-18,48.0473E-18,52.4152E-18,56.7832E-18,61.1511E-18,65.5191E-18,69.8870E-18,74.2549E-18,78.6229E-18,82.9908E-18,87.3587E-18,15.0878E-15,15.1757E-15,15.2635E-15,15.3513E-15,15.4392E-15,15.5270E-15,15.6148E-15,15.7026E-15,15.7905E-15,15.8783E-15,15.9661E-15,16.0540E-15,16.1418E-15,16.2296E-15,16.3175E-15,16.4053E-15,16.4931E-15,16.5810E-15,16.6688E-15,16.7566E-15
20.0000E-3,6.45483E-18,12.9097E-18,19.3645E-18,25.8193E-18,32.2742E-18,38.7290E-18,45.1838E-18,51.6386E-18,58.0935E-18,64.5483E-18,71.0031E-18,77.4580E-18,83.9128E-18,90.3676E-18,96.8225E-18,103.277E-18,109.732E-18,116.187E-18,122.642E-18,129.097E-18,20.1219E-15,20.2439E-15,20.3658E-15,20.4877E-15,20.6097E-15,20.7316E-15,20.8536E-15,20.9755E-15,21.0974E-15,21.2194E-15,21.3413E-15,21.4632E-15,21.5852E-15,21.7071E-15,21.8291E-15,21.9510E-15,22.0729E-15,22.1949E-15,22.3168E-15,22.4387E-15
25.0000E-3,8.96950E-18,17.9390E-18,26.9085E-18,35.8780E-18,44.8475E-18,53.8170E-18,62.7865E-18,71.7560E-18,80.7255E-18,89.6950E-18,98.6644E-18,107.634E-18,116.603E-18,125.573E-18,134.542E-18,143.512E-18,152.481E-18,161.451E-18,170.420E-18,179.390E-18,25.1588E-15,25.3176E-15,25.4764E-15,25.6351E-15,25.7939E-15,25.9527E-15,26.1115E-15,26.2703E-15,26.4291E-15,26.5879E-15,26.7466E-15,26.9054E-15,27.0642E-15,27.2230E-15,27.3818E-15,27.5406E-15,27.6993E-15,27.8581E-15,28.0169E-15,28.1757E-15
30.0000E-3,12.0006E-18,24.0013E-18,36.0019E-18,48.0025E-18,60.0032E-18,72.0038E-18,84.0045E-18,96.0051E-18,108.006E-18,120.006E-18,132.007E-18,144.008E-18,156.008E-18,168.009E-18,180.010E-18,192.010E-18,204.011E-18,216.011E-18,228.012E-18,240.013E-18,30.1986E-15,30.3972E-15,30.5958E-15,30.7944E-15,30.9930E-15,31.1916E-15,31.3902E-15,31.5888E-15,31.7874E-15,31.9860E-15,32.1846E-15,32.3832E-15,32.5817E-15,32.7803E-15,32.9789E-15,33.1775E-15,33.3761E-15,33.5747E-15,33.7733E-15,33.9719E-15
35.0000E-3,15.6553E-18,31.3107E-18,46.9660E-18,62.6214E-18,78.2767E-18,93.9320E-18,109.587E-18,125.243E-18,140.898E-18,156.553E-18,172.209E-18,187.864E-18,203.519E-18,219.175E-18,234.830E-18,250.485E-18,266.141E-18,281.796E-18,297.451E-18,313.107E-18,35.2416E-15,35.4832E-15,35.7248E-15,35.9664E-15,36.2080E-15,36.4496E-15,36.6913E-15,36.9329E-15,37.1745E-15,37.4161E-15,37.6577E-15,37.8993E-15,38.1409E-15,38.3825E-15,38.6241E-15,38.8657E-15,39.1073E-15,39.3489E-15,39.5905E-15,39.8322E-15
40.0000E-3,20.0629E-18,40.1258E-18,60.1886E-18,80.2515E-18,100.314E-18,120.377E-18,140.440E-18,160.503E-18,180.566E-18,200.629E-18,220.692E-18,240.754E-18,260.817E-18,280.880E-18,300.943E-18,321.006E-18,341.069E-18,361.132E-18,381.195E-18,401.257E-18,40.2881E-15,40.5762E-15,40.8642E-15,41.1523E-15,41.4404E-15,41.7285E-15,42.0165E-15,42.3046E-15,42.5927E-15,42.8808E-15,43.1689E-15,43.4569E-15,43.7450E-15,44.0331E-15,44.3212E-15,44.6092E-15,44.8973E-15,45.1854E-15,45.4735E-15,45.7616E-15
45.0000E-3,25.3793E-18,50.7586E-18,76.1379E-18,101.517E-18,126.896E-18,152.276E-18,177.655E-18,203.034E-18,228.414E-18,253.793E-18,279.172E-18,304.551E-18,329.931E-18,355.310E-18,380.689E-18,406.069E-18,431.448E-18,456.827E-18,482.206E-18,507.586E-18,45.3383E-15,45.6766E-15,46.0149E-15,46.3531E-15,46.6914E-15,47.0297E-15,47.3680E-15,47.7063E-15,48.0446E-15,48.3828E-15,48.7211E-15,49.0594E-15,49.3977E-15,49.7360E-15,50.0743E-15,50.4125E-15,50.7508E-15,51.0891E-15,51.4274E-15,51.7657E-15
50.0000E-3,31.7930E-18,63.5859E-18,95.3788E-18,127.172E-18,158.965E-18,190.758E-18,222.551E-18,254.344E-18,286.137E-18,317.929E-18,349.722E-18,381.515E-18,413.308E-18,445.101E-18,476.894E-18,508.687E-18,540.480E-18,572.273E-18,604.066E-18,635.859E-18,50.3925E-15,50.7851E-15,51.1776E-15,51.5701E-15,51.9626E-15,52.3552E-15,52.7477E-15,53.1402E-15,53.5327E-15,53.9253E-15,54.3178E-15,54.7103E-15,55.1029E-15,55.4954E-15,55.8879E-15,56.2804E-15,56.6730E-15,57.0655E-15,57.4580E-15,57.8505E-15
55.0000E-3,39.5312E-18,79.0624E-18,118.594E-18,158.125E-18,197.656E-18,237.187E-18,276.719E-18,316.250E-18,355.781E-18,395.312E-18,434.843E-18,474.375E-18,513.906E-18,553.437E-18,592.968E-18,632.500E-18,672.031E-18,711.562E-18,751.093E-18,790.624E-18,55.4511E-15,55.9023E-15,56.3534E-15,56.8045E-15,57.2557E-15,57.7068E-15,58.1579E-15,58.6091E-15,59.0602E-15,59.5113E-15,59.9625E-15,60.4136E-15,60.8647E-15,61.3159E-15,61.7670E-15,62.2181E-15,62.6692E-15,63.1204E-15,63.5715E-15,64.0226E-15
60.0000E-3,48.8686E-18,97.7371E-18,146.606E-18,195.474E-18,244.343E-18,293.211E-18,342.080E-18,390.948E-18,439.817E-18,488.686E-18,537.554E-18,586.423E-18,635.291E-18,684.160E-18,733.028E-18,781.897E-18,830.766E-18,879.634E-18,928.503E-18,977.371E-18,60.5144E-15,61.0289E-15,61.5433E-15,62.0578E-15,62.5722E-15,63.0867E-15,63.6011E-15,64.1156E-15,64.6300E-15,65.1445E-15,65.6589E-15,66.1734E-15,66.6878E-15,67.2023E-15,67.7167E-15,68.2312E-15,68.7456E-15,69.2601E-15,69.7745E-15,70.2890E-15
65.0000E-3,60.1362E-18,120.272E-18,180.409E-18,240.545E-18,300.681E-18,360.817E-18,420.954E-18,481.090E-18,541.226E-18,601.362E-18,661.498E-18,721.635E-18,781.771E-18,841.907E-18,902.043E-18,962.180E-18,1.02232E-15,1.08245E-15,1.14259E-15,1.20272E-15,65.5829E-15,66.1657E-15,66.7486E-15,67.3314E-15,67.9143E-15,68.4971E-15,69.0800E-15,69.6629E-15,70.2457E-15,70.8286E-15,71.4114E-15,71.9943E-15,72.5772E-15,73.1600E-15,73.7429E-15,74.3257E-15,74.9086E-15,75.4914E-15,76.0743E-15,76.6572E-15
70.0000E-3,73.7340E-18,147.468E-18,221.202E-18,294.936E-18,368.670E-18,442.404E-18,516.138E-18,589.872E-18,663.606E-18,737.340E-18,811.074E-18,884.808E-18,958.542E-18,1.03228E-15,1.10601E-15,1.17974E-15,1.25348E-15,1.32721E-15,1.40095E-15,1.47468E-15,70.6568E-15,71.3135E-15,71.9703E-15,72.6271E-15,73.2838E-15,73.9406E-15,74.5974E-15,75.2541E-15,75.9109E-15,76.5677E-15,77.2244E-15,77.8812E-15,78.5380E-15,79.1947E-15,79.8515E-15,80.5083E-15,81.1650E-15,81.8218E-15,82.4786E-15,83.1353E-15
75.0000E-3,90.1446E-18,180.289E-18,270.434E-18,360.578E-18,450.723E-18,540.867E-18,631.012E-18,721.157E-18,811.301E-18,901.446E-18,991.590E-18,1.08173E-15,1.17188E-15,1.26202E-15,1.35217E-15,1.44231E-15,1.53246E-15,1.62260E-15,1.71275E-15,1.80289E-15,75.7366E-15,76.4732E-15,77.2099E-15,77.9465E-15,78.6831E-15,79.4197E-15,80.1563E-15,80.8930E-15,81.6296E-15,82.3662E-15,83.1028E-15,83.8394E-15,84.5761E-15,85.3127E-15,86.0493E-15,86.7859E-15,87.5225E-15,88.2592E-15,88.9958E-15,89.7324E-15
80.0000E-3,109.950E-18,219.900E-18,329.851E-18,439.801E-18,549.751E-18,659.701E-18,769.652E-18,879.602E-18,989.552E-18,1.09950E-15,1.20945E-15,1.31940E-15,1.42935E-15,1.53930E-15,1.64925E-15,1.75920E-15,1.86915E-15,1.97910E-15,2.08905E-15,2.19900E-15,80.8229E-15,81.6458E-15,82.4687E-15,83.2916E-15,84.1145E-15,84.9374E-15,85.7603E-15,86.5831E-15,87.4060E-15,88.2289E-15,89.0518E-15,89.8747E-15,90.6976E-15,91.5205E-15,92.3434E-15,93.1663E-15,93.9892E-15,94.8121E-15,95.6350E-15,96.4579E-15
85.0000E-3,133.854E-18,267.708E-18,401.562E-18,535.416E-18,669.270E-18,803.124E-18,936.978E-18,1.07083E-15,1.20469E-15,1.33854E-15,1.47239E-15,1.60625E-15,1.74010E-15,1.87396E-15,2.00781E-15,2.14166E-15,2.27552E-15,2.40937E-15,2.54323E-15,2.67708E-15,85.9161E-15,86.8322E-15,87.7483E-15,88.6644E-15,89.5805E-15,90.4966E-15,91.4127E-15,92.3288E-15,93.2449E-15,94.1611E-15,95.0772E-15,95.9933E-15,96.9094E-15,97.8255E-15,98.7416E-15,99.6577E-15,100.574E-15,101.490E-15,102.406E-15,103.322E-15
90.0000E-3,162.704E-18,325.408E-18,488.112E-18,650.816E-18,813.520E-18,976.224E-18,1.13893E-15,1.30163E-15,1.46434E-15,1.62704E-15,1.78974E-15,1.95245E-15,2.11515E-15,2.27786E-15,2.44056E-15,2.60326E-15,2.76597E-15,2.92867E-15,3.09138E-15,3.25408E-15,91.0168E-15,92.0336E-15,93.0504E-15,94.0673E-15,95.0841E-15,96.1009E-15,97.1177E-15,98.1345E-15,99.1513E-15,100.168E-15,101.185E-15,102.202E-15,103.219E-15,104.235E-15,105.252E-15,106.269E-15,107.286E-15,108.303E-15,109.319E-15,110.336E-15
95.0000E-3,197.524E-18,395.048E-18,592.573E-18,790.097E-18,987.621E-18,1.18515E-15,1.38267E-15,1.58019E-15,1.77772E-15,1.97524E-15,2.17277E-15,2.37029E-15,2.56781E-15,2.76534E-15,2.96286E-15,3.16039E-15,3.35791E-15,3.55544E-15,3.75296E-15,3.95048E-15,96.1256E-15,97.2512E-15,98.3769E-15,99.5025E-15,100.628E-15,101.754E-15,102.879E-15,104.005E-15,105.131E-15,106.256E-15,107.382E-15,108.507E-15,109.633E-15,110.759E-15,111.884E-15,113.010E-15,114.136E-15,115.261E-15,116.387E-15,117.512E-15
100.000E-3,239.550E-18,479.100E-18,718.650E-18,958.199E-18,1.19775E-15,1.43730E-15,1.67685E-15,1.91640E-15,2.15595E-15,2.39550E-15,2.63505E-15,2.87460E-15,3.11415E-15,3.35370E-15,3.59325E-15,3.83280E-15,4.07235E-15,4.31190E-15,4.55145E-15,4.79100E-15,101.243E-15,102.486E-15,103.730E-15,104.973E-15,106.216E-15,107.459E-15,108.702E-15,109.945E-15,111.189E-15,112.432E-15,113.675E-15,114.918E-15,116.161E-15,117.405E-15,118.648E-15,119.891E-15,121.134E-15,122.377E-15,123.620E-15,124.864E-15
105.000E-3,290.272E-18,580.544E-18,870.816E-18,1.16109E-15,1.45136E-15,1.74163E-15,2.03190E-15,2.32218E-15,2.61245E-15,2.90272E-15,3.19299E-15,3.48326E-15,3.77353E-15,4.06381E-15,4.35408E-15,4.64435E-15,4.93462E-15,5.22489E-15,5.51517E-15,5.80544E-15,106.370E-15,107.740E-15,109.111E-15,110.481E-15,111.851E-15,113.221E-15,114.591E-15,115.962E-15,117.332E-15,118.702E-15,120.072E-15,121.442E-15,122.813E-15,124.183E-15,125.553E-15,126.923E-15,128.293E-15,129.663E-15,131.034E-15,132.404E-15
110.000E-3,351.489E-18,702.979E-18,1.05447E-15,1.40596E-15,1.75745E-15,2.10894E-15,2.46043E-15,2.81191E-15,3.16340E-15,3.51489E-15,3.86638E-15,4.21787E-15,4.56936E-15,4.92085E-15,5.27234E-15,5.62383E-15,5.97532E-15,6.32681E-15,6.67830E-15,7.02979E-15,111.507E-15,113.015E-15,114.522E-15,116.030E-15,117.537E-15,119.045E-15,120.552E-15,122.059E-15,123.567E-15,125.074E-15,126.582E-15,128.089E-15,129.597E-15,131.104E-15,132.611E-15,134.119E-15,135.626E-15,137.134E-15,138.641E-15,140.148E-15
115.000E-3,425.373E-18,850.746E-18,1.27612E-15,1.70149E-15,2.12686E-15,2.55224E-15,2.97761E-15,3.40298E-15,3.82836E-15,4.25373E-15,4.67910E-15,5.10447E-15,5.52985E-15,5.95522E-15,6.38059E-15,6.80597E-15,7.23134E-15,7.65671E-15,8.08209E-15,8.50746E-15,116.656E-15,118.311E-15,119.967E-15,121.623E-15,123.278E-15,124.934E-15,126.590E-15,128.246E-15,129.901E-15,131.557E-15,133.213E-15,134.868E-15,136.524E-15,138.180E-15,139.835E-15,141.491E-15,143.147E-15,144.802E-15,146.458E-15,148.114E-15
120.000E-3,514.542E-18,1.02908E-15,1.54363E-15,2.05817E-15,2.57271E-15,3.08725E-15,3.60179E-15,4.11634E-15,4.63088E-15,5.14542E-15,5.65996E-15,6.17451E-15,6.68905E-15,7.20359E-15,7.71813E-15,8.23267E-15,8.74722E-15,9.26176E-15,9.77630E-15,10.2908E-15,121.816E-15,123.632E-15,125.448E-15,127.264E-15,129.079E-15,130.895E-15,132.711E-15,134.527E-15,136.343E-15,138.159E-15,139.975E-15,141.791E-15,143.607E-15,145.422E-15,147.238E-15,149.054E-15,150.870E-15,152.686E-15,154.502E-15,156.318E-15
125.000E-3,622.157E-18,1.24431E-15,1.86647E-15,2.48863E-15,3.11079E-15,3.73294E-15,4.35510E-15,4.97726E-15,5.59942E-15,6.22157E-15,6.84373E-15,7.46589E-15,8.08805E-15,8.71020E-15,9.33236E-15,9.95452E-15,10.5767E-15,11.1988E-15,11.8210E-15,12.4431E-15,126.989E-15,128.978E-15,130.967E-15,132.956E-15,134.945E-15,136.934E-15,138.923E-15,140.912E-15,142.901E-15,144.890E-15,146.879E-15,148.868E-15,150.857E-15,152.846E-15,154.835E-15,156.824E-15,158.813E-15,160.802E-15,162.790E-15,164.779E-15
130.000E-3,752.032E-18,1.50406E-15,2.25610E-15,3.00813E-15,3.76016E-15,4.51219E-15,5.26423E-15,6.01626E-15,6.76829E-15,7.52032E-15,8.27235E-15,9.02439E-15,9.77642E-15,10.5285E-15,11.2805E-15,12.0325E-15,12.7845E-15,13.5366E-15,14.2886E-15,15.0406E-15,132.176E-15,134.352E-15,136.528E-15,138.704E-15,140.880E-15,143.056E-15,145.232E-15,147.408E-15,149.584E-15,151.760E-15,153.936E-15,156.112E-15,158.288E-15,160.464E-15,162.640E-15,164.816E-15,166.992E-15,169.168E-15,171.344E-15,173.520E-15
135.000E-3,908.768E-18,1.81754E-15,2.72630E-15,3.63507E-15,4.54384E-15,5.45261E-15,6.36137E-15,7.27014E-15,8.17891E-15,9.08768E-15,9.99644E-15,10.9052E-15,11.8140E-15,12.7227E-15,13.6315E-15,14.5403E-15,15.4490E-15,16.3578E-15,17.2666E-15,18.1754E-15,137.378E-15,139.756E-15,142.134E-15,144.512E-15,146.890E-15,149.268E-15,151.646E-15,154.024E-15,156.402E-15,158.780E-15,161.158E-15,163.537E-15,165.915E-15,168.293E-15,170.671E-15,173.049E-15,175.427E-15,177.805E-15,180.183E-15,182.561E-15
140.000E-3,1.09791E-15,2.19583E-15,3.29374E-15,4.39166E-15,5.48957E-15,6.58749E-15,7.68540E-15,8.78332E-15,9.88123E-15,10.9791E-15,12.0771E-15,13.1750E-15,14.2729E-15,15.3708E-15,16.4687E-15,17.5666E-15,18.6645E-15,19.7625E-15,20.8604E-15,21.9583E-15,142.596E-15,145.193E-15,147.789E-15,150.385E-15,152.982E-15,155.578E-15,158.175E-15,160.771E-15,163.367E-15,165.964E-15,168.560E-15,171.156E-15,173.753E-15,176.349E-15,178.945E-15,181.542E-15,184.138E-15,186.735E-15,189.331E-15,191.927E-15
145.000E-3,1.32617E-15,2.65234E-15,3.97851E-15,5.30468E-15,6.63085E-15,7.95702E-15,9.28319E-15,10.6094E-15,11.9355E-15,13.2617E-15,14.5879E-15,15.9140E-15,17.2402E-15,18.5664E-15,19.8925E-15,21.2187E-15,22.5449E-15,23.8711E-15,25.1972E-15,26.5234E-15,147.832E-15,150.665E-15,153.497E-15,156.329E-15,159.161E-15,161.994E-15,164.826E-15,167.658E-15,170.490E-15,173.323E-15,176.155E-15,178.987E-15,181.819E-15,184.652E-15,187.484E-15,190.316E-15,193.148E-15,195.981E-15,198.813E-15,201.645E-15
150.000E-3,1.60161E-15,3.20323E-15,4.80484E-15,6.40645E-15,8.00807E-15,9.60968E-15,11.2113E-15,12.8129E-15,14.4145E-15,16.0161E-15,17.6177E-15,19.2194E-15,20.8210E-15,22.4226E-15,24.0242E-15,25.6258E-15,27.2274E-15,28.8290E-15,30.4306E-15,32.0323E-15,153.087E-15,156.174E-15,159.261E-15,162.349E-15,165.436E-15,168.523E-15,171.610E-15,174.697E-15,177.784E-15,180.871E-15,183.958E-15,187.046E-15,190.133E-15,193.220E-15,196.307E-15,199.394E-15,202.481E-15,205.568E-15,208.656E-15,211.743E-15
155.000E-3,1.93399E-15,3.86798E-15,5.80197E-15,7.73596E-15,9.66995E-15,11.6039E-15,13.5379E-15,15.4719E-15,17.4059E-15,19.3399E-15,21.2739E-15,23.2079E-15,25.1419E-15,27.0759E-15,29.0099E-15,30.9439E-15,32.8778E-15,34.8118E-15,36.7458E-15,38.6798E-15,158.363E-15,161.725E-15,165.088E-15,168.450E-15,171.813E-15,175.175E-15,178.538E-15,181.900E-15,185.263E-15,188.625E-15,191.988E-15,195.350E-15,198.713E-15,202.075E-15,205.438E-15,208.800E-15,212.163E-15,215.526E-15,218.888E-15,222.251E-15
160.000E-3,2.33506E-15,4.67012E-15,7.00518E-15,9.34024E-15,11.6753E-15,14.0104E-15,16.3454E-15,18.6805E-15,21.0155E-15,23.3506E-15,25.6857E-15,28.0207E-15,30.3558E-15,32.6909E-15,35.0259E-15,37.3610E-15,39.6960E-15,42.0311E-15,44.3662E-15,46.7012E-15,163.660E-15,167.320E-15,170.980E-15,174.640E-15,178.301E-15,181.961E-15,185.621E-15,189.281E-15,192.941E-15,196.601E-15,200.261E-15,203.921E-15,207.581E-15,211.241E-15,214.902E-15,218.562E-15,222.222E-15,225.882E-15,229.542E-15,233.202E-15
165.000E-3,2.81901E-15,5.63801E-15,8.45702E-15,11.2760E-15,14.0950E-15,16.9140E-15,19.7330E-15,22.5521E-15,25.3711E-15,28.1901E-15,31.0091E-15,33.8281E-15,36.6471E-15,39.4661E-15,42.2851E-15,45.1041E-15,47.9231E-15,50.7421E-15,53.5611E-15,56.3801E-15,168.982E-15,172.963E-15,176.945E-15,180.927E-15,184.908E-15,188.890E-15,192.871E-15,196.853E-15,200.835E-15,204.816E-15,208.798E-15,212.780E-15,216.761E-15,220.743E-15,224.725E-15,228.706E-15,232.688E-15,236.670E-15,240.651E-15,244.633E-15
170.000E-3,3.40294E-15,6.80587E-15,10.2088E-15,13.6117E-15,17.0147E-15,20.4176E-15,23.8206E-15,27.2235E-15,30.6264E-15,34.0294E-15,37.4323E-15,40.8352E-15,44.2382E-15,47.6411E-15,51.0440E-15,54.4470E-15,57.8499E-15,61.2529E-15,64.6558E-15,68.0587E-15,174.329E-15,178.658E-15,182.987E-15,187.316E-15,191.645E-15,195.974E-15,200.304E-15,204.633E-15,208.962E-15,213.291E-15,217.620E-15,221.949E-15,226.278E-15,230.607E-15,234.936E-15,239.265E-15,243.594E-15,247.923E-15,252.253E-15,256.582E-15
175.000E-3,4.10749E-15,8.21497E-15,12.3225E-15,16.4299E-15,20.5374E-15,24.6449E-15,28.7524E-15,32.8599E-15,36.9674E-15,41.0749E-15,45.1824E-15,49.2898E-15,53.3973E-15,57.5048E-15,61.6123E-15,65.7198E-15,69.8273E-15,73.9348E-15,78.0422E-15,82.1497E-15,179.705E-15,184.409E-15,189.114E-15,193.818E-15,198.523E-15,203.227E-15,207.932E-15,212.636E-15,217.341E-15,222.045E-15,226.750E-15,231.454E-15,236.159E-15,240.863E-15,245.568E-15,250.272E-15,254.977E-15,259.681E-15,264.386E-15,269.090E-15
180.000E-3,4.95755E-15,9.91510E-15,14.8726E-15,19.8302E-15,24.7877E-15,29.7453E-15,34.7028E-15,39.6604E-15,44.6179E-15,49.5755E-15,54.5330E-15,59.4906E-15,64.4481E-15,69.4057E-15,74.3632E-15,79.3208E-15,84.2783E-15,89.2359E-15,94.1934E-15,99.1510E-15,185.110E-15,190.220E-15,195.331E-15,200.441E-15,205.551E-15,210.661E-15,215.771E-15,220.882E-15,225.992E-15,231.102E-15,236.212E-15,241.322E-15,246.433E-15,251.543E-15,256.653E-15,261.763E-15,266.873E-15,271.984E-15,277.094E-15,282.204E-15
185.000E-3,5.98315E-15,11.9663E-15,17.9494E-15,23.9326E-15,29.9157E-15,35.8989E-15,41.8820E-15,47.8652E-15,53.8483E-15,59.8315E-15,65.8146E-15,71.7977E-15,77.7809E-15,83.7640E-15,89.7472E-15,95.7303E-15,101.713E-15,107.697E-15,113.680E-15,119.663E-15,190.549E-15,196.097E-15,201.646E-15,207.194E-15,212.743E-15,218.292E-15,223.840E-15,229.389E-15,234.937E-15,240.486E-15,246.035E-15,251.583E-15,257.132E-15,262.680E-15,268.229E-15,273.778E-15,279.326E-15,284.875E-15,290.423E-15,295.972E-15
190.000E-3,7.22049E-15,14.4410E-15,21.6615E-15,28.8819E-15,36.1024E-15,43.3229E-15,50.5434E-15,57.7639E-15,64.9844E-15,72.2049E-15,79.4253E-15,86.6458E-15,93.8663E-15,101.087E-15,108.307E-15,115.528E-15,122.748E-15,129.969E-15,137.189E-15,144.410E-15,196.022E-15,202.045E-15,208.067E-15,214.089E-15,220.112E-15,226.134E-15,232.156E-15,238.179E-15,244.201E-15,250.223E-15,256.246E-15,262.268E-15,268.290E-15,274.313E-15,280.335E-15,286.357E-15,292.380E-15,298.402E-15,304.425E-15,310.447E-15
195.000E-3,8.71324E-15,17.4265E-15,26.1397E-15,34.8530E-15,43.5662E-15,52.2794E-15,60.9927E-15,69.7059E-15,78.4191E-15,87.1324E-15,95.8456E-15,104.559E-15,113.272E-15,121.985E-15,130.699E-15,139.412E-15,148.125E-15,156.838E-15,165.552E-15,174.265E-15,201.534E-15,208.069E-15,214.603E-15,221.137E-15,227.672E-15,234.206E-15,240.740E-15,247.274E-15,253.809E-15,260.343E-15,266.877E-15,273.412E-15,279.946E-15,286.480E-15,293.015E-15,299.549E-15,306.083E-15,312.618E-15,319.152E-15,325.686E-15
200.000E-3,10.5141E-15,21.0281E-15,31.5422E-15,42.0563E-15,52.5703E-15,63.0844E-15,73.5985E-15,84.1126E-15,94.6266E-15,105.141E-15,115.655E-15,126.169E-15,136.683E-15,147.197E-15,157.711E-15,168.225E-15,178.739E-15,189.253E-15,199.767E-15,210.281E-15,207.088E-15,214.175E-15,221.263E-15,228.350E-15,235.438E-15,242.526E-15,249.613E-15,256.701E-15,263.788E-15,270.876E-15,277.964E-15,285.051E-15,292.139E-15,299.226E-15,306.314E-15,313.401E-15,320.489E-15,327.577E-15,334.664E-15,341.752E-15
205.000E-3,12.6865E-15,25.3730E-15,38.0595E-15,50.7460E-15,63.4325E-15,76.1190E-15,88.8055E-15,101.492E-15,114.178E-15,126.865E-15,139.551E-15,152.238E-15,164.924E-15,177.611E-15,190.297E-15,202.984E-15,215.670E-15,228.357E-15,241.043E-15,253.730E-15,212.686E-15,220.371E-15,228.057E-15,235.742E-15,243.428E-15,251.113E-15,258.799E-15,266.484E-15,274.170E-15,281.855E-15,289.541E-15,297.227E-15,304.912E-15,312.598E-15,320.283E-15,327.969E-15,335.654E-15,343.340E-15,351.025E-15,358.711E-15
210.000E-3,15.3071E-15,30.6142E-15,45.9213E-15,61.2284E-15,76.5355E-15,91.8426E-15,107.150E-15,122.457E-15,137.764E-15,153.071E-15,168.378E-15,183.685E-15,198.992E-15,214.299E-15,229.606E-15,244.914E-15,260.221E-15,275.528E-15,290.835E-15,306.142E-15,218.332E-15,226.664E-15,234.995E-15,243.327E-15,251.659E-15,259.991E-15,268.323E-15,276.654E-15,284.986E-15,293.318E-15,301.650E-15,309.982E-15,318.314E-15,326.645E-15,334.977E-15,343.309E-15,351.641E-15,359.973E-15,368.304E-15,376.636E-15
215.000E-3,18.4682E-15,36.9365E-15,55.4047E-15,73.8730E-15,92.3412E-15,110.809E-15,129.278E-15,147.746E-15,166.214E-15,184.682E-15,203.151E-15,221.619E-15,240.087E-15,258.555E-15,277.024E-15,295.492E-15,313.960E-15,332.428E-15,350.897E-15,369.365E-15,224.030E-15,233.061E-15,242.091E-15,251.121E-15,260.152E-15,269.182E-15,278.212E-15,287.243E-15,296.273E-15,305.303E-15,314.333E-15,323.364E-15,332.394E-15,341.424E-15,350.455E-15,359.485E-15,368.515E-15,377.546E-15,386.576E-15,395.606E-15
220.000E-3,22.2813E-15,44.5626E-15,66.8439E-15,89.1252E-15,111.406E-15,133.688E-15,155.969E-15,178.250E-15,200.532E-15,222.813E-15,245.094E-15,267.376E-15,289.657E-15,311.938E-15,334.219E-15,356.501E-15,378.782E-15,401.063E-15,423.345E-15,445.626E-15,229.785E-15,239.571E-15,249.356E-15,259.141E-15,268.927E-15,278.712E-15,288.497E-15,298.282E-15,308.068E-15,317.853E-15,327.638E-15,337.424E-15,347.209E-15,356.994E-15,366.780E-15,376.565E-15,386.350E-15,396.136E-15,405.921E-15,415.706E-15
225.000E-3,26.8805E-15,53.7611E-15,80.6416E-15,107.522E-15,134.403E-15,161.283E-15,188.164E-15,215.044E-15,241.925E-15,268.805E-15,295.686E-15,322.566E-15,349.447E-15,376.328E-15,403.208E-15,430.089E-15,456.969E-15,483.850E-15,510.730E-15,537.611E-15,235.601E-15,246.203E-15,256.804E-15,267.406E-15,278.007E-15,288.609E-15,299.210E-15,309.811E-15,320.413E-15,331.014E-15,341.616E-15,352.217E-15,362.818E-15,373.420E-15,384.021E-15,394.623E-15,405.224E-15,415.826E-15,426.427E-15,437.028E-15
230.000E-3,32.4279E-15,64.8558E-15,97.2837E-15,129.712E-15,162.139E-15,194.567E-15,226.995E-15,259.423E-15,291.851E-15,324.279E-15,356.707E-15,389.135E-15,421.563E-15,453.990E-15,486.418E-15,518.846E-15,551.274E-15,583.702E-15,616.130E-15,648.558E-15,241.484E-15,252.967E-15,264.451E-15,275.935E-15,287.418E-15,298.902E-15,310.385E-15,321.869E-15,333.353E-15,344.836E-15,356.320E-15,367.804E-15,379.287E-15,390.771E-15,402.255E-15,413.738E-15,425.222E-15,436.705E-15,448.189E-15,459.673E-15
235.000E-3,39.1185E-15,78.2371E-15,117.356E-15,156.474E-15,195.593E-15,234.711E-15,273.830E-15,312.948E-15,352.067E-15,391.185E-15,430.304E-15,469.423E-15,508.541E-15,547.660E-15,586.778E-15,625.897E-15,665.015E-15,704.134E-15,743.252E-15,782.371E-15,247.437E-15,259.875E-15,272.312E-15,284.750E-15,297.187E-15,309.624E-15,322.062E-15,334.499E-15,346.936E-15,359.374E-15,371.811E-15,384.249E-15,396.686E-15,409.123E-15,421.561E-15,433.998E-15,446.436E-15,458.873E-15,471.310E-15,483.748E-15
240.000E-3,47.1879E-15,94.3758E-15,141.564E-15,188.752E-15,235.939E-15,283.127E-15,330.315E-15,377.503E-15,424.691E-15,471.879E-15,519.067E-15,566.255E-15,613.442E-15,660.630E-15,707.818E-15,755.006E-15,802.194E-15,849.382E-15,896.570E-15,943.758E-15,253.469E-15,266.937E-15,280.406E-15,293.874E-15,307.343E-15,320.811E-15,334.280E-15,347.748E-15,361.217E-15,374.685E-15,388.154E-15,401.623E-15,415.091E-15,428.560E-15,442.028E-15,455.497E-15,468.965E-15,482.434E-15,495.902E-15,509.371E-15
245.000E-3,56.9196E-15,113.839E-15,170.759E-15,227.678E-15,284.598E-15,341.518E-15,398.437E-15,455.357E-15,512.277E-15,569.196E-15,626.116E-15,683.035E-15,739.955E-15,796.875E-15,853.794E-15,910.714E-15,967.633E-15,1.02455E-12,1.08147E-12,1.13839E-12,259.583E-15,274.167E-15,288.750E-15,303.334E-15,317.917E-15,332.501E-15,347.084E-15,361.668E-15,376.251E-15,390.835E-15,405.418E-15,420.002E-15,434.585E-15,449.169E-15,463.752E-15,478.336E-15,492.919E-15,507.503E-15,522.086E-15,536.670E-15
250.000E-3,68.6558E-15,137.312E-15,205.967E-15,274.623E-15,343.279E-15,411.935E-15,480.591E-15,549.247E-15,617.902E-15,686.558E-15,755.214E-15,823.870E-15,892.526E-15,961.182E-15,1.02984E-12,1.09849E-12,1.16715E-12,1.23580E-12,1.30446E-12,1.37312E-12,265.789E-15,281.578E-15,297.367E-15,313.157E-15,328.946E-15,344.735E-15,360.524E-15,376.313E-15,392.102E-15,407.891E-15,423.681E-15,439.470E-15,455.259E-15,471.048E-15,486.837E-15,502.626E-15,518.415E-15,534.205E-15,549.994E-15,565.783E-15
255.000E-3,82.8088E-15,165.618E-15,248.427E-15,331.235E-15,414.044E-15,496.853E-15,579.662E-15,662.471E-15,745.280E-15,828.088E-15,910.897E-15,993.706E-15,1.07651E-12,1.15932E-12,1.24213E-12,1.32494E-12,1.40775E-12,1.49056E-12,1.57337E-12,1.65618E-12,272.093E-15,289.186E-15,306.279E-15,323.372E-15,340.465E-15,357.558E-15,374.651E-15,391.744E-15,408.837E-15,425.930E-15,443.023E-15,460.116E-15,477.209E-15,494.302E-15,511.395E-15,528.488E-15,545.581E-15,562.675E-15,579.768E-15,596.861E-15
260.000E-3,99.8757E-15,199.751E-15,299.627E-15,399.503E-15,499.379E-15,599.254E-15,699.130E-15,799.006E-15,898.882E-15,998.757E-15,1.09863E-12,1.19851E-12,1.29838E-12,1.39826E-12,1.49814E-12,1.59801E-12,1.69789E-12,1.79776E-12,1.89764E-12,1.99751E-12,278.503E-15,297.007E-15,315.510E-15,334.013E-15,352.517E-15,371.020E-15,389.523E-15,408.026E-15,426.530E-15,445.033E-15,463.536E-15,482.040E-15,500.543E-15,519.046E-15,537.550E-15,556.053E-15,574.556E-15,593.060E-15,611.563E-15,630.066E-15
265.000E-3,120.456E-15,240.911E-15,361.367E-15,481.823E-15,602.278E-15,722.734E-15,843.190E-15,963.645E-15,1.08410E-12,1.20456E-12,1.32501E-12,1.44547E-12,1.56592E-12,1.68638E-12,1.80683E-12,1.92729E-12,2.04775E-12,2.16820E-12,2.28866E-12,2.40911E-12,285.029E-15,305.058E-15,325.087E-15,345.115E-15,365.144E-15,385.173E-15,405.202E-15,425.231E-15,445.260E-15,465.289E-15,485.318E-15,505.346E-15,525.375E-15,545.404E-15,565.433E-15,585.462E-15,605.491E-15,625.520E-15,645.549E-15,665.577E-15
270.000E-3,145.271E-15,290.542E-15,435.812E-15,581.083E-15,726.354E-15,871.625E-15,1.01690E-12,1.16217E-12,1.30744E-12,1.45271E-12,1.59798E-12,1.74325E-12,1.88852E-12,2.03379E-12,2.17906E-12,2.32433E-12,2.46960E-12,2.61487E-12,2.76014E-12,2.90542E-12,291.679E-15,313.359E-15,335.038E-15,356.718E-15,378.397E-15,400.076E-15,421.756E-15,443.435E-15,465.115E-15,486.794E-15,508.473E-15,530.153E-15,551.832E-15,573.511E-15,595.191E-15,616.870E-15,638.550E-15,660.229E-15,681.908E-15,703.588E-15
275.000E-3,175.192E-15,350.383E-15,525.575E-15,700.766E-15,875.958E-15,1.05115E-12,1.22634E-12,1.40153E-12,1.57672E-12,1.75192E-12,1.92711E-12,2.10230E-12,2.27749E-12,2.45268E-12,2.62787E-12,2.80306E-12,2.97826E-12,3.15345E-12,3.32864E-12,3.50383E-12,298.465E-15,321.931E-15,345.396E-15,368.862E-15,392.327E-15,415.792E-15,439.258E-15,462.723E-15,486.188E-15,509.654E-15,533.119E-15,556.585E-15,580.050E-15,603.515E-15,626.981E-15,650.446E-15,673.912E-15,697.377E-15,720.842E-15,744.308E-15
280.000E-3,211.267E-15,422.534E-15,633.801E-15,845.068E-15,1.05633E-12,1.26760E-12,1.47887E-12,1.69014E-12,1.90140E-12,2.11267E-12,2.32394E-12,2.53520E-12,2.74647E-12,2.95774E-12,3.16900E-12,3.38027E-12,3.59154E-12,3.80281E-12,4.01407E-12,4.22534E-12,305.398E-15,330.797E-15,356.195E-15,381.593E-15,406.992E-15,432.390E-15,457.788E-15,483.187E-15,508.585E-15,533.983E-15,559.382E-15,584.780E-15,610.179E-15,635.577E-15,660.975E-15,686.374E-15,711.772E-15,737.170E-15,762.569E-15,787.967E-15
285.000E-3,254.761E-15,509.523E-15,764.284E-15,1.01905E-12,1.27381E-12,1.52857E-12,1.78333E-12,2.03809E-12,2.29285E-12,2.54761E-12,2.80237E-12,3.05714E-12,3.31190E-12,3.56666E-12,3.82142E-12,4.07618E-12,4.33094E-12,4.58570E-12,4.84047E-12,5.09523E-12,312.491E-15,339.982E-15,367.472E-15,394.963E-15,422.454E-15,449.945E-15,477.436E-15,504.926E-15,532.417E-15,559.908E-15,587.399E-15,614.890E-15,642.380E-15,669.871E-15,697.362E-15,724.853E-15,752.344E-15,779.834E-15,807.325E-15,834.816E-15
290.000E-3,307.198E-15,614.397E-15,921.595E-15,1.22879E-12,1.53599E-12,1.84319E-12,2.15039E-12,2.45759E-12,2.76479E-12,3.07198E-12,3.37918E-12,3.68638E-12,3.99358E-12,4.30078E-12,4.60798E-12,4.91517E-12,5.22237E-12,5.52957E-12,5.83677E-12,6.14397E-12,319.756E-15,349.513E-15,379.269E-15,409.026E-15,438.782E-15,468.539E-15,498.295E-15,528.051E-15,557.808E-15,587.564E-15,617.321E-15,647.077E-15,676.834E-15,706.590E-15,736.346E-15,766.103E-15,795.859E-15,825.616E-15,855.372E-15,885.128E-15
295.000E-3,370.414E-15,740.828E-15,1.11124E-12,1.48166E-12,1.85207E-12,2.22248E-12,2.59290E-12,2.96331E-12,3.33373E-12,3.70414E-12,4.07456E-12,4.44497E-12,4.81538E-12,5.18580E-12,5.55621E-12,5.92663E-12,6.29704E-12,6.66745E-12,7.03787E-12,7.40828E-12,327.210E-15,359.420E-15,391.631E-15,423.841E-15,456.051E-15,488.261E-15,520.471E-15,552.681E-15,584.892E-15,617.102E-15,649.312E-15,681.522E-15,713.732E-15,745.943E-15,778.153E-15,810.363E-15,842.573E-15,874.783E-15,906.993E-15,939.204E-15
300.000E-3,446.621E-15,893.242E-15,1.33986E-12,1.78648E-12,2.23311E-12,2.67973E-12,3.12635E-12,3.57297E-12,4.01959E-12,4.46621E-12,4.91283E-12,5.35945E-12,5.80607E-12,6.25270E-12,6.69932E-12,7.14594E-12,7.59256E-12,8.03918E-12,8.48580E-12,8.93242E-12,334.868E-15,369.737E-15,404.605E-15,439.474E-15,474.342E-15,509.211E-15,544.079E-15,578.948E-15,613.816E-15,648.685E-15,683.553E-15,718.422E-15,753.290E-15,788.159E-15,823.027E-15,857.895E-15,892.764E-15,927.632E-15,962.501E-15,997.369E-15
305.000E-3,538.485E-15,1.07697E-12,1.61546E-12,2.15394E-12,2.69243E-12,3.23091E-12,3.76940E-12,4.30788E-12,4.84637E-12,5.38485E-12,5.92334E-12,6.46182E-12,7.00031E-12,7.53879E-12,8.07728E-12,8.61576E-12,9.15425E-12,9.69273E-12,10.2312E-12,10.7697E-12,342.749E-15,380.498E-15,418.248E-15,455.997E-15,493.746E-15,531.495E-15,569.245E-15,606.994E-15,644.743E-15,682.492E-15,720.242E-15,757.991E-15,795.740E-15,833.489E-15,871.239E-15,908.988E-15,946.737E-15,984.486E-15,1.02224E-12,1.05998E-12
310.000E-3,649.219E-15,1.29844E-12,1.94766E-12,2.59688E-12,3.24609E-12,3.89531E-12,4.54453E-12,5.19375E-12,5.84297E-12,6.49219E-12,7.14141E-12,7.79063E-12,8.43984E-12,9.08906E-12,9.73828E-12,10.3875E-12,11.0367E-12,11.6859E-12,12.3352E-12,12.9844E-12,350.872E-15,391.745E-15,432.617E-15,473.489E-15,514.361E-15,555.234E-15,596.106E-15,636.978E-15,677.850E-15,718.723E-15,759.595E-15,800.467E-15,841.339E-15,882.212E-15,923.084E-15,963.956E-15,1.00483E-12,1.04570E-12,1.08657E-12,1.12745E-12
315.000E-3,782.692E-15,1.56538E-12,2.34808E-12,3.13077E-12,3.91346E-12,4.69615E-12,5.47884E-12,6.26154E-12,7.04423E-12,7.82692E-12,8.60961E-12,9.39230E-12,10.1750E-12,10.9577E-12,11.7404E-12,12.5231E-12,13.3058E-12,14.0885E-12,14.8711E-12,15.6538E-12,359.259E-15,403.518E-15,447.778E-15,492.037E-15,536.296E-15,580.555E-15,624.814E-15,669.074E-15,713.333E-15,757.592E-15,801.851E-15,846.110E-15,890.370E-15,934.629E-15,978.888E-15,1.02315E-12,1.06741E-12,1.11167E-12,1.15592E-12,1.20018E-12
320.000E-3,943.567E-15,1.88713E-12,2.83070E-12,3.77427E-12,4.71784E-12,5.66140E-12,6.60497E-12,7.54854E-12,8.49211E-12,9.43567E-12,10.3792E-12,11.3228E-12,12.2664E-12,13.2099E-12,14.1535E-12,15.0971E-12,16.0406E-12,16.9842E-12,17.9278E-12,18.8713E-12,367.934E-15,415.868E-15,463.802E-15,511.736E-15,559.670E-15,607.604E-15,655.538E-15,703.472E-15,751.406E-15,799.340E-15,847.274E-15,895.208E-15,943.142E-15,991.076E-15,1.03901E-12,1.08694E-12,1.13488E-12,1.18281E-12,1.23075E-12,1.27868E-12
325.000E-3,1.13746E-12,2.27492E-12,3.41239E-12,4.54985E-12,5.68731E-12,6.82477E-12,7.96224E-12,9.09970E-12,10.2372E-12,11.3746E-12,12.5121E-12,13.6495E-12,14.7870E-12,15.9245E-12,17.0619E-12,18.1994E-12,19.3369E-12,20.4743E-12,21.6118E-12,22.7492E-12,376.923E-15,428.846E-15,480.769E-15,532.693E-15,584.616E-15,636.539E-15,688.462E-15,740.385E-15,792.308E-15,844.232E-15,896.155E-15,948.078E-15,1.00000E-12,1.05192E-12,1.10385E-12,1.15577E-12,1.20769E-12,1.25962E-12,1.31154E-12,1.36346E-12
330.000E-3,1.37114E-12,2.74229E-12,4.11343E-12,5.48458E-12,6.85572E-12,8.22686E-12,9.59801E-12,10.9692E-12,12.3403E-12,13.7114E-12,15.0826E-12,16.4537E-12,17.8249E-12,19.1960E-12,20.5672E-12,21.9383E-12,23.3094E-12,24.6806E-12,26.0517E-12,27.4229E-12,386.256E-15,442.512E-15,498.767E-15,555.023E-15,611.279E-15,667.535E-15,723.791E-15,780.047E-15,836.302E-15,892.558E-15,948.814E-15,1.00507E-12,1.06133E-12,1.11758E-12,1.17384E-12,1.23009E-12,1.28635E-12,1.34260E-12,1.39886E-12,1.45512E-12
335.000E-3,1.65276E-12,3.30553E-12,4.95829E-12,6.61105E-12,8.26382E-12,9.91658E-12,11.5693E-12,13.2221E-12,14.8749E-12,16.5276E-12,18.1804E-12,19.8332E-12,21.4859E-12,23.1387E-12,24.7915E-12,26.4442E-12,28.0970E-12,29.7497E-12,31.4025E-12,33.0553E-12,395.964E-15,456.929E-15,517.893E-15,578.858E-15,639.822E-15,700.787E-15,761.751E-15,822.716E-15,883.680E-15,944.644E-15,1.00561E-12,1.06657E-12,1.12754E-12,1.18850E-12,1.24947E-12,1.31043E-12,1.37140E-12,1.43236E-12,1.49332E-12,1.55429E-12
340.000E-3,1.99214E-12,3.98428E-12,5.97642E-12,7.96856E-12,9.96070E-12,11.9528E-12,13.9450E-12,15.9371E-12,17.9293E-12,19.9214E-12,21.9135E-12,23.9057E-12,25.8978E-12,27.8900E-12,29.8821E-12,31.8742E-12,33.8664E-12,35.8585E-12,37.8507E-12,39.8428E-12,406.085E-15,472.170E-15,538.255E-15,604.340E-15,670.425E-15,736.510E-15,802.596E-15,868.681E-15,934.766E-15,1.00085E-12,1.06694E-12,1.13302E-12,1.19911E-12,1.26519E-12,1.33128E-12,1.39736E-12,1.46345E-12,1.52953E-12,1.59562E-12,1.66170E-12
345.000E-3,2.40110E-12,4.80220E-12,7.20330E-12,9.60440E-12,12.0055E-12,14.4066E-12,16.8077E-12,19.2088E-12,21.6099E-12,24.0110E-12,26.4121E-12,28.8132E-12,31.2143E-12,33.6154E-12,36.0165E-12,38.4176E-12,40.8187E-12,43.2198E-12,45.6209E-12,48.0220E-12,416.658E-15,488.316E-15,559.974E-15,631.632E-15,703.290E-15,774.947E-15,846.605E-15,918.263E-15,989.921E-15,1.06158E-12,1.13324E-12,1.20489E-12,1.27655E-12,1.34821E-12,1.41987E-12,1.49153E-12,1.56318E-12,1.63484E-12,1.70650E-12,1.77816E-12
350.000E-3,2.89388E-12,5.78777E-12,8.68165E-12,11.5755E-12,14.4694E-12,17.3633E-12,20.2572E-12,23.1511E-12,26.0450E-12,28.9388E-12,31.8327E-12,34.7266E-12,37.6205E-12,40.5144E-12,43.4083E-12,46.3022E-12,49.1960E-12,52.0899E-12,54.9838E-12,57.8777E-12,427.728E-15,505.456E-15,583.183E-15,660.911E-15,738.639E-15,816.367E-15,894.095E-15,971.822E-15,1.04955E-12,1.12728E-12,1.20501E-12,1.28273E-12,1.36046E-12,1.43819E-12,1.51592E-12,1.59364E-12,1.67137E-12,1.74910E-12,1.82683E-12,1.90456E-12
355.000E-3,3.48765E-12,6.97530E-12,10.4630E-12,13.9506E-12,17.4383E-12,20.9259E-12,24.4136E-12,27.9012E-12,31.3889E-12,34.8765E-12,38.3642E-12,41.8518E-12,45.3395E-12,48.8271E-12,52.3148E-12,55.8024E-12,59.2901E-12,62.7777E-12,66.2654E-12,69.7530E-12,439.345E-15,523.690E-15,608.035E-15,692.380E-15,776.725E-15,861.070E-15,945.415E-15,1.02976E-12,1.11411E-12,1.19845E-12,1.28280E-12,1.36714E-12,1.45149E-12,1.53583E-12,1.62018E-12,1.70452E-12,1.78887E-12,1.87321E-12,1.95756E-12,2.04190E-12
360.000E-3,4.20306E-12,8.40611E-12,12.6092E-12,16.8122E-12,21.0153E-12,25.2183E-12,29.4214E-12,33.6245E-12,37.8275E-12,42.0306E-12,46.2336E-12,50.4367E-12,54.6397E-12,58.8428E-12,63.0459E-12,67.2489E-12,71.4520E-12,75.6550E-12,79.8581E-12,84.0611E-12,451.566E-15,543.132E-15,634.698E-15,726.265E-15,817.831E-15,909.397E-15,1.00096E-12,1.09253E-12,1.18410E-12,1.27566E-12,1.36723E-12,1.45879E-12,1.55036E-12,1.64193E-12,1.73349E-12,1.82506E-12,1.91662E-12,2.00819E-12,2.09976E-12,2.19132E-12
365.000E-3,5.06498E-12,10.1300E-12,15.1949E-12,20.2599E-12,25.3249E-12,30.3899E-12,35.4549E-12,40.5198E-12,45.5848E-12,50.6498E-12,55.7148E-12,60.7798E-12,65.8447E-12,70.9097E-12,75.9747E-12,81.0397E-12,86.1047E-12,91.1696E-12,96.2346E-12,101.300E-12,464.455E-15,563.910E-15,663.364E-15,762.819E-15,862.274E-15,961.729E-15,1.06118E-12,1.16064E-12,1.26009E-12,1.35955E-12,1.45900E-12,1.55846E-12,1.65791E-12,1.75737E-12,1.85682E-12,1.95628E-12,2.05573E-12,2.15519E-12,2.25464E-12,2.35410E-12
370.000E-3,6.10337E-12,12.2067E-12,18.3101E-12,24.4135E-12,30.5169E-12,36.6202E-12,42.7236E-12,48.8270E-12,54.9304E-12,61.0337E-12,67.1371E-12,73.2405E-12,79.3439E-12,85.4472E-12,91.5506E-12,97.6540E-12,103.757E-12,109.861E-12,115.964E-12,122.067E-12,478.083E-15,586.166E-15,694.249E-15,802.332E-15,910.415E-15,1.01850E-12,1.12658E-12,1.23466E-12,1.34275E-12,1.45083E-12,1.55891E-12,1.66700E-12,1.77508E-12,1.88316E-12,1.99125E-12,2.09933E-12,2.20741E-12,2.31549E-12,2.42358E-12,2.53166E-12
375.000E-3,7.35431E-12,14.7086E-12,22.0629E-12,29.4172E-12,36.7715E-12,44.1259E-12,51.4802E-12,58.8345E-12,66.1888E-12,73.5431E-12,80.8974E-12,88.2517E-12,95.6060E-12,102.960E-12,110.315E-12,117.669E-12,125.023E-12,132.378E-12,139.732E-12,147.086E-12,492.532E-15,610.065E-15,727.597E-15,845.130E-15,962.662E-15,1.08019E-12,1.19773E-12,1.31526E-12,1.43279E-12,1.55032E-12,1.66786E-12,1.78539E-12,1.90292E-12,2.02045E-12,2.13799E-12,2.25552E-12,2.37305E-12,2.49058E-12,2.60812E-12,2.72565E-12
380.000E-3,8.86121E-12,17.7224E-12,26.5836E-12,35.4449E-12,44.3061E-12,53.1673E-12,62.0285E-12,70.8897E-12,79.7509E-12,88.6121E-12,97.4733E-12,106.335E-12,115.196E-12,124.057E-12,132.918E-12,141.779E-12,150.641E-12,159.502E-12,168.363E-12,177.224E-12,507.896E-15,635.792E-15,763.687E-15,891.583E-15,1.01948E-12,1.14737E-12,1.27527E-12,1.40317E-12,1.53106E-12,1.65896E-12,1.78685E-12,1.91475E-12,2.04265E-12,2.17054E-12,2.29844E-12,2.42633E-12,2.55423E-12,2.68212E-12,2.81002E-12,2.93792E-12
385.000E-3,10.6764E-12,21.3527E-12,32.0291E-12,42.7055E-12,53.3818E-12,64.0582E-12,74.7346E-12,85.4109E-12,96.0873E-12,106.764E-12,117.440E-12,128.116E-12,138.793E-12,149.469E-12,160.145E-12,170.822E-12,181.498E-12,192.175E-12,202.851E-12,213.527E-12,524.279E-15,663.559E-15,802.838E-15,942.117E-15,1.08140E-12,1.22068E-12,1.35996E-12,1.49923E-12,1.63851E-12,1.77779E-12,1.91707E-12,2.05635E-12,2.19563E-12,2.33491E-12,2.47419E-12,2.61347E-12,2.75275E-12,2.89203E-12,3.03131E-12,3.17059E-12
390.000E-3,12.8627E-12,25.7254E-12,38.5881E-12,51.4508E-12,64.3136E-12,77.1763E-12,90.0390E-12,102.902E-12,115.764E-12,128.627E-12,141.490E-12,154.353E-12,167.215E-12,180.078E-12,192.941E-12,205.803E-12,218.666E-12,231.529E-12,244.392E-12,257.254E-12,541.804E-15,693.608E-15,845.413E-15,997.217E-15,1.14902E-12,1.30083E-12,1.45263E-12,1.60443E-12,1.75624E-12,1.90804E-12,2.05985E-12,2.21165E-12,2.36345E-12,2.51526E-12,2.66706E-12,2.81887E-12,2.97067E-12,3.12248E-12,3.27428E-12,3.42608E-12
395.000E-3,15.4960E-12,30.9920E-12,46.4880E-12,61.9841E-12,77.4801E-12,92.9761E-12,108.472E-12,123.968E-12,139.464E-12,154.960E-12,170.456E-12,185.952E-12,201.448E-12,216.944E-12,232.440E-12,247.936E-12,263.432E-12,278.928E-12,294.424E-12,309.920E-12,560.610E-15,726.220E-15,891.830E-15,1.05744E-12,1.22305E-12,1.38866E-12,1.55427E-12,1.71988E-12,1.88549E-12,2.05110E-12,2.21671E-12,2.38232E-12,2.54793E-12,2.71354E-12,2.87915E-12,3.04476E-12,3.21037E-12,3.37598E-12,3.54159E-12,3.70720E-12
400.000E-3,18.6675E-12,37.3350E-12,56.0024E-12,74.6699E-12,93.3374E-12,112.005E-12,130.672E-12,149.340E-12,168.007E-12,186.675E-12,205.342E-12,224.010E-12,242.677E-12,261.345E-12,280.012E-12,298.680E-12,317.347E-12,336.015E-12,354.682E-12,373.350E-12,580.857E-15,761.714E-15,942.571E-15,1.12343E-12,1.30429E-12,1.48514E-12,1.66600E-12,1.84686E-12,2.02771E-12,2.20857E-12,2.38943E-12,2.57028E-12,2.75114E-12,2.93200E-12,3.11286E-12,3.29371E-12,3.47457E-12,3.65543E-12,3.83628E-12,4.01714E-12
405.000E-3,22.4869E-12,44.9738E-12,67.4606E-12,89.9475E-12,112.434E-12,134.921E-12,157.408E-12,179.895E-12,202.382E-12,224.869E-12,247.356E-12,269.843E-12,292.329E-12,314.816E-12,337.303E-12,359.790E-12,382.277E-12,404.764E-12,427.251E-12,449.738E-12,602.731E-15,800.463E-15,998.194E-15,1.19593E-12,1.39366E-12,1.59139E-12,1.78912E-12,1.98685E-12,2.18458E-12,2.38231E-12,2.58005E-12,2.77778E-12,2.97551E-12,3.17324E-12,3.37097E-12,3.56870E-12,3.76643E-12,3.96417E-12,4.16190E-12,4.35963E-12
410.000E-3,27.0863E-12,54.1727E-12,81.2590E-12,108.345E-12,135.432E-12,162.518E-12,189.604E-12,216.691E-12,243.777E-12,270.863E-12,297.950E-12,325.036E-12,352.122E-12,379.209E-12,406.295E-12,433.381E-12,460.468E-12,487.554E-12,514.640E-12,541.727E-12,626.448E-15,842.897E-15,1.05935E-12,1.27579E-12,1.49224E-12,1.70869E-12,1.92514E-12,2.14159E-12,2.35804E-12,2.57448E-12,2.79093E-12,3.00738E-12,3.22383E-12,3.44028E-12,3.65673E-12,3.87317E-12,4.08962E-12,4.30607E-12,4.52252E-12,4.73897E-12
415.000E-3,32.6248E-12,65.2497E-12,97.8745E-12,130.499E-12,163.124E-12,195.749E-12,228.374E-12,260.999E-12,293.624E-12,326.248E-12,358.873E-12,391.498E-12,424.123E-12,456.748E-12,489.373E-12,521.997E-12,554.622E-12,587.247E-12,619.872E-12,652.497E-12,652.258E-15,889.517E-15,1.12677E-12,1.36403E-12,1.60129E-12,1.83855E-12,2.07581E-12,2.31307E-12,2.55032E-12,2.78758E-12,3.02484E-12,3.26210E-12,3.49936E-12,3.73662E-12,3.97387E-12,4.21113E-12,4.44839E-12,4.68565E-12,4.92291E-12,5.16017E-12
420.000E-3,39.2938E-12,78.5875E-12,117.881E-12,157.175E-12,196.469E-12,235.763E-12,275.056E-12,314.350E-12,353.644E-12,392.938E-12,432.231E-12,471.525E-12,510.819E-12,550.113E-12,589.406E-12,628.700E-12,667.994E-12,707.288E-12,746.581E-12,785.875E-12,680.453E-15,940.907E-15,1.20136E-12,1.46181E-12,1.72227E-12,1.98272E-12,2.24317E-12,2.50363E-12,2.76408E-12,3.02453E-12,3.28499E-12,3.54544E-12,3.80589E-12,4.06635E-12,4.32680E-12,4.58725E-12,4.84771E-12,5.10816E-12,5.36861E-12,5.62907E-12
425.000E-3,47.3233E-12,94.6466E-12,141.970E-12,189.293E-12,236.617E-12,283.940E-12,331.263E-12,378.586E-12,425.910E-12,473.233E-12,520.556E-12,567.880E-12,615.203E-12,662.526E-12,709.850E-12,757.173E-12,804.496E-12,851.820E-12,899.143E-12,946.466E-12,711.375E-15,997.751E-15,1.28413E-12,1.57050E-12,1.85688E-12,2.14325E-12,2.42963E-12,2.71600E-12,3.00238E-12,3.28875E-12,3.57513E-12,3.86150E-12,4.14788E-12,4.43425E-12,4.72063E-12,5.00701E-12,5.29338E-12,5.57976E-12,5.86613E-12,6.15251E-12
430.000E-3,56.9905E-12,113.981E-12,170.972E-12,227.962E-12,284.953E-12,341.943E-12,398.934E-12,455.924E-12,512.915E-12,569.905E-12,626.896E-12,683.887E-12,740.877E-12,797.868E-12,854.858E-12,911.849E-12,968.839E-12,1.02583E-9,1.08282E-9,1.13981E-9,745.425E-15,1.06085E-12,1.37628E-12,1.69170E-12,2.00713E-12,2.32255E-12,2.63798E-12,2.95340E-12,3.26883E-12,3.58425E-12,3.89968E-12,4.21510E-12,4.53053E-12,4.84595E-12,5.16138E-12,5.47680E-12,5.79223E-12,6.10765E-12,6.42308E-12,6.73850E-12
435.000E-3,68.6288E-12,137.258E-12,205.886E-12,274.515E-12,343.144E-12,411.773E-12,480.402E-12,549.030E-12,617.659E-12,686.288E-12,754.917E-12,823.546E-12,892.174E-12,960.803E-12,1.02943E-9,1.09806E-9,1.16669E-9,1.23532E-9,1.30395E-9,1.37258E-9,783.074E-15,1.13115E-12,1.47922E-12,1.82729E-12,2.17537E-12,2.52344E-12,2.87152E-12,3.21959E-12,3.56766E-12,3.91574E-12,4.26381E-12,4.61188E-12,4.95996E-12,5.30803E-12,5.65611E-12,6.00418E-12,6.35225E-12,6.70033E-12,7.04840E-12,7.39647E-12
440.000E-3,82.6391E-12,165.278E-12,247.917E-12,330.556E-12,413.195E-12,495.834E-12,578.473E-12,661.113E-12,743.752E-12,826.391E-12,909.030E-12,991.669E-12,1.07431E-9,1.15695E-9,1.23959E-9,1.32223E-9,1.40486E-9,1.48750E-9,1.57014E-9,1.65278E-9,824.877E-15,1.20975E-12,1.59463E-12,1.97951E-12,2.36438E-12,2.74926E-12,3.13414E-12,3.51901E-12,3.90389E-12,4.28877E-12,4.67364E-12,5.05852E-12,5.44340E-12,5.82827E-12,6.21315E-12,6.59803E-12,6.98290E-12,7.36778E-12,7.75266E-12,8.13753E-12
445.000E-3,99.5038E-12,199.008E-12,298.511E-12,398.015E-12,497.519E-12,597.023E-12,696.526E-12,796.030E-12,895.534E-12,995.038E-12,1.09454E-9,1.19405E-9,1.29355E-9,1.39305E-9,1.49256E-9,1.59206E-9,1.69156E-9,1.79107E-9,1.89057E-9,1.99008E-9,871.490E-15,1.29798E-12,1.72447E-12,2.15096E-12,2.57745E-12,3.00394E-12,3.43043E-12,3.85692E-12,4.28341E-12,4.70990E-12,5.13639E-12,5.56288E-12,5.98937E-12,6.41586E-12,6.84235E-12,7.26885E-12,7.69534E-12,8.12183E-12,8.54832E-12,8.97481E-12
450.000E-3,119.803E-12,239.606E-12,359.409E-12,479.213E-12,599.016E-12,718.819E-12,838.622E-12,958.425E-12,1.07823E-9,1.19803E-9,1.31783E-9,1.43764E-9,1.55744E-9,1.67724E-9,1.79705E-9,1.91685E-9,2.03665E-9,2.15646E-9,2.27626E-9,2.39606E-9,923.691E-15,1.39738E-12,1.87107E-12,2.34476E-12,2.81846E-12,3.29215E-12,3.76584E-12,4.23953E-12,4.71322E-12,5.18691E-12,5.66060E-12,6.13429E-12,6.60799E-12,7.08168E-12,7.55537E-12,8.02906E-12,8.50275E-12,8.97644E-12,9.45013E-12,9.92382E-12
455.000E-3,144.235E-12,288.470E-12,432.706E-12,576.941E-12,721.176E-12,865.411E-12,1.00965E-9,1.15388E-9,1.29812E-9,1.44235E-9,1.58659E-9,1.73082E-9,1.87506E-9,2.01929E-9,2.16353E-9,2.30776E-9,2.45200E-9,2.59623E-9,2.74047E-9,2.88470E-9,982.401E-15,1.50980E-12,2.03720E-12,2.56460E-12,3.09200E-12,3.61940E-12,4.14680E-12,4.67420E-12,5.20161E-12,5.72901E-12,6.25641E-12,6.78381E-12,7.31121E-12,7.83861E-12,8.36601E-12,8.89341E-12,9.42081E-12,9.94821E-12,10.4756E-12,11.0030E-12
460.000E-3,173.639E-12,347.279E-12,520.918E-12,694.558E-12,868.197E-12,1.04184E-9,1.21548E-9,1.38912E-9,1.56275E-9,1.73639E-9,1.91003E-9,2.08367E-9,2.25731E-9,2.43095E-9,2.60459E-9,2.77823E-9,2.95187E-9,3.12551E-9,3.29915E-9,3.47279E-9,1.04871E-12,1.63743E-12,2.22614E-12,2.81485E-12,3.40357E-12,3.99228E-12,4.58099E-12,5.16971E-12,5.75842E-12,6.34713E-12,6.93585E-12,7.52456E-12,8.11327E-12,8.70199E-12,9.29070E-12,9.87941E-12,10.4681E-12,11.0568E-12,11.6456E-12,12.2343E-12
465.000E-3,209.025E-12,418.050E-12,627.076E-12,836.101E-12,1.04513E-9,1.25415E-9,1.46318E-9,1.67220E-9,1.88123E-9,2.09025E-9,2.29928E-9,2.50830E-9,2.71733E-9,2.92635E-9,3.13538E-9,3.34440E-9,3.55343E-9,3.76245E-9,3.97148E-9,4.18050E-9,1.12393E-12,1.78287E-12,2.44180E-12,3.10073E-12,3.75966E-12,4.41860E-12,5.07753E-12,5.73646E-12,6.39539E-12,7.05433E-12,7.71326E-12,8.37219E-12,9.03113E-12,9.69006E-12,10.3490E-12,11.0079E-12,11.6669E-12,12.3258E-12,12.9847E-12,13.6437E-12
470.000E-3,251.607E-12,503.213E-12,754.820E-12,1.00643E-9,1.25803E-9,1.50964E-9,1.76125E-9,2.01285E-9,2.26446E-9,2.51607E-9,2.76767E-9,3.01928E-9,3.27089E-9,3.52249E-9,3.77410E-9,4.02571E-9,4.27731E-9,4.52892E-9,4.78053E-9,5.03213E-9,1.20961E-12,1.94922E-12,2.68884E-12,3.42845E-12,4.16806E-12,4.90767E-12,5.64729E-12,6.38690E-12,7.12651E-12,7.86612E-12,8.60574E-12,9.34535E-12,10.0850E-12,10.8246E-12,11.5642E-12,12.3038E-12,13.0434E-12,13.7830E-12,14.5226E-12,15.2622E-12
475.000E-3,302.844E-12,605.687E-12,908.531E-12,1.21137E-9,1.51422E-9,1.81706E-9,2.11990E-9,2.42275E-9,2.72559E-9,3.02844E-9,3.33128E-9,3.63412E-9,3.93697E-9,4.23981E-9,4.54265E-9,4.84550E-9,5.14834E-9,5.45118E-9,5.75403E-9,6.05687E-9,1.30761E-12,2.14021E-12,2.97282E-12,3.80543E-12,4.63804E-12,5.47064E-12,6.30325E-12,7.13586E-12,7.96846E-12,8.80107E-12,9.63368E-12,10.4663E-12,11.2989E-12,12.1315E-12,12.9641E-12,13.7967E-12,14.6293E-12,15.4619E-12,16.2945E-12,17.1271E-12
480.000E-3,364.491E-12,728.982E-12,1.09347E-9,1.45796E-9,1.82245E-9,2.18695E-9,2.55144E-9,2.91593E-9,3.28042E-9,3.64491E-9,4.00940E-9,4.37389E-9,4.73838E-9,5.10287E-9,5.46736E-9,5.83185E-9,6.19635E-9,6.56084E-9,6.92533E-9,7.28982E-9,1.42013E-12,2.36027E-12,3.30040E-12,4.24054E-12,5.18067E-12,6.12081E-12,7.06094E-12,8.00108E-12,8.94121E-12,9.88135E-12,10.8215E-12,11.7616E-12,12.7018E-12,13.6419E-12,14.5820E-12,15.5222E-12,16.4623E-12,17.4024E-12,18.3426E-12,19.2827E-12
485.000E-3,438.659E-12,877.317E-12,1.31598E-9,1.75463E-9,2.19329E-9,2.63195E-9,3.07061E-9,3.50927E-9,3.94793E-9,4.38659E-9,4.82525E-9,5.26390E-9,5.70256E-9,6.14122E-9,6.57988E-9,7.01854E-9,7.45720E-9,7.89586E-9,8.33452E-9,8.77317E-9,1.54985E-12,2.61470E-12,3.67955E-12,4.74440E-12,5.80925E-12,6.87410E-12,7.93895E-12,9.00380E-12,10.0687E-12,11.1335E-12,12.1984E-12,13.2632E-12,14.3281E-12,15.3929E-12,16.4578E-12,17.5226E-12,18.5875E-12,19.6523E-12,20.7172E-12,21.7820E-12
490.000E-3,527.883E-12,1.05577E-9,1.58365E-9,2.11153E-9,2.63942E-9,3.16730E-9,3.69518E-9,4.22307E-9,4.75095E-9,5.27883E-9,5.80672E-9,6.33460E-9,6.86249E-9,7.39037E-9,7.91825E-9,8.44614E-9,8.97402E-9,9.50190E-9,10.0298E-9,10.5577E-9,1.69993E-12,2.90987E-12,4.11980E-12,5.32974E-12,6.53967E-12,7.74960E-12,8.95954E-12,10.1695E-12,11.3794E-12,12.5893E-12,13.7993E-12,15.0092E-12,16.2191E-12,17.4291E-12,18.6390E-12,19.8489E-12,21.0589E-12,22.2688E-12,23.4787E-12,24.6887E-12
495.000E-3,635.214E-12,1.27043E-9,1.90564E-9,2.54086E-9,3.17607E-9,3.81129E-9,4.44650E-9,5.08171E-9,5.71693E-9,6.35214E-9,6.98736E-9,7.62257E-9,8.25779E-9,8.89300E-9,9.52821E-9,10.1634E-9,10.7986E-9,11.4339E-9,12.0691E-9,12.7043E-9,1.87420E-12,3.25340E-12,4.63260E-12,6.01181E-12,7.39101E-12,8.77021E-12,10.1494E-12,11.5286E-12,12.9078E-12,14.2870E-12,15.6662E-12,17.0454E-12,18.4246E-12,19.8038E-12,21.1830E-12,22.5622E-12,23.9414E-12,25.3206E-12,26.6998E-12,28.0790E-12
500.000E-3,764.316E-12,1.52863E-9,2.29295E-9,3.05726E-9,3.82158E-9,4.58589E-9,5.35021E-9,6.11452E-9,6.87884E-9,7.64316E-9,8.40747E-9,9.17179E-9,9.93610E-9,10.7004E-9,11.4647E-9,12.2290E-9,12.9934E-9,13.7577E-9,14.5220E-9,15.2863E-9,2.07723E-12,3.65447E-12,5.23170E-12,6.80894E-12,8.38617E-12,9.96340E-12,11.5406E-12,13.1179E-12,14.6951E-12,16.2723E-12,17.8496E-12,19.4268E-12,21.0040E-12,22.5813E-12,24.1585E-12,25.7357E-12,27.3130E-12,28.8902E-12,30.4674E-12,32.0447E-12
505.000E-3,919.592E-12,1.83918E-9,2.75877E-9,3.67837E-9,4.59796E-9,5.51755E-9,6.43714E-9,7.35673E-9,8.27632E-9,9.19592E-9,10.1155E-9,11.0351E-9,11.9547E-9,12.8743E-9,13.7939E-9,14.7135E-9,15.6331E-9,16.5526E-9,17.4722E-9,18.3918E-9,2.31454E-12,4.12407E-12,5.93361E-12,7.74314E-12,9.55268E-12,11.3622E-12,13.1718E-12,14.9813E-12,16.7908E-12,18.6004E-12,20.4099E-12,22.2194E-12,24.0290E-12,25.8385E-12,27.6480E-12,29.4576E-12,31.2671E-12,33.0766E-12,34.8862E-12,36.6957E-12
510.000E-3,1.10633E-9,2.21267E-9,3.31900E-9,4.42534E-9,5.53167E-9,6.63801E-9,7.74434E-9,8.85068E-9,9.95701E-9,11.0633E-9,12.1697E-9,13.2760E-9,14.3824E-9,15.4887E-9,16.5950E-9,17.7014E-9,18.8077E-9,19.9140E-9,21.0204E-9,22.1267E-9,2.59273E-12,4.67545E-12,6.75818E-12,8.84091E-12,10.9236E-12,13.0064E-12,15.0891E-12,17.1718E-12,19.2545E-12,21.3373E-12,23.4200E-12,25.5027E-12,27.5854E-12,29.6682E-12,31.7509E-12,33.8336E-12,35.9164E-12,37.9991E-12,40.0818E-12,42.1645E-12
515.000E-3,1.33090E-9,2.66181E-9,3.99271E-9,5.32362E-9,6.65452E-9,7.98543E-9,9.31633E-9,10.6472E-9,11.9781E-9,13.3090E-9,14.6399E-9,15.9709E-9,17.3018E-9,18.6327E-9,19.9636E-9,21.2945E-9,22.6254E-9,23.9563E-9,25.2872E-9,26.6181E-9,2.91977E-12,5.32454E-12,7.72932E-12,10.1341E-12,12.5389E-12,14.9436E-12,17.3484E-12,19.7532E-12,22.1580E-12,24.5627E-12,26.9675E-12,29.3723E-12,31.7770E-12,34.1818E-12,36.5866E-12,38.9914E-12,41.3961E-12,43.8009E-12,46.2057E-12,48.6104E-12
520.000E-3,1.60094E-9,3.20188E-9,4.80282E-9,6.40376E-9,8.00471E-9,9.60565E-9,11.2066E-9,12.8075E-9,14.4085E-9,16.0094E-9,17.6104E-9,19.2113E-9,20.8122E-9,22.4132E-9,24.0141E-9,25.6151E-9,27.2160E-9,28.8169E-9,30.4179E-9,32.0188E-9,3.30526E-12,6.09053E-12,8.87579E-12,11.6611E-12,14.4463E-12,17.2316E-12,20.0168E-12,22.8021E-12,25.5874E-12,28.3726E-12,31.1579E-12,33.9432E-12,36.7284E-12,39.5137E-12,42.2989E-12,45.0842E-12,47.8695E-12,50.6547E-12,53.4400E-12,56.2253E-12
525.000E-3,1.92562E-9,3.85125E-9,5.77687E-9,7.70250E-9,9.62812E-9,11.5537E-9,13.4794E-9,15.4050E-9,17.3306E-9,19.2562E-9,21.1819E-9,23.1075E-9,25.0331E-9,26.9587E-9,28.8844E-9,30.8100E-9,32.7356E-9,34.6612E-9,36.5869E-9,38.5125E-9,3.76075E-12,6.99651E-12,10.2323E-12,13.4680E-12,16.7038E-12,19.9395E-12,23.1753E-12,26.4110E-12,29.6468E-12,32.8825E-12,36.1183E-12,39.3540E-12,42.5898E-12,45.8256E-12,49.0613E-12,52.2971E-12,55.5328E-12,58.7686E-12,62.0043E-12,65.2401E-12
530.000E-3,2.31598E-9,4.63196E-9,6.94794E-9,9.26392E-9,11.5799E-9,13.8959E-9,16.2119E-9,18.5278E-9,20.8438E-9,23.1598E-9,25.4758E-9,27.7918E-9,30.1077E-9,32.4237E-9,34.7397E-9,37.0557E-9,39.3717E-9,41.6876E-9,44.0036E-9,46.3196E-9,4.30017E-12,8.07034E-12,11.8405E-12,15.6107E-12,19.3809E-12,23.1510E-12,26.9212E-12,30.6914E-12,34.4615E-12,38.2317E-12,42.0019E-12,45.7721E-12,49.5422E-12,53.3124E-12,57.0826E-12,60.8528E-12,64.6229E-12,68.3931E-12,72.1633E-12,75.9334E-12
535.000E-3,2.78525E-9,5.57051E-9,8.35576E-9,11.1410E-9,13.9263E-9,16.7115E-9,19.4968E-9,22.2820E-9,25.0673E-9,27.8525E-9,30.6378E-9,33.4230E-9,36.2083E-9,38.9935E-9,41.7788E-9,44.5640E-9,47.3493E-9,50.1346E-9,52.9198E-9,55.7051E-9,4.94031E-12,9.34563E-12,13.7509E-12,18.1563E-12,22.5616E-12,26.9669E-12,31.3722E-12,35.7775E-12,40.1828E-12,44.5881E-12,48.9934E-12,53.3988E-12,57.8041E-12,62.2094E-12,66.6147E-12,71.0200E-12,75.4253E-12,79.8306E-12,84.2360E-12,88.6413E-12
540.000E-3,3.34935E-9,6.69870E-9,10.0480E-9,13.3974E-9,16.7467E-9,20.0961E-9,23.4454E-9,26.7948E-9,30.1441E-9,33.4935E-9,36.8428E-9,40.1922E-9,43.5415E-9,46.8909E-9,50.2402E-9,53.5896E-9,56.9389E-9,60.2883E-9,63.6376E-9,66.9870E-9,5.70144E-12,10.8629E-12,16.0243E-12,21.1858E-12,26.3472E-12,31.5086E-12,36.6701E-12,41.8315E-12,46.9930E-12,52.1544E-12,57.3158E-12,62.4773E-12,67.6387E-12,72.8002E-12,77.9616E-12,83.1230E-12,88.2845E-12,93.4459E-12,98.6073E-12,103.769E-12
545.000E-3,4.02737E-9,8.05473E-9,12.0821E-9,16.1095E-9,20.1368E-9,24.1642E-9,28.1916E-9,32.2189E-9,36.2463E-9,40.2737E-9,44.3010E-9,48.3284E-9,52.3558E-9,56.3831E-9,60.4105E-9,64.4379E-9,68.4652E-9,72.4926E-9,76.5200E-9,80.5473E-9,6.60800E-12,12.6710E-12,18.7340E-12,24.7970E-12,30.8600E-12,36.9230E-12,42.9860E-12,49.0490E-12,55.1120E-12,61.1750E-12,67.2380E-12,73.3010E-12,79.3640E-12,85.4270E-12,91.4900E-12,97.5530E-12,103.616E-12,109.679E-12,115.742E-12,121.805E-12
550.000E-3,4.84224E-9,9.68449E-9,14.5267E-9,19.3690E-9,24.2112E-9,29.0535E-9,33.8957E-9,38.7379E-9,43.5802E-9,48.4224E-9,53.2647E-9,58.1069E-9,62.9492E-9,67.7914E-9,72.6337E-9,77.4759E-9,82.3181E-9,87.1604E-9,92.0026E-9,96.8449E-9,7.68952E-12,14.8290E-12,21.9686E-12,29.1081E-12,36.2476E-12,43.3871E-12,50.5266E-12,57.6662E-12,64.8057E-12,71.9452E-12,79.0847E-12,86.2242E-12,93.3638E-12,100.503E-12,107.643E-12,114.782E-12,121.922E-12,129.061E-12,136.201E-12,143.340E-12
555.000E-3,5.82151E-9,11.6430E-9,17.4645E-9,23.2861E-9,29.1076E-9,34.9291E-9,40.7506E-9,46.5721E-9,52.3936E-9,58.2151E-9,64.0367E-9,69.8582E-9,75.6797E-9,81.5012E-9,87.3227E-9,93.1442E-9,98.9657E-9,104.787E-9,110.609E-9,116.430E-9,8.98164E-12,17.4083E-12,25.8349E-12,34.2616E-12,42.6882E-12,51.1148E-12,59.5415E-12,67.9681E-12,76.3948E-12,84.8214E-12,93.2481E-12,101.675E-12,110.101E-12,118.528E-12,126.955E-12,135.381E-12,143.808E-12,152.235E-12,160.661E-12,169.088E-12
560.000E-3,6.99824E-9,13.9965E-9,20.9947E-9,27.9929E-9,34.9912E-9,41.9894E-9,48.9876E-9,55.9859E-9,62.9841E-9,69.9824E-9,76.9806E-9,83.9788E-9,90.9771E-9,97.9753E-9,104.974E-9,111.972E-9,118.970E-9,125.968E-9,132.966E-9,139.965E-9,10.5274E-12,20.4948E-12,30.4623E-12,40.4297E-12,50.3971E-12,60.3645E-12,70.3320E-12,80.2994E-12,90.2668E-12,100.234E-12,110.202E-12,120.169E-12,130.136E-12,140.104E-12,150.071E-12,160.039E-12,170.006E-12,179.974E-12,189.941E-12,199.908E-12
565.000E-3,8.41208E-9,16.8242E-9,25.2363E-9,33.6483E-9,42.0604E-9,50.4725E-9,58.8846E-9,67.2967E-9,75.7088E-9,84.1208E-9,92.5329E-9,100.945E-9,109.357E-9,117.769E-9,126.181E-9,134.593E-9,143.005E-9,151.418E-9,159.830E-9,168.242E-9,12.3789E-12,24.1928E-12,36.0067E-12,47.8205E-12,59.6344E-12,71.4483E-12,83.2622E-12,95.0761E-12,106.890E-12,118.704E-12,130.518E-12,142.332E-12,154.145E-12,165.959E-12,177.773E-12,189.587E-12,201.401E-12,213.215E-12,225.029E-12,236.843E-12
570.000E-3,10.1107E-9,20.2214E-9,30.3320E-9,40.4427E-9,50.5534E-9,60.6641E-9,70.7748E-9,80.8854E-9,90.9961E-9,101.107E-9,111.217E-9,121.328E-9,131.439E-9,141.550E-9,151.660E-9,161.771E-9,171.882E-9,181.992E-9,192.103E-9,202.214E-9,14.5989E-12,28.6278E-12,42.6567E-12,56.6856E-12,70.7144E-12,84.7433E-12,98.7722E-12,112.801E-12,126.830E-12,140.859E-12,154.888E-12,168.917E-12,182.946E-12,196.974E-12,211.003E-12,225.032E-12,239.061E-12,253.090E-12,267.119E-12,281.148E-12
575.000E-3,12.1512E-9,24.3023E-9,36.4535E-9,48.6047E-9,60.7558E-9,72.9070E-9,85.0582E-9,97.2093E-9,109.361E-9,121.512E-9,133.663E-9,145.814E-9,157.965E-9,170.116E-9,182.268E-9,194.419E-9,206.570E-9,218.721E-9,230.872E-9,243.023E-9,17.2634E-12,33.9518E-12,50.6402E-12,67.3287E-12,84.0171E-12,100.705E-12,117.394E-12,134.082E-12,150.771E-12,167.459E-12,184.148E-12,200.836E-12,217.524E-12,234.213E-12,250.901E-12,267.590E-12,284.278E-12,300.966E-12,317.655E-12,334.343E-12
580.000E-3,14.6021E-9,29.2042E-9,43.8063E-9,58.4085E-9,73.0106E-9,87.6127E-9,102.215E-9,116.817E-9,131.419E-9,146.021E-9,160.623E-9,175.225E-9,189.827E-9,204.430E-9,219.032E-9,233.634E-9,248.236E-9,262.838E-9,277.440E-9,292.042E-9,20.4643E-12,40.3486E-12,60.2329E-12,80.1173E-12,100.002E-12,119.886E-12,139.770E-12,159.655E-12,179.539E-12,199.423E-12,219.307E-12,239.192E-12,259.076E-12,278.960E-12,298.845E-12,318.729E-12,338.613E-12,358.498E-12,378.382E-12,398.266E-12
585.000E-3,17.5458E-9,35.0916E-9,52.6373E-9,70.1831E-9,87.7289E-9,105.275E-9,122.820E-9,140.366E-9,157.912E-9,175.458E-9,193.004E-9,210.549E-9,228.095E-9,245.641E-9,263.187E-9,280.733E-9,298.278E-9,315.824E-9,333.370E-9,350.916E-9,24.3126E-12,48.0403E-12,71.7679E-12,95.4955E-12,119.223E-12,142.951E-12,166.678E-12,190.406E-12,214.134E-12,237.861E-12,261.589E-12,285.317E-12,309.044E-12,332.772E-12,356.500E-12,380.227E-12,403.955E-12,427.682E-12,451.410E-12,475.138E-12
590.000E-3,21.0808E-9,42.1617E-9,63.2425E-9,84.3234E-9,105.404E-9,126.485E-9,147.566E-9,168.647E-9,189.728E-9,210.808E-9,231.889E-9,252.970E-9,274.051E-9,295.132E-9,316.213E-9,337.293E-9,358.374E-9,379.455E-9,400.536E-9,421.617E-9,28.9427E-12,57.2953E-12,85.6480E-12,114.001E-12,142.353E-12,170.706E-12,199.059E-12,227.411E-12,255.764E-12,284.117E-12,312.469E-12,340.822E-12,369.174E-12,397.527E-12,425.880E-12,454.232E-12,482.585E-12,510.938E-12,539.290E-12,567.643E-12
595.000E-3,25.3256E-9,50.6513E-9,75.9769E-9,101.303E-9,126.628E-9,151.954E-9,177.280E-9,202.605E-9,227.931E-9,253.256E-9,278.582E-9,303.908E-9,329.233E-9,354.559E-9,379.885E-9,405.210E-9,430.536E-9,455.862E-9,481.187E-9,506.513E-9,34.5168E-12,68.4385E-12,102.360E-12,136.282E-12,170.204E-12,204.126E-12,238.047E-12,271.969E-12,305.891E-12,339.813E-12,373.734E-12,407.656E-12,441.578E-12,475.500E-12,509.421E-12,543.343E-12,577.265E-12,611.187E-12,645.108E-12,679.030E-12
600.000E-3,30.4221E-9,60.8442E-9,91.2664E-9,121.688E-9,152.111E-9,182.533E-9,212.955E-9,243.377E-9,273.799E-9,304.221E-9,334.643E-9,365.065E-9,395.488E-9,425.910E-9,456.332E-9,486.754E-9,517.176E-9,547.598E-9,578.020E-9,608.442E-9,41.2314E-12,81.8627E-12,122.494E-12,163.125E-12,203.757E-12,244.388E-12,285.019E-12,325.651E-12,366.282E-12,406.914E-12,447.545E-12,488.176E-12,528.808E-12,569.439E-12,610.070E-12,650.702E-12,691.333E-12,731.964E-12,772.596E-12,813.227E-12
605.000E-3,36.5404E-9,73.0809E-9,109.621E-9,146.162E-9,182.702E-9,219.243E-9,255.783E-9,292.323E-9,328.864E-9,365.404E-9,401.945E-9,438.485E-9,475.026E-9,511.566E-9,548.106E-9,584.647E-9,621.187E-9,657.728E-9,694.268E-9,730.809E-9,49.3240E-12,98.0430E-12,146.762E-12,195.481E-12,244.200E-12,292.919E-12,341.638E-12,390.357E-12,439.076E-12,487.795E-12,536.514E-12,585.233E-12,633.952E-12,682.671E-12,731.390E-12,780.109E-12,828.828E-12,877.547E-12,926.266E-12,974.985E-12
610.000E-3,43.8846E-9,87.7691E-9,131.654E-9,175.538E-9,219.423E-9,263.307E-9,307.192E-9,351.077E-9,394.961E-9,438.846E-9,482.730E-9,526.615E-9,570.499E-9,614.384E-9,658.269E-9,702.153E-9,746.038E-9,789.922E-9,833.807E-9,877.691E-9,59.0821E-12,117.554E-12,176.026E-12,234.498E-12,292.970E-12,351.443E-12,409.915E-12,468.387E-12,526.859E-12,585.331E-12,643.803E-12,702.275E-12,760.747E-12,819.219E-12,877.691E-12,936.163E-12,994.635E-12,1.05311E-9,1.11158E-9,1.17005E-9
615.000E-3,52.6991E-9,105.398E-9,158.097E-9,210.796E-9,263.495E-9,316.194E-9,368.893E-9,421.593E-9,474.292E-9,526.991E-9,579.690E-9,632.389E-9,685.088E-9,737.787E-9,790.486E-9,843.185E-9,895.884E-9,948.583E-9,1.00128E-6,1.05398E-6,70.8532E-12,141.091E-12,211.330E-12,281.568E-12,351.806E-12,422.044E-12,492.283E-12,562.521E-12,632.759E-12,702.997E-12,773.236E-12,843.474E-12,913.712E-12,983.950E-12,1.05419E-9,1.12443E-9,1.19467E-9,1.26490E-9,1.33514E-9,1.40538E-9
620.000E-3,63.2769E-9,126.554E-9,189.831E-9,253.108E-9,316.385E-9,379.662E-9,442.939E-9,506.215E-9,569.492E-9,632.769E-9,696.046E-9,759.323E-9,822.600E-9,885.877E-9,949.154E-9,1.01243E-6,1.07571E-6,1.13898E-6,1.20226E-6,1.26554E-6,85.0581E-12,169.496E-12,253.934E-12,338.372E-12,422.810E-12,507.248E-12,591.686E-12,676.125E-12,760.563E-12,845.001E-12,929.439E-12,1.01388E-9,1.09831E-9,1.18275E-9,1.26719E-9,1.35163E-9,1.43607E-9,1.52051E-9,1.60494E-9,1.68938E-9
625.000E-3,75.9693E-9,151.939E-9,227.908E-9,303.877E-9,379.846E-9,455.816E-9,531.785E-9,607.754E-9,683.723E-9,759.693E-9,835.662E-9,911.631E-9,987.601E-9,1.06357E-6,1.13954E-6,1.21551E-6,1.29148E-6,1.36745E-6,1.44342E-6,1.51939E-6,102.205E-12,203.786E-12,305.366E-12,406.947E-12,508.527E-12,610.108E-12,711.688E-12,813.268E-12,914.849E-12,1.01643E-9,1.11801E-9,1.21959E-9,1.32117E-9,1.42275E-9,1.52433E-9,1.62591E-9,1.72749E-9,1.82907E-9,1.93065E-9,2.03223E-9
630.000E-3,91.1967E-9,182.393E-9,273.590E-9,364.787E-9,455.983E-9,547.180E-9,638.377E-9,729.573E-9,820.770E-9,911.967E-9,1.00316E-6,1.09436E-6,1.18556E-6,1.27675E-6,1.36795E-6,1.45915E-6,1.55034E-6,1.64154E-6,1.73274E-6,1.82393E-6,122.911E-12,245.192E-12,367.473E-12,489.754E-12,612.035E-12,734.316E-12,856.597E-12,978.878E-12,1.10116E-9,1.22344E-9,1.34572E-9,1.46800E-9,1.59028E-9,1.71256E-9,1.83485E-9,1.95713E-9,2.07941E-9,2.20169E-9,2.32397E-9,2.44625E-9
635.000E-3,109.463E-9,218.926E-9,328.388E-9,437.851E-9,547.314E-9,656.777E-9,766.240E-9,875.703E-9,985.165E-9,1.09463E-6,1.20409E-6,1.31355E-6,1.42302E-6,1.53248E-6,1.64194E-6,1.75141E-6,1.86087E-6,1.97033E-6,2.07979E-6,2.18926E-6,147.920E-12,295.205E-12,442.489E-12,589.774E-12,737.059E-12,884.344E-12,1.03163E-9,1.17891E-9,1.32620E-9,1.47348E-9,1.62077E-9,1.76805E-9,1.91534E-9,2.06262E-9,2.20991E-9,2.35719E-9,2.50448E-9,2.65176E-9,2.79905E-9,2.94633E-9
640.000E-3,131.371E-9,262.742E-9,394.113E-9,525.483E-9,656.854E-9,788.225E-9,919.596E-9,1.05097E-6,1.18234E-6,1.31371E-6,1.44508E-6,1.57645E-6,1.70782E-6,1.83919E-6,1.97056E-6,2.10193E-6,2.23330E-6,2.36468E-6,2.49605E-6,2.62742E-6,178.133E-12,355.626E-12,533.119E-12,710.613E-12,888.106E-12,1.06560E-9,1.24309E-9,1.42059E-9,1.59808E-9,1.77557E-9,1.95306E-9,2.13056E-9,2.30805E-9,2.48554E-9,2.66304E-9,2.84053E-9,3.01802E-9,3.19552E-9,3.37301E-9,3.55050E-9
645.000E-3,157.643E-9,315.286E-9,472.928E-9,630.571E-9,788.214E-9,945.857E-9,1.10350E-6,1.26114E-6,1.41878E-6,1.57643E-6,1.73407E-6,1.89171E-6,2.04936E-6,2.20700E-6,2.36464E-6,2.52228E-6,2.67993E-6,2.83757E-6,2.99521E-6,3.15286E-6,214.642E-12,428.639E-12,642.635E-12,856.632E-12,1.07063E-9,1.28463E-9,1.49862E-9,1.71262E-9,1.92662E-9,2.14061E-9,2.35461E-9,2.56861E-9,2.78260E-9,2.99660E-9,3.21060E-9,3.42459E-9,3.63859E-9,3.85259E-9,4.06658E-9,4.28058E-9
650.000E-3,189.143E-9,378.285E-9,567.428E-9,756.570E-9,945.713E-9,1.13486E-6,1.32400E-6,1.51314E-6,1.70228E-6,1.89143E-6,2.08057E-6,2.26971E-6,2.45885E-6,2.64800E-6,2.83714E-6,3.02628E-6,3.21542E-6,3.40457E-6,3.59371E-6,3.78285E-6,258.765E-12,516.881E-12,774.996E-12,1.03311E-9,1.29123E-9,1.54934E-9,1.80746E-9,2.06557E-9,2.32369E-9,2.58180E-9,2.83992E-9,3.09804E-9,3.35615E-9,3.61427E-9,3.87238E-9,4.13050E-9,4.38861E-9,4.64673E-9,4.90484E-9,5.16296E-9
655.000E-3,226.904E-9,453.808E-9,680.712E-9,907.616E-9,1.13452E-6,1.36142E-6,1.58833E-6,1.81523E-6,2.04214E-6,2.26904E-6,2.49594E-6,2.72285E-6,2.94975E-6,3.17666E-6,3.40356E-6,3.63046E-6,3.85737E-6,4.08427E-6,4.31118E-6,4.53808E-6,312.101E-12,623.547E-12,934.993E-12,1.24644E-9,1.55788E-9,1.86933E-9,2.18078E-9,2.49222E-9,2.80367E-9,3.11511E-9,3.42656E-9,3.73801E-9,4.04945E-9,4.36090E-9,4.67234E-9,4.98379E-9,5.29524E-9,5.60668E-9,5.91813E-9,6.22957E-9
660.000E-3,272.163E-9,544.326E-9,816.490E-9,1.08865E-6,1.36082E-6,1.63298E-6,1.90514E-6,2.17731E-6,2.44947E-6,2.72163E-6,2.99380E-6,3.26596E-6,3.53812E-6,3.81028E-6,4.08245E-6,4.35461E-6,4.62677E-6,4.89894E-6,5.17110E-6,5.44326E-6,376.580E-12,752.501E-12,1.12842E-9,1.50434E-9,1.88026E-9,2.25618E-9,2.63210E-9,3.00802E-9,3.38394E-9,3.75986E-9,4.13579E-9,4.51171E-9,4.88763E-9,5.26355E-9,5.63947E-9,6.01539E-9,6.39131E-9,6.76723E-9,7.14315E-9,7.51907E-9
665.000E-3,326.398E-9,652.796E-9,979.194E-9,1.30559E-6,1.63199E-6,1.95839E-6,2.28479E-6,2.61119E-6,2.93758E-6,3.26398E-6,3.59038E-6,3.91678E-6,4.24318E-6,4.56957E-6,4.89597E-6,5.22237E-6,5.54877E-6,5.87517E-6,6.20157E-6,6.52796E-6,454.542E-12,908.419E-12,1.36230E-9,1.81617E-9,2.27005E-9,2.72393E-9,3.17780E-9,3.63168E-9,4.08556E-9,4.53943E-9,4.99331E-9,5.44719E-9,5.90106E-9,6.35494E-9,6.80882E-9,7.26269E-9,7.71657E-9,8.17045E-9,8.62432E-9,9.07820E-9
670.000E-3,391.375E-9,782.750E-9,1.17412E-6,1.56550E-6,1.95687E-6,2.34825E-6,2.73962E-6,3.13100E-6,3.52237E-6,3.91375E-6,4.30512E-6,4.69650E-6,5.08787E-6,5.47925E-6,5.87062E-6,6.26200E-6,6.65337E-6,7.04475E-6,7.43612E-6,7.82750E-6,548.813E-12,1.09696E-9,1.64510E-9,2.19324E-9,2.74139E-9,3.28953E-9,3.83767E-9,4.38582E-9,4.93396E-9,5.48210E-9,6.03025E-9,6.57839E-9,7.12653E-9,7.67468E-9,8.22282E-9,8.77096E-9,9.31911E-9,9.86725E-9,10.4154E-9,10.9635E-9
675.000E-3,469.203E-9,938.406E-9,1.40761E-6,1.87681E-6,2.34602E-6,2.81522E-6,3.28442E-6,3.75363E-6,4.22283E-6,4.69203E-6,5.16123E-6,5.63044E-6,6.09964E-6,6.56884E-6,7.03805E-6,7.50725E-6,7.97645E-6,8.44566E-6,8.91486E-6,9.38406E-6,662.817E-12,1.32496E-9,1.98710E-9,2.64924E-9,3.31139E-9,3.97353E-9,4.63567E-9,5.29781E-9,5.95995E-9,6.62210E-9,7.28424E-9,7.94638E-9,8.60852E-9,9.27066E-9,9.93281E-9,10.5949E-9,11.2571E-9,11.9192E-9,12.5814E-9,13.2435E-9
680.000E-3,562.401E-9,1.12480E-6,1.68720E-6,2.24960E-6,2.81200E-6,3.37441E-6,3.93681E-6,4.49921E-6,5.06161E-6,5.62401E-6,6.18641E-6,6.74881E-6,7.31121E-6,7.87361E-6,8.43601E-6,8.99841E-6,9.56082E-6,10.1232E-6,10.6856E-6,11.2480E-6,800.692E-12,1.60070E-9,2.40072E-9,3.20073E-9,4.00074E-9,4.80075E-9,5.60076E-9,6.40078E-9,7.20079E-9,8.00080E-9,8.80081E-9,9.60083E-9,10.4008E-9,11.2008E-9,12.0009E-9,12.8009E-9,13.6009E-9,14.4009E-9,15.2009E-9,16.0009E-9
685.000E-3,673.973E-9,1.34795E-6,2.02192E-6,2.69589E-6,3.36986E-6,4.04384E-6,4.71781E-6,5.39178E-6,6.06575E-6,6.73973E-6,7.41370E-6,8.08767E-6,8.76164E-6,9.43562E-6,10.1096E-6,10.7836E-6,11.4575E-6,12.1315E-6,12.8055E-6,13.4795E-6,967.446E-12,1.93421E-9,2.90097E-9,3.86773E-9,4.83449E-9,5.80125E-9,6.76801E-9,7.73477E-9,8.70153E-9,9.66829E-9,10.6351E-9,11.6018E-9,12.5686E-9,13.5353E-9,14.5021E-9,15.4689E-9,16.4356E-9,17.4024E-9,18.3691E-9,19.3359E-9
690.000E-3,807.500E-9,1.61500E-6,2.42250E-6,3.23000E-6,4.03750E-6,4.84500E-6,5.65250E-6,6.46000E-6,7.26750E-6,8.07500E-6,8.88250E-6,9.69000E-6,10.4975E-6,11.3050E-6,12.1125E-6,12.9200E-6,13.7275E-6,14.5350E-6,15.3425E-6,16.1500E-6,1.16913E-9,2.33758E-9,3.50602E-9,4.67446E-9,5.84290E-9,7.01135E-9,8.17979E-9,9.34823E-9,10.5167E-9,11.6851E-9,12.8536E-9,14.0220E-9,15.1904E-9,16.3589E-9,17.5273E-9,18.6958E-9,19.8642E-9,21.0327E-9,22.2011E-9,23.3695E-9
695.000E-3,967.249E-9,1.93450E-6,2.90175E-6,3.86900E-6,4.83625E-6,5.80349E-6,6.77074E-6,7.73799E-6,8.70524E-6,9.67249E-6,10.6397E-6,11.6070E-6,12.5742E-6,13.5415E-6,14.5087E-6,15.4760E-6,16.4432E-6,17.4105E-6,18.3777E-6,19.3450E-6,1.41308E-9,2.82546E-9,4.23784E-9,5.65022E-9,7.06260E-9,8.47498E-9,9.88736E-9,11.2997E-9,12.7121E-9,14.1245E-9,15.5369E-9,16.9493E-9,18.3617E-9,19.7740E-9,21.1864E-9,22.5988E-9,24.0112E-9,25.4236E-9,26.8359E-9,28.2483E-9
700.000E-3,1.15830E-6,2.31660E-6,3.47489E-6,4.63319E-6,5.79149E-6,6.94979E-6,8.10808E-6,9.26638E-6,10.4247E-6,11.5830E-6,12.7413E-6,13.8996E-6,15.0579E-6,16.2162E-6,17.3745E-6,18.5328E-6,19.6911E-6,20.8494E-6,22.0077E-6,23.1660E-6,1.70813E-9,3.41556E-9,5.12299E-9,6.83042E-9,8.53785E-9,10.2453E-9,11.9527E-9,13.6601E-9,15.3676E-9,17.0750E-9,18.7824E-9,20.4899E-9,22.1973E-9,23.9047E-9,25.6121E-9,27.3196E-9,29.0270E-9,30.7344E-9,32.4419E-9,34.1493E-9
705.000E-3,1.38668E-6,2.77336E-6,4.16004E-6,5.54672E-6,6.93341E-6,8.32009E-6,9.70677E-6,11.0934E-6,12.4801E-6,13.8668E-6,15.2535E-6,16.6402E-6,18.0269E-6,19.4135E-6,20.8002E-6,22.1869E-6,23.5736E-6,24.9603E-6,26.3469E-6,27.7336E-6,2.06499E-9,4.12928E-9,6.19357E-9,8.25786E-9,10.3221E-9,12.3864E-9,14.4507E-9,16.5150E-9,18.5793E-9,20.6436E-9,22.7079E-9,24.7722E-9,26.8365E-9,28.9007E-9,30.9650E-9,33.0293E-9,35.0936E-9,37.1579E-9,39.2222E-9,41.2865E-9
710.000E-3,1.65956E-6,3.31913E-6,4.97869E-6,6.63826E-6,8.29782E-6,9.95739E-6,11.6170E-6,13.2765E-6,14.9361E-6,16.5956E-6,18.2552E-6,19.9148E-6,21.5743E-6,23.2339E-6,24.8935E-6,26.5530E-6,28.2126E-6,29.8722E-6,31.5317E-6,33.1913E-6,2.49660E-9,4.99249E-9,7.48838E-9,9.98427E-9,12.4802E-9,14.9761E-9,17.4719E-9,19.9678E-9,22.4637E-9,24.9596E-9,27.4555E-9,29.9514E-9,32.4473E-9,34.9432E-9,37.4391E-9,39.9350E-9,42.4309E-9,44.9267E-9,47.4226E-9,49.9185E-9
715.000E-3,1.98544E-6,3.97088E-6,5.95632E-6,7.94176E-6,9.92720E-6,11.9126E-6,13.8981E-6,15.8835E-6,17.8690E-6,19.8544E-6,21.8398E-6,23.8253E-6,25.8107E-6,27.7962E-6,29.7816E-6,31.7671E-6,33.7525E-6,35.7379E-6,37.7234E-6,39.7088E-6,3.01857E-9,6.03643E-9,9.05429E-9,12.0721E-9,15.0900E-9,18.1079E-9,21.1257E-9,24.1436E-9,27.1614E-9,30.1793E-9,33.1971E-9,36.2150E-9,39.2329E-9,42.2507E-9,45.2686E-9,48.2864E-9,51.3043E-9,54.3222E-9,57.3400E-9,60.3579E-9
720.000E-3,2.37436E-6,4.74872E-6,7.12308E-6,9.49744E-6,11.8718E-6,14.2462E-6,16.6205E-6,18.9949E-6,21.3692E-6,23.7436E-6,26.1179E-6,28.4923E-6,30.8667E-6,33.2410E-6,35.6154E-6,37.9897E-6,40.3641E-6,42.7385E-6,45.1128E-6,47.4872E-6,3.64977E-9,7.29883E-9,10.9479E-9,14.5969E-9,18.2460E-9,21.8950E-9,25.5441E-9,29.1932E-9,32.8422E-9,36.4913E-9,40.1403E-9,43.7894E-9,47.4384E-9,51.0875E-9,54.7365E-9,58.3856E-9,62.0346E-9,65.6837E-9,69.3328E-9,72.9818E-9
725.000E-3,2.83818E-6,5.67637E-6,8.51455E-6,11.3527E-6,14.1909E-6,17.0291E-6,19.8673E-6,22.7055E-6,25.5437E-6,28.3818E-6,31.2200E-6,34.0582E-6,36.8964E-6,39.7346E-6,42.5728E-6,45.4109E-6,48.2491E-6,51.0873E-6,53.9255E-6,56.7637E-6,4.41298E-9,8.82523E-9,13.2375E-9,17.6497E-9,22.0620E-9,26.4742E-9,30.8865E-9,35.2987E-9,39.7110E-9,44.1232E-9,48.5355E-9,52.9478E-9,57.3600E-9,61.7723E-9,66.1845E-9,70.5968E-9,75.0090E-9,79.4213E-9,83.8335E-9,88.2458E-9
730.000E-3,3.39089E-6,6.78178E-6,10.1727E-6,13.5636E-6,16.9544E-6,20.3453E-6,23.7362E-6,27.1271E-6,30.5180E-6,33.9089E-6,37.2998E-6,40.6907E-6,44.0816E-6,47.4724E-6,50.8633E-6,54.2542E-6,57.6451E-6,61.0360E-6,64.4269E-6,67.8178E-6,5.33565E-9,10.6706E-9,16.0055E-9,21.3404E-9,26.6753E-9,32.0103E-9,37.3452E-9,42.6801E-9,48.0150E-9,53.3500E-9,58.6849E-9,64.0198E-9,69.3547E-9,74.6896E-9,80.0246E-9,85.3595E-9,90.6944E-9,96.0293E-9,101.364E-9,106.699E-9
735.000E-3,4.04888E-6,8.09776E-6,12.1466E-6,16.1955E-6,20.2444E-6,24.2933E-6,28.3422E-6,32.3911E-6,36.4399E-6,40.4888E-6,44.5377E-6,48.5866E-6,52.6355E-6,56.6843E-6,60.7332E-6,64.7821E-6,68.8310E-6,72.8799E-6,76.9288E-6,80.9776E-6,6.45092E-9,12.9011E-9,19.3513E-9,25.8015E-9,32.2517E-9,38.7019E-9,45.1520E-9,51.6022E-9,58.0524E-9,64.5026E-9,70.9528E-9,77.4030E-9,83.8532E-9,90.3033E-9,96.7535E-9,103.204E-9,109.654E-9,116.104E-9,122.554E-9,129.004E-9
740.000E-3,4.83136E-6,9.66273E-6,14.4941E-6,19.3255E-6,24.1568E-6,28.9882E-6,33.8196E-6,38.6509E-6,43.4823E-6,48.3136E-6,53.1450E-6,57.9764E-6,62.8077E-6,67.6391E-6,72.4705E-6,77.3018E-6,82.1332E-6,86.9646E-6,91.7959E-6,96.6273E-6,7.79869E-9,15.5966E-9,23.3946E-9,31.1925E-9,38.9905E-9,46.7884E-9,54.5864E-9,62.3843E-9,70.1823E-9,77.9802E-9,85.7782E-9,93.5761E-9,101.374E-9,109.172E-9,116.970E-9,124.768E-9,132.566E-9,140.364E-9,148.162E-9,155.960E-9
745.000E-3,5.76071E-6,11.5214E-6,17.2821E-6,23.0428E-6,28.8036E-6,34.5643E-6,40.3250E-6,46.0857E-6,51.8464E-6,57.6071E-6,63.3678E-6,69.1285E-6,74.8892E-6,80.6500E-6,86.4107E-6,92.1714E-6,97.9321E-6,103.693E-6,109.454E-6,115.214E-6,9.42698E-9,18.8532E-9,28.2795E-9,37.7057E-9,47.1319E-9,56.5582E-9,65.9844E-9,75.4107E-9,84.8369E-9,94.2631E-9,103.689E-9,113.116E-9,122.542E-9,131.968E-9,141.394E-9,150.821E-9,160.247E-9,169.673E-9,179.099E-9,188.526E-9
750.000E-3,6.86287E-6,13.7257E-6,20.5886E-6,27.4515E-6,34.3143E-6,41.1772E-6,48.0401E-6,54.9030E-6,61.7658E-6,68.6287E-6,75.4916E-6,82.3544E-6,89.2173E-6,96.0802E-6,102.943E-6,109.806E-6,116.669E-6,123.532E-6,130.395E-6,137.257E-6,11.3936E-9,22.7864E-9,34.1792E-9,45.5721E-9,56.9649E-9,68.3577E-9,79.7506E-9,91.1434E-9,102.536E-9,113.929E-9,125.322E-9,136.715E-9,148.108E-9,159.500E-9,170.893E-9,182.286E-9,193.679E-9,205.072E-9,216.464E-9,227.857E-9
755.000E-3,8.16776E-6,16.3355E-6,24.5033E-6,32.6710E-6,40.8388E-6,49.0066E-6,57.1743E-6,65.3421E-6,73.5099E-6,81.6776E-6,89.8454E-6,98.0131E-6,106.181E-6,114.349E-6,122.516E-6,130.684E-6,138.852E-6,147.020E-6,155.187E-6,163.355E-6,13.7679E-9,27.5350E-9,41.3021E-9,55.0692E-9,68.8363E-9,82.6034E-9,96.3705E-9,110.138E-9,123.905E-9,137.672E-9,151.439E-9,165.206E-9,178.973E-9,192.740E-9,206.507E-9,220.275E-9,234.042E-9,247.809E-9,261.576E-9,275.343E-9
760.000E-3,9.70967E-6,19.4193E-6,29.1290E-6,38.8387E-6,48.5483E-6,58.2580E-6,67.9677E-6,77.6773E-6,87.3870E-6,97.0967E-6,106.806E-6,116.516E-6,126.226E-6,135.935E-6,145.645E-6,155.355E-6,165.064E-6,174.774E-6,184.484E-6,194.193E-6,16.6331E-9,33.2654E-9,49.8978E-9,66.5301E-9,83.1624E-9,99.7948E-9,116.427E-9,133.059E-9,149.692E-9,166.324E-9,182.956E-9,199.589E-9,216.221E-9,232.853E-9,249.486E-9,266.118E-9,282.750E-9,299.383E-9,316.015E-9,332.647E-9
765.000E-3,11.5276E-6,23.0551E-6,34.5827E-6,46.1102E-6,57.6378E-6,69.1653E-6,80.6929E-6,92.2204E-6,103.748E-6,115.276E-6,126.803E-6,138.331E-6,149.858E-6,161.386E-6,172.913E-6,184.441E-6,195.968E-6,207.496E-6,219.024E-6,230.551E-6,20.0890E-9,40.1772E-9,60.2655E-9,80.3537E-9,100.442E-9,120.530E-9,140.618E-9,160.707E-9,180.795E-9,200.883E-9,220.971E-9,241.060E-9,261.148E-9,281.236E-9,301.324E-9,321.413E-9,341.501E-9,361.589E-9,381.677E-9,401.766E-9
770.000E-3,13.6653E-6,27.3307E-6,40.9960E-6,54.6613E-6,68.3266E-6,81.9920E-6,95.6573E-6,109.323E-6,122.988E-6,136.653E-6,150.319E-6,163.984E-6,177.649E-6,191.315E-6,204.980E-6,218.645E-6,232.311E-6,245.976E-6,259.641E-6,273.307E-6,24.2549E-9,48.5090E-9,72.7631E-9,97.0173E-9,121.271E-9,145.525E-9,169.780E-9,194.034E-9,218.288E-9,242.542E-9,266.796E-9,291.050E-9,315.304E-9,339.558E-9,363.813E-9,388.067E-9,412.321E-9,436.575E-9,460.829E-9,485.083E-9
775.000E-3,16.1720E-6,32.3439E-6,48.5159E-6,64.6879E-6,80.8599E-6,97.0318E-6,113.204E-6,129.376E-6,145.548E-6,161.720E-6,177.892E-6,194.064E-6,210.236E-6,226.408E-6,242.580E-6,258.752E-6,274.924E-6,291.095E-6,307.267E-6,323.439E-6,29.2732E-9,58.5456E-9,87.8180E-9,117.090E-9,146.363E-9,175.635E-9,204.908E-9,234.180E-9,263.453E-9,292.725E-9,321.997E-9,351.270E-9,380.542E-9,409.815E-9,439.087E-9,468.359E-9,497.632E-9,526.904E-9,556.177E-9,585.449E-9
780.000E-3,19.1015E-6,38.2030E-6,57.3045E-6,76.4060E-6,95.5075E-6,114.609E-6,133.711E-6,152.812E-6,171.914E-6,191.015E-6,210.117E-6,229.218E-6,248.320E-6,267.421E-6,286.523E-6,305.624E-6,324.726E-6,343.827E-6,362.929E-6,382.030E-6,35.3137E-9,70.6265E-9,105.939E-9,141.252E-9,176.565E-9,211.878E-9,247.191E-9,282.504E-9,317.817E-9,353.130E-9,388.442E-9,423.755E-9,459.068E-9,494.381E-9,529.694E-9,565.007E-9,600.320E-9,635.633E-9,670.945E-9,706.258E-9
785.000E-3,22.5127E-6,45.0254E-6,67.5382E-6,90.0509E-6,112.564E-6,135.076E-6,157.589E-6,180.102E-6,202.615E-6,225.127E-6,247.640E-6,270.153E-6,292.665E-6,315.178E-6,337.691E-6,360.204E-6,382.716E-6,405.229E-6,427.742E-6,450.254E-6,42.5781E-9,85.1555E-9,127.733E-9,170.310E-9,212.888E-9,255.465E-9,298.042E-9,340.620E-9,383.197E-9,425.774E-9,468.352E-9,510.929E-9,553.506E-9,596.084E-9,638.661E-9,681.239E-9,723.816E-9,766.393E-9,808.971E-9,851.548E-9
790.000E-3,26.4687E-6,52.9374E-6,79.4061E-6,105.875E-6,132.344E-6,158.812E-6,185.281E-6,211.750E-6,238.218E-6,264.687E-6,291.156E-6,317.624E-6,344.093E-6,370.562E-6,397.031E-6,423.499E-6,449.968E-6,476.437E-6,502.905E-6,529.374E-6,51.3062E-9,102.612E-9,153.917E-9,205.222E-9,256.528E-9,307.833E-9,359.139E-9,410.444E-9,461.749E-9,513.055E-9,564.360E-9,615.666E-9,666.971E-9,718.276E-9,769.582E-9,820.887E-9,872.193E-9,923.498E-9,974.804E-9,1.02611E-6
795.000E-3,31.0359E-6,62.0719E-6,93.1078E-6,124.144E-6,155.180E-6,186.216E-6,217.252E-6,248.287E-6,279.323E-6,310.359E-6,341.395E-6,372.431E-6,403.467E-6,434.503E-6,465.539E-6,496.575E-6,527.611E-6,558.647E-6,589.683E-6,620.719E-6,61.7814E-9,123.562E-9,185.343E-9,247.123E-9,308.904E-9,370.685E-9,432.465E-9,494.246E-9,556.026E-9,617.807E-9,679.588E-9,741.368E-9,803.149E-9,864.930E-9,926.710E-9,988.491E-9,1.05027E-6,1.11205E-6,1.17383E-6,1.23561E-6
800.000E-3,36.2831E-6,72.5663E-6,108.849E-6,145.133E-6,181.416E-6,217.699E-6,253.982E-6,290.265E-6,326.548E-6,362.831E-6,399.115E-6,435.398E-6,471.681E-6,507.964E-6,544.247E-6,580.530E-6,616.813E-6,653.097E-6,689.380E-6,725.663E-6,74.3389E-9,148.677E-9,223.015E-9,297.353E-9,371.691E-9,446.029E-9,520.367E-9,594.705E-9,669.043E-9,743.381E-9,817.719E-9,892.057E-9,966.396E-9,1.04073E-6,1.11507E-6,1.18941E-6,1.26375E-6,1.33809E-6,1.41242E-6,1.48676E-6
805.000E-3,42.2796E-6,84.5592E-6,126.839E-6,169.118E-6,211.398E-6,253.678E-6,295.957E-6,338.237E-6,380.516E-6,422.796E-6,465.076E-6,507.355E-6,549.635E-6,591.914E-6,634.194E-6,676.474E-6,718.753E-6,761.033E-6,803.312E-6,845.592E-6,89.3734E-9,178.746E-9,268.118E-9,357.491E-9,446.864E-9,536.236E-9,625.609E-9,714.981E-9,804.354E-9,893.726E-9,983.099E-9,1.07247E-6,1.16184E-6,1.25122E-6,1.34059E-6,1.42996E-6,1.51933E-6,1.60871E-6,1.69808E-6,1.78745E-6
810.000E-3,49.0930E-6,98.1861E-6,147.279E-6,196.372E-6,245.465E-6,294.558E-6,343.651E-6,392.744E-6,441.837E-6,490.930E-6,540.024E-6,589.117E-6,638.210E-6,687.303E-6,736.396E-6,785.489E-6,834.582E-6,883.675E-6,932.768E-6,981.861E-6,107.349E-9,214.698E-9,322.047E-9,429.395E-9,536.744E-9,644.093E-9,751.441E-9,858.790E-9,966.139E-9,1.07349E-6,1.18084E-6,1.28818E-6,1.39553E-6,1.50288E-6,1.61023E-6,1.71758E-6,1.82493E-6,1.93228E-6,2.03962E-6,2.14697E-6
815.000E-3,56.7869E-6,113.574E-6,170.361E-6,227.148E-6,283.934E-6,340.721E-6,397.508E-6,454.295E-6,511.082E-6,567.869E-6,624.656E-6,681.443E-6,738.229E-6,795.016E-6,851.803E-6,908.590E-6,965.377E-6,1.02216E-3,1.07895E-3,1.13574E-3,128.813E-9,257.624E-9,386.436E-9,515.248E-9,644.059E-9,772.871E-9,901.683E-9,1.03049E-6,1.15931E-6,1.28812E-6,1.41693E-6,1.54574E-6,1.67455E-6,1.80336E-6,1.93218E-6,2.06099E-6,2.18980E-6,2.31861E-6,2.44742E-6,2.57624E-6
820.000E-3,65.4162E-6,130.832E-6,196.249E-6,261.665E-6,327.081E-6,392.497E-6,457.913E-6,523.330E-6,588.746E-6,654.162E-6,719.578E-6,784.994E-6,850.411E-6,915.827E-6,981.243E-6,1.04666E-3,1.11208E-3,1.17749E-3,1.24291E-3,1.30832E-3,154.402E-9,308.804E-9,463.205E-9,617.607E-9,772.009E-9,926.410E-9,1.08081E-6,1.23521E-6,1.38961E-6,1.54402E-6,1.69842E-6,1.85282E-6,2.00722E-6,2.16162E-6,2.31602E-6,2.47043E-6,2.62483E-6,2.77923E-6,2.93363E-6,3.08803E-6
825.000E-3,75.0211E-6,150.042E-6,225.063E-6,300.085E-6,375.106E-6,450.127E-6,525.148E-6,600.169E-6,675.190E-6,750.211E-6,825.232E-6,900.254E-6,975.275E-6,1.05030E-3,1.12532E-3,1.20034E-3,1.27536E-3,1.35038E-3,1.42540E-3,1.50042E-3,184.870E-9,369.738E-9,554.607E-9,739.476E-9,924.345E-9,1.10921E-6,1.29408E-6,1.47895E-6,1.66382E-6,1.84869E-6,2.03356E-6,2.21843E-6,2.40329E-6,2.58816E-6,2.77303E-6,2.95790E-6,3.14277E-6,3.32764E-6,3.51251E-6,3.69738E-6
830.000E-3,85.6130E-6,171.226E-6,256.839E-6,342.452E-6,428.065E-6,513.678E-6,599.291E-6,684.904E-6,770.517E-6,856.130E-6,941.743E-6,1.02736E-3,1.11297E-3,1.19858E-3,1.28420E-3,1.36981E-3,1.45542E-3,1.54103E-3,1.62665E-3,1.71226E-3,221.098E-9,442.195E-9,663.292E-9,884.389E-9,1.10549E-6,1.32658E-6,1.54768E-6,1.76878E-6,1.98987E-6,2.21097E-6,2.43207E-6,2.65316E-6,2.87426E-6,3.09536E-6,3.31645E-6,3.53755E-6,3.75865E-6,3.97975E-6,4.20084E-6,4.42194E-6
835.000E-3,97.1440E-6,194.288E-6,291.432E-6,388.576E-6,485.720E-6,582.864E-6,680.008E-6,777.152E-6,874.296E-6,971.440E-6,1.06858E-3,1.16573E-3,1.26287E-3,1.36002E-3,1.45716E-3,1.55430E-3,1.65145E-3,1.74859E-3,1.84574E-3,1.94288E-3,264.138E-9,528.275E-9,792.413E-9,1.05655E-6,1.32069E-6,1.58482E-6,1.84896E-6,2.11310E-6,2.37724E-6,2.64137E-6,2.90551E-6,3.16965E-6,3.43378E-6,3.69792E-6,3.96206E-6,4.22620E-6,4.49033E-6,4.75447E-6,5.01861E-6,5.28275E-6
840.000E-3,109.446E-6,218.892E-6,328.338E-6,437.784E-6,547.230E-6,656.676E-6,766.121E-6,875.567E-6,985.013E-6,1.09446E-3,1.20391E-3,1.31335E-3,1.42280E-3,1.53224E-3,1.64169E-3,1.75113E-3,1.86058E-3,1.97003E-3,2.07947E-3,2.18892E-3,315.271E-9,630.541E-9,945.811E-9,1.26108E-6,1.57635E-6,1.89162E-6,2.20689E-6,2.52216E-6,2.83743E-6,3.15270E-6,3.46797E-6,3.78324E-6,4.09851E-6,4.41378E-6,4.72905E-6,5.04432E-6,5.35959E-6,5.67486E-6,5.99013E-6,6.30540E-6
845.000E-3,122.170E-6,244.339E-6,366.509E-6,488.678E-6,610.848E-6,733.017E-6,855.187E-6,977.357E-6,1.09953E-3,1.22170E-3,1.34387E-3,1.46603E-3,1.58820E-3,1.71037E-3,1.83254E-3,1.95471E-3,2.07688E-3,2.19905E-3,2.32122E-3,2.44339E-3,376.104E-9,752.208E-9,1.12831E-6,1.50441E-6,1.88052E-6,2.25662E-6,2.63273E-6,3.00883E-6,3.38493E-6,3.76104E-6,4.13714E-6,4.51324E-6,4.88935E-6,5.26545E-6,5.64155E-6,6.01766E-6,6.39376E-6,6.76986E-6,7.14597E-6,7.52207E-6
850.000E-3,134.873E-6,269.747E-6,404.620E-6,539.493E-6,674.366E-6,809.240E-6,944.113E-6,1.07899E-3,1.21386E-3,1.34873E-3,1.48361E-3,1.61848E-3,1.75335E-3,1.88823E-3,2.02310E-3,2.15797E-3,2.29285E-3,2.42772E-3,2.56259E-3,2.69747E-3,448.657E-9,897.314E-9,1.34597E-6,1.79463E-6,2.24328E-6,2.69194E-6,3.14060E-6,3.58925E-6,4.03791E-6,4.48656E-6,4.93522E-6,5.38388E-6,5.83253E-6,6.28119E-6,6.72985E-6,7.17850E-6,7.62716E-6,8.07582E-6,8.52447E-6,8.97313E-6
855.000E-3,147.273E-6,294.545E-6,441.818E-6,589.090E-6,736.363E-6,883.635E-6,1.03091E-3,1.17818E-3,1.32545E-3,1.47273E-3,1.62000E-3,1.76727E-3,1.91454E-3,2.06182E-3,2.20909E-3,2.35636E-3,2.50363E-3,2.65091E-3,2.79818E-3,2.94545E-3,535.347E-9,1.07069E-6,1.60604E-6,2.14138E-6,2.67673E-6,3.21208E-6,3.74742E-6,4.28277E-6,4.81811E-6,5.35346E-6,5.88880E-6,6.42415E-6,6.95950E-6,7.49484E-6,8.03019E-6,8.56553E-6,9.10088E-6,9.63622E-6,10.1716E-6,10.7069E-6
860.000E-3,159.322E-6,318.644E-6,477.966E-6,637.287E-6,796.609E-6,955.931E-6,1.11525E-3,1.27457E-3,1.43390E-3,1.59322E-3,1.75254E-3,1.91186E-3,2.07118E-3,2.23051E-3,2.38983E-3,2.54915E-3,2.70847E-3,2.86779E-3,3.02712E-3,3.18644E-3,638.976E-9,1.27795E-6,1.91693E-6,2.55590E-6,3.19488E-6,3.83385E-6,4.47283E-6,5.11180E-6,5.75078E-6,6.38975E-6,7.02873E-6,7.66770E-6,8.30668E-6,8.94565E-6,9.58463E-6,10.2236E-6,10.8626E-6,11.5015E-6,12.1405E-6,12.7795E-6
865.000E-3,171.102E-6,342.204E-6,513.306E-6,684.408E-6,855.509E-6,1.02661E-3,1.19771E-3,1.36882E-3,1.53992E-3,1.71102E-3,1.88212E-3,2.05322E-3,2.22432E-3,2.39543E-3,2.56653E-3,2.73763E-3,2.90873E-3,3.07983E-3,3.25094E-3,3.42204E-3,762.807E-9,1.52561E-6,2.28842E-6,3.05123E-6,3.81403E-6,4.57684E-6,5.33965E-6,6.10245E-6,6.86526E-6,7.62807E-6,8.39087E-6,9.15368E-6,9.91649E-6,10.6793E-6,11.4421E-6,12.2049E-6,12.9677E-6,13.7305E-6,14.4933E-6,15.2561E-6
870.000E-3,182.723E-6,365.445E-6,548.168E-6,730.890E-6,913.613E-6,1.09634E-3,1.27906E-3,1.46178E-3,1.64450E-3,1.82723E-3,2.00995E-3,2.19267E-3,2.37539E-3,2.55812E-3,2.74084E-3,2.92356E-3,3.10628E-3,3.28901E-3,3.47173E-3,3.65445E-3,910.674E-9,1.82135E-6,2.73202E-6,3.64269E-6,4.55337E-6,5.46404E-6,6.37471E-6,7.28539E-6,8.19606E-6,9.10673E-6,10.0174E-6,10.9281E-6,11.8388E-6,12.7494E-6,13.6601E-6,14.5708E-6,15.4814E-6,16.3921E-6,17.3028E-6,18.2135E-6
875.000E-3,194.287E-6,388.574E-6,582.861E-6,777.149E-6,971.436E-6,1.16572E-3,1.36001E-3,1.55430E-3,1.74858E-3,1.94287E-3,2.13716E-3,2.33145E-3,2.52573E-3,2.72002E-3,2.91431E-3,3.10859E-3,3.30288E-3,3.49717E-3,3.69146E-3,3.88574E-3,1.08709E-6,2.17419E-6,3.26128E-6,4.34837E-6,5.43546E-6,6.52255E-6,7.60965E-6,8.69674E-6,9.78383E-6,10.8709E-6,11.9580E-6,13.0451E-6,14.1322E-6,15.2193E-6,16.3064E-6,17.3935E-6,18.4806E-6,19.5677E-6,20.6548E-6,21.7418E-6
880.000E-3,205.884E-6,411.768E-6,617.653E-6,823.537E-6,1.02942E-3,1.23531E-3,1.44119E-3,1.64707E-3,1.85296E-3,2.05884E-3,2.26473E-3,2.47061E-3,2.67649E-3,2.88238E-3,3.08826E-3,3.29415E-3,3.50003E-3,3.70592E-3,3.91180E-3,4.11768E-3,1.29739E-6,2.59477E-6,3.89216E-6,5.18954E-6,6.48693E-6,7.78431E-6,9.08170E-6,10.3791E-6,11.6765E-6,12.9739E-6,14.2712E-6,15.5686E-6,16.8660E-6,18.1634E-6,19.4608E-6,20.7582E-6,22.0556E-6,23.3529E-6,24.6503E-6,25.9477E-6
885.000E-3,217.588E-6,435.176E-6,652.764E-6,870.352E-6,1.08794E-3,1.30553E-3,1.52312E-3,1.74070E-3,1.95829E-3,2.17588E-3,2.39347E-3,2.61106E-3,2.82864E-3,3.04623E-3,3.26382E-3,3.48141E-3,3.69900E-3,3.91658E-3,4.13417E-3,4.35176E-3,1.54781E-6,3.09562E-6,4.64343E-6,6.19125E-6,7.73906E-6,9.28687E-6,10.8347E-6,12.3825E-6,13.9303E-6,15.4781E-6,17.0259E-6,18.5737E-6,20.1215E-6,21.6694E-6,23.2172E-6,24.7650E-6,26.3128E-6,27.8606E-6,29.4084E-6,30.9562E-6
890.000E-3,229.461E-6,458.922E-6,688.382E-6,917.843E-6,1.14730E-3,1.37676E-3,1.60623E-3,1.83569E-3,2.06515E-3,2.29461E-3,2.52407E-3,2.75353E-3,2.98299E-3,3.21245E-3,3.44191E-3,3.67137E-3,3.90083E-3,4.13029E-3,4.35976E-3,4.58922E-3,1.84571E-6,3.69143E-6,5.53714E-6,7.38285E-6,9.22857E-6,11.0743E-6,12.9200E-6,14.7657E-6,16.6114E-6,18.4571E-6,20.3028E-6,22.1486E-6,23.9943E-6,25.8400E-6,27.6857E-6,29.5314E-6,31.3771E-6,33.2228E-6,35.0686E-6,36.9143E-6
895.000E-3,241.555E-6,483.110E-6,724.665E-6,966.220E-6,1.20777E-3,1.44933E-3,1.69088E-3,1.93244E-3,2.17399E-3,2.41555E-3,2.65710E-3,2.89866E-3,3.14021E-3,3.38177E-3,3.62332E-3,3.86488E-3,4.10643E-3,4.34799E-3,4.58954E-3,4.83110E-3,2.19968E-6,4.39937E-6,6.59905E-6,8.79874E-6,10.9984E-6,13.1981E-6,15.3978E-6,17.5975E-6,19.7972E-6,21.9968E-6,24.1965E-6,26.3962E-6,28.5959E-6,30.7956E-6,32.9953E-6,35.1949E-6,37.3946E-6,39.5943E-6,41.7940E-6,43.9937E-6
900.000E-3,253.915E-6,507.829E-6,761.744E-6,1.01566E-3,1.26957E-3,1.52349E-3,1.77740E-3,2.03132E-3,2.28523E-3,2.53915E-3,2.79306E-3,3.04697E-3,3.30089E-3,3.55480E-3,3.80872E-3,4.06263E-3,4.31655E-3,4.57046E-3,4.82438E-3,5.07829E-3,2.61974E-6,5.23949E-6,7.85923E-6,10.4790E-6,13.0987E-6,15.7185E-6,18.3382E-6,20.9580E-6,23.5777E-6,26.1974E-6,28.8172E-6,31.4369E-6,34.0567E-6,36.6764E-6,39.2962E-6,41.9159E-6,44.5356E-6,47.1554E-6,49.7751E-6,52.3949E-6
905.000E-3,266.576E-6,533.153E-6,799.729E-6,1.06631E-3,1.33288E-3,1.59946E-3,1.86604E-3,2.13261E-3,2.39919E-3,2.66576E-3,2.93234E-3,3.19892E-3,3.46549E-3,3.73207E-3,3.99865E-3,4.26522E-3,4.53180E-3,4.79838E-3,5.06495E-3,5.33153E-3,3.11754E-6,6.23508E-6,9.35262E-6,12.4702E-6,15.5877E-6,18.7052E-6,21.8228E-6,24.9403E-6,28.0579E-6,31.1754E-6,34.2930E-6,37.4105E-6,40.5280E-6,43.6456E-6,46.7631E-6,49.8807E-6,52.9982E-6,56.1157E-6,59.2333E-6,62.3508E-6
910.000E-3,279.571E-6,559.142E-6,838.714E-6,1.11828E-3,1.39786E-3,1.67743E-3,1.95700E-3,2.23657E-3,2.51614E-3,2.79571E-3,3.07528E-3,3.35485E-3,3.63443E-3,3.91400E-3,4.19357E-3,4.47314E-3,4.75271E-3,5.03228E-3,5.31185E-3,5.59142E-3,3.70656E-6,7.41312E-6,11.1197E-6,14.8262E-6,18.5328E-6,22.2394E-6,25.9459E-6,29.6525E-6,33.3590E-6,37.0656E-6,40.7722E-6,44.4787E-6,48.1853E-6,51.8918E-6,55.5984E-6,59.3050E-6,63.0115E-6,66.7181E-6,70.4246E-6,74.1312E-6
915.000E-3,292.923E-6,585.847E-6,878.770E-6,1.17169E-3,1.46462E-3,1.75754E-3,2.05046E-3,2.34339E-3,2.63631E-3,2.92923E-3,3.22216E-3,3.51508E-3,3.80800E-3,4.10093E-3,4.39385E-3,4.68678E-3,4.97970E-3,5.27262E-3,5.56555E-3,5.85847E-3,4.40234E-6,8.80468E-6,13.2070E-6,17.6094E-6,22.0117E-6,26.4140E-6,30.8164E-6,35.2187E-6,39.6210E-6,44.0234E-6,48.4257E-6,52.8281E-6,57.2304E-6,61.6327E-6,66.0351E-6,70.4374E-6,74.8398E-6,79.2421E-6,83.6444E-6,88.0468E-6
920.000E-3,306.652E-6,613.304E-6,919.955E-6,1.22661E-3,1.53326E-3,1.83991E-3,2.14656E-3,2.45321E-3,2.75987E-3,3.06652E-3,3.37317E-3,3.67982E-3,3.98647E-3,4.29313E-3,4.59978E-3,4.90643E-3,5.21308E-3,5.51973E-3,5.82638E-3,6.13304E-3,5.22270E-6,10.4454E-6,15.6681E-6,20.8908E-6,26.1135E-6,31.3362E-6,36.5589E-6,41.7816E-6,47.0043E-6,52.2270E-6,57.4497E-6,62.6724E-6,67.8951E-6,73.1178E-6,78.3405E-6,83.5632E-6,88.7859E-6,94.0086E-6,99.2313E-6,104.454E-6
925.000E-3,320.769E-6,641.538E-6,962.307E-6,1.28308E-3,1.60385E-3,1.92461E-3,2.24538E-3,2.56615E-3,2.88692E-3,3.20769E-3,3.52846E-3,3.84923E-3,4.17000E-3,4.49077E-3,4.81154E-3,5.13231E-3,5.45307E-3,5.77384E-3,6.09461E-3,6.41538E-3,6.18796E-6,12.3759E-6,18.5639E-6,24.7518E-6,30.9398E-6,37.1278E-6,43.3157E-6,49.5037E-6,55.6916E-6,61.8796E-6,68.0675E-6,74.2555E-6,80.4435E-6,86.6314E-6,92.8194E-6,99.0073E-6,105.195E-6,111.383E-6,117.571E-6,123.759E-6
930.000E-3,335.282E-6,670.564E-6,1.00585E-3,1.34113E-3,1.67641E-3,2.01169E-3,2.34697E-3,2.68226E-3,3.01754E-3,3.35282E-3,3.68810E-3,4.02338E-3,4.35867E-3,4.69395E-3,5.02923E-3,5.36451E-3,5.69979E-3,6.03508E-3,6.37036E-3,6.70564E-3,7.32114E-6,14.6423E-6,21.9634E-6,29.2846E-6,36.6057E-6,43.9268E-6,51.2480E-6,58.5691E-6,65.8902E-6,73.2114E-6,80.5325E-6,87.8537E-6,95.1748E-6,102.496E-6,109.817E-6,117.138E-6,124.459E-6,131.780E-6,139.102E-6,146.423E-6
935.000E-3,350.191E-6,700.382E-6,1.05057E-3,1.40076E-3,1.75096E-3,2.10115E-3,2.45134E-3,2.80153E-3,3.15172E-3,3.50191E-3,3.85210E-3,4.20229E-3,4.55248E-3,4.90267E-3,5.25287E-3,5.60306E-3,5.95325E-3,6.30344E-3,6.65363E-3,7.00382E-3,8.64813E-6,17.2963E-6,25.9444E-6,34.5925E-6,43.2407E-6,51.8888E-6,60.5369E-6,69.1851E-6,77.8332E-6,86.4813E-6,95.1295E-6,103.778E-6,112.426E-6,121.074E-6,129.722E-6,138.370E-6,147.018E-6,155.666E-6,164.315E-6,172.963E-6
940.000E-3,365.490E-6,730.980E-6,1.09647E-3,1.46196E-3,1.82745E-3,2.19294E-3,2.55843E-3,2.92392E-3,3.28941E-3,3.65490E-3,4.02039E-3,4.38588E-3,4.75137E-3,5.11686E-3,5.48235E-3,5.84784E-3,6.21333E-3,6.57882E-3,6.94431E-3,7.30980E-3,10.1978E-6,20.3957E-6,30.5935E-6,40.7913E-6,50.9891E-6,61.1870E-6,71.3848E-6,81.5826E-6,91.7804E-6,101.978E-6,112.176E-6,122.374E-6,132.572E-6,142.770E-6,152.967E-6,163.165E-6,173.363E-6,183.561E-6,193.759E-6,203.957E-6
945.000E-3,381.166E-6,762.332E-6,1.14350E-3,1.52466E-3,1.90583E-3,2.28699E-3,2.66816E-3,3.04933E-3,3.43049E-3,3.81166E-3,4.19282E-3,4.57399E-3,4.95515E-3,5.33632E-3,5.71749E-3,6.09865E-3,6.47982E-3,6.86098E-3,7.24215E-3,7.62332E-3,12.0022E-6,24.0043E-6,36.0065E-6,48.0086E-6,60.0108E-6,72.0130E-6,84.0151E-6,96.0173E-6,108.019E-6,120.022E-6,132.024E-6,144.026E-6,156.028E-6,168.030E-6,180.032E-6,192.035E-6,204.037E-6,216.039E-6,228.041E-6,240.043E-6
950.000E-3,397.198E-6,794.396E-6,1.19159E-3,1.58879E-3,1.98599E-3,2.38319E-3,2.78039E-3,3.17759E-3,3.57478E-3,3.97198E-3,4.36918E-3,4.76638E-3,5.16358E-3,5.56077E-3,5.95797E-3,6.35517E-3,6.75237E-3,7.14957E-3,7.54676E-3,7.94396E-3,14.0961E-6,28.1922E-6,42.2882E-6,56.3843E-6,70.4804E-6,84.5765E-6,98.6726E-6,112.769E-6,126.865E-6,140.961E-6,155.057E-6,169.153E-6,183.249E-6,197.345E-6,211.441E-6,225.537E-6,239.633E-6,253.729E-6,267.826E-6,281.922E-6
955.000E-3,413.560E-6,827.119E-6,1.24068E-3,1.65424E-3,2.06780E-3,2.48136E-3,2.89492E-3,3.30848E-3,3.72204E-3,4.13560E-3,4.54916E-3,4.96272E-3,5.37627E-3,5.78983E-3,6.20339E-3,6.61695E-3,7.03051E-3,7.44407E-3,7.85763E-3,8.27119E-3,16.5174E-6,33.0348E-6,49.5522E-6,66.0695E-6,82.5869E-6,99.1043E-6,115.622E-6,132.139E-6,148.656E-6,165.174E-6,181.691E-6,198.209E-6,214.726E-6,231.243E-6,247.761E-6,264.278E-6,280.796E-6,297.313E-6,313.830E-6,330.348E-6
960.000E-3,430.215E-6,860.430E-6,1.29065E-3,1.72086E-3,2.15108E-3,2.58129E-3,3.01151E-3,3.44172E-3,3.87194E-3,4.30215E-3,4.73237E-3,5.16258E-3,5.59280E-3,6.02301E-3,6.45323E-3,6.88344E-3,7.31366E-3,7.74387E-3,8.17409E-3,8.60430E-3,19.3064E-6,38.6129E-6,57.9193E-6,77.2258E-6,96.5322E-6,115.839E-6,135.145E-6,154.452E-6,173.758E-6,193.064E-6,212.371E-6,231.677E-6,250.984E-6,270.290E-6,289.597E-6,308.903E-6,328.210E-6,347.516E-6,366.822E-6,386.129E-6
965.000E-3,447.123E-6,894.246E-6,1.34137E-3,1.78849E-3,2.23562E-3,2.68274E-3,3.12986E-3,3.57698E-3,4.02411E-3,4.47123E-3,4.91835E-3,5.36548E-3,5.81260E-3,6.25972E-3,6.70685E-3,7.15397E-3,7.60109E-3,8.04822E-3,8.49534E-3,8.94246E-3,22.5057E-6,45.0115E-6,67.5172E-6,90.0229E-6,112.529E-6,135.034E-6,157.540E-6,180.046E-6,202.552E-6,225.057E-6,247.563E-6,270.069E-6,292.574E-6,315.080E-6,337.586E-6,360.092E-6,382.597E-6,405.103E-6,427.609E-6,450.115E-6
970.000E-3,464.235E-6,928.469E-6,1.39270E-3,1.85694E-3,2.32117E-3,2.78541E-3,3.24964E-3,3.71388E-3,4.17811E-3,4.64235E-3,5.10658E-3,5.57082E-3,6.03505E-3,6.49929E-3,6.96352E-3,7.42775E-3,7.89199E-3,8.35622E-3,8.82046E-3,9.28469E-3,26.1592E-6,52.3185E-6,78.4777E-6,104.637E-6,130.796E-6,156.955E-6,183.115E-6,209.274E-6,235.433E-6,261.592E-6,287.752E-6,313.911E-6,340.070E-6,366.229E-6,392.389E-6,418.548E-6,444.707E-6,470.866E-6,497.026E-6,523.185E-6
975.000E-3,481.495E-6,962.990E-6,1.44449E-3,1.92598E-3,2.40748E-3,2.88897E-3,3.37047E-3,3.85196E-3,4.33346E-3,4.81495E-3,5.29645E-3,5.77794E-3,6.25944E-3,6.74093E-3,7.22243E-3,7.70392E-3,8.18542E-3,8.66691E-3,9.14841E-3,9.62990E-3,30.3117E-6,60.6235E-6,90.9352E-6,121.247E-6,151.559E-6,181.870E-6,212.182E-6,242.494E-6,272.806E-6,303.117E-6,333.429E-6,363.741E-6,394.053E-6,424.364E-6,454.676E-6,484.988E-6,515.300E-6,545.611E-6,575.923E-6,606.235E-6
980.000E-3,498.845E-6,997.691E-6,1.49654E-3,1.99538E-3,2.49423E-3,2.99307E-3,3.49192E-3,3.99076E-3,4.48961E-3,4.98845E-3,5.48730E-3,5.98614E-3,6.48499E-3,6.98383E-3,7.48268E-3,7.98152E-3,8.48037E-3,8.97922E-3,9.47806E-3,9.97691E-3,35.0078E-6,70.0157E-6,105.024E-6,140.031E-6,175.039E-6,210.047E-6,245.055E-6,280.063E-6,315.071E-6,350.078E-6,385.086E-6,420.094E-6,455.102E-6,490.110E-6,525.118E-6,560.125E-6,595.133E-6,630.141E-6,665.149E-6,700.157E-6
985.000E-3,516.221E-6,1.03244E-3,1.54866E-3,2.06489E-3,2.58111E-3,3.09733E-3,3.61355E-3,4.12977E-3,4.64599E-3,5.16221E-3,5.67844E-3,6.19466E-3,6.71088E-3,7.22710E-3,7.74332E-3,8.25954E-3,8.77576E-3,9.29199E-3,9.80821E-3,10.3244E-3,40.2910E-6,80.5821E-6,120.873E-6,161.164E-6,201.455E-6,241.746E-6,282.037E-6,322.328E-6,362.619E-6,402.910E-6,443.201E-6,483.492E-6,523.783E-6,564.074E-6,604.365E-6,644.656E-6,684.947E-6,725.238E-6,765.529E-6,805.820E-6
990.000E-3,533.558E-6,1.06712E-3,1.60067E-3,2.13423E-3,2.66779E-3,3.20135E-3,3.73490E-3,4.26846E-3,4.80202E-3,5.33558E-3,5.86914E-3,6.40269E-3,6.93625E-3,7.46981E-3,8.00337E-3,8.53693E-3,9.07048E-3,9.60404E-3,10.1376E-3,10.6712E-3,46.2026E-6,92.4052E-6,138.608E-6,184.810E-6,231.013E-6,277.216E-6,323.418E-6,369.621E-6,415.824E-6,462.026E-6,508.229E-6,554.431E-6,600.634E-6,646.837E-6,693.039E-6,739.242E-6,785.444E-6,831.647E-6,877.850E-6,924.052E-6
995.000E-3,550.788E-6,1.10158E-3,1.65236E-3,2.20315E-3,2.75394E-3,3.30473E-3,3.85552E-3,4.40630E-3,4.95709E-3,5.50788E-3,6.05867E-3,6.60946E-3,7.16024E-3,7.71103E-3,8.26182E-3,8.81261E-3,9.36340E-3,9.91418E-3,10.4650E-3,11.0158E-3,52.7807E-6,105.561E-6,158.342E-6,211.123E-6,263.904E-6,316.684E-6,369.465E-6,422.246E-6,475.026E-6,527.807E-6,580.588E-6,633.368E-6,686.149E-6,738.930E-6,791.711E-6,844.491E-6,897.272E-6,950.053E-6,1.00283E-3,1.05561E-3
1.00000,567.846E-6,1.13569E-3,1.70354E-3,2.27138E-3,2.83923E-3,3.40708E-3,3.97492E-3,4.54277E-3,5.11061E-3,5.67846E-3,6.24631E-3,6.81415E-3,7.38200E-3,7.94984E-3,8.51769E-3,9.08554E-3,9.65338E-3,10.2212E-3,10.7891E-3,11.3569E-3,60.0592E-6,120.118E-6,180.178E-6,240.237E-6,300.296E-6,360.355E-6,420.415E-6,480.474E-6,540.533E-6,600.592E-6,660.651E-6,720.711E-6,780.770E-6,840.829E-6,900.888E-6,960.948E-6,1.02101E-3,1.08107E-3,1.14113E-3,1.20118E-3
