freq (Hz),output noise; A / sqrt(Hz) M 0.25  (A / sqrt(Hz)),output noise; A / sqrt(Hz) M 0.5  (A / sqrt(Hz)),output noise; A / sqrt(Hz) M 1  (A / sqrt(Hz)),output noise; A / sqrt(Hz) M 2  (A / sqrt(Hz)),output noise; A / sqrt(Hz) M 4  (A / sqrt(Hz))
1.00000,478.766E-12,385.489E-12,320.292E-12,291.349E-12,287.540E-12
1.02329,473.300E-12,381.107E-12,316.682E-12,288.117E-12,284.437E-12
1.04713,467.897E-12,376.776E-12,313.113E-12,284.925E-12,281.372E-12
1.07152,462.556E-12,372.494E-12,309.587E-12,281.769E-12,278.344E-12
1.09648,457.276E-12,368.262E-12,306.101E-12,278.651E-12,275.353E-12
1.12202,452.057E-12,364.079E-12,302.656E-12,275.570E-12,272.399E-12
1.14815,446.897E-12,359.944E-12,299.251E-12,272.526E-12,269.480E-12
1.17490,441.797E-12,355.857E-12,295.885E-12,269.518E-12,266.597E-12
1.20226,436.756E-12,351.816E-12,292.559E-12,266.545E-12,263.749E-12
1.23027,431.772E-12,347.823E-12,289.272E-12,263.607E-12,260.936E-12
1.25893,426.846E-12,343.875E-12,286.023E-12,260.705E-12,258.157E-12
1.28825,421.976E-12,339.974E-12,282.812E-12,257.837E-12,255.413E-12
1.31826,417.162E-12,336.117E-12,279.638E-12,255.003E-12,252.702E-12
1.34896,412.403E-12,332.304E-12,276.501E-12,252.203E-12,250.024E-12
1.38038,407.699E-12,328.536E-12,273.401E-12,249.436E-12,247.379E-12
1.41254,403.050E-12,324.812E-12,270.337E-12,246.702E-12,244.767E-12
1.44544,398.453E-12,321.130E-12,267.309E-12,244.001E-12,242.187E-12
1.47911,393.909E-12,317.491E-12,264.317E-12,241.332E-12,239.639E-12
1.51356,389.418E-12,313.894E-12,261.359E-12,238.695E-12,237.123E-12
1.54882,384.978E-12,310.338E-12,258.436E-12,236.089E-12,234.638E-12
1.58489,380.589E-12,306.824E-12,255.548E-12,233.515E-12,232.183E-12
1.62181,376.251E-12,303.351E-12,252.693E-12,230.972E-12,229.760E-12
1.65959,371.963E-12,299.917E-12,249.872E-12,228.459E-12,227.366E-12
1.69824,367.723E-12,296.524E-12,247.083E-12,225.976E-12,225.002E-12
1.73780,363.533E-12,293.169E-12,244.328E-12,223.524E-12,222.668E-12
1.77828,359.391E-12,289.854E-12,241.605E-12,221.101E-12,220.363E-12
1.81970,355.296E-12,286.577E-12,238.913E-12,218.707E-12,218.087E-12
1.86209,351.249E-12,283.338E-12,236.254E-12,216.342E-12,215.840E-12
1.90546,347.248E-12,280.136E-12,233.626E-12,214.005E-12,213.621E-12
1.94984,343.293E-12,276.972E-12,231.028E-12,211.697E-12,211.430E-12
1.99526,339.383E-12,273.844E-12,228.462E-12,209.417E-12,209.267E-12
2.04174,335.519E-12,270.752E-12,225.925E-12,207.164E-12,207.131E-12
2.08930,331.699E-12,267.697E-12,223.419E-12,204.939E-12,205.022E-12
2.13796,327.923E-12,264.677E-12,220.942E-12,202.741E-12,202.940E-12
2.18776,324.190E-12,261.692E-12,218.494E-12,200.570E-12,200.885E-12
2.23872,320.501E-12,258.741E-12,216.075E-12,198.425E-12,198.856E-12
2.29087,316.854E-12,255.825E-12,213.685E-12,196.306E-12,196.852E-12
2.34423,313.248E-12,252.943E-12,211.323E-12,194.213E-12,194.875E-12
2.39883,309.685E-12,250.095E-12,208.989E-12,192.146E-12,192.923E-12
2.45471,306.162E-12,247.279E-12,206.683E-12,190.104E-12,190.996E-12
2.51189,302.680E-12,244.496E-12,204.404E-12,188.087E-12,189.094E-12
2.57040,299.238E-12,241.746E-12,202.153E-12,186.095E-12,187.217E-12
2.63027,295.836E-12,239.028E-12,199.928E-12,184.128E-12,185.364E-12
2.69153,292.473E-12,236.341E-12,197.729E-12,182.185E-12,183.535E-12
2.75423,289.149E-12,233.686E-12,195.557E-12,180.265E-12,181.730E-12
2.81838,285.863E-12,231.062E-12,193.410E-12,178.370E-12,179.949E-12
2.88403,282.615E-12,228.468E-12,191.289E-12,176.498E-12,178.191E-12
2.95121,279.405E-12,225.905E-12,189.193E-12,174.649E-12,176.456E-12
3.01995,276.231E-12,223.371E-12,187.123E-12,172.823E-12,174.743E-12
3.09030,273.094E-12,220.867E-12,185.077E-12,171.020E-12,173.054E-12
3.16228,269.994E-12,218.393E-12,183.056E-12,169.240E-12,171.387E-12
3.23594,266.929E-12,215.947E-12,181.059E-12,167.481E-12,169.742E-12
3.31131,263.899E-12,213.530E-12,179.085E-12,165.745E-12,168.119E-12
3.38844,260.905E-12,211.141E-12,177.136E-12,164.030E-12,166.517E-12
3.46737,257.945E-12,208.780E-12,175.210E-12,162.337E-12,164.937E-12
3.54813,255.019E-12,206.447E-12,173.307E-12,160.666E-12,163.378E-12
3.63078,252.127E-12,204.141E-12,171.427E-12,159.015E-12,161.841E-12
3.71535,249.268E-12,201.862E-12,169.569E-12,157.385E-12,160.323E-12
3.80189,246.443E-12,199.610E-12,167.734E-12,155.776E-12,158.827E-12
3.89045,243.650E-12,197.385E-12,165.921E-12,154.187E-12,157.351E-12
3.98107,240.889E-12,195.185E-12,164.131E-12,152.619E-12,155.895E-12
4.07380,238.161E-12,193.012E-12,162.361E-12,151.070E-12,154.458E-12
4.16869,235.464E-12,190.863E-12,160.614E-12,149.541E-12,153.042E-12
4.26580,232.798E-12,188.741E-12,158.887E-12,148.032E-12,151.645E-12
4.36516,230.163E-12,186.643E-12,157.182E-12,146.542E-12,150.267E-12
4.46684,227.558E-12,184.570E-12,155.497E-12,145.071E-12,148.908E-12
4.57088,224.984E-12,182.521E-12,153.832E-12,143.619E-12,147.568E-12
4.67735,222.439E-12,180.497E-12,152.188E-12,142.186E-12,146.247E-12
4.78630,219.924E-12,178.496E-12,150.565E-12,140.771E-12,144.944E-12
4.89779,217.438E-12,176.519E-12,148.960E-12,139.375E-12,143.659E-12
5.01187,214.981E-12,174.566E-12,147.376E-12,137.997E-12,142.392E-12
5.12861,212.552E-12,172.635E-12,145.811E-12,136.636E-12,141.144E-12
5.24807,210.152E-12,170.728E-12,144.265E-12,135.294E-12,139.913E-12
5.37032,207.779E-12,168.843E-12,142.739E-12,133.969E-12,138.699E-12
5.49541,205.434E-12,166.980E-12,141.231E-12,132.661E-12,137.503E-12
5.62341,203.117E-12,165.140E-12,139.741E-12,131.371E-12,136.323E-12
5.75440,200.826E-12,163.321E-12,138.270E-12,130.098E-12,135.161E-12
5.88844,198.561E-12,161.524E-12,136.818E-12,128.841E-12,134.015E-12
6.02560,196.323E-12,159.748E-12,135.383E-12,127.601E-12,132.886E-12
6.16595,194.111E-12,157.994E-12,133.966E-12,126.378E-12,131.773E-12
6.30957,191.925E-12,156.260E-12,132.567E-12,125.171E-12,130.677E-12
6.45654,189.764E-12,154.547E-12,131.185E-12,123.980E-12,129.596E-12
6.60693,187.629E-12,152.855E-12,129.821E-12,122.805E-12,128.532E-12
6.76083,185.518E-12,151.183E-12,128.473E-12,121.645E-12,127.482E-12
6.91831,183.432E-12,149.530E-12,127.142E-12,120.502E-12,126.449E-12
7.07946,181.370E-12,147.898E-12,125.828E-12,119.373E-12,125.430E-12
7.24436,179.332E-12,146.285E-12,124.531E-12,118.260E-12,124.427E-12
7.41310,177.318E-12,144.691E-12,123.250E-12,117.163E-12,123.439E-12
7.58578,175.327E-12,143.117E-12,121.985E-12,116.080E-12,122.466E-12
7.76247,173.360E-12,141.561E-12,120.736E-12,115.012E-12,121.507E-12
7.94328,171.415E-12,140.024E-12,119.503E-12,113.958E-12,120.562E-12
8.12831,169.493E-12,138.506E-12,118.285E-12,112.919E-12,119.632E-12
8.31764,167.594E-12,137.006E-12,117.083E-12,111.895E-12,118.716E-12
8.51138,165.717E-12,135.524E-12,115.897E-12,110.884E-12,117.814E-12
8.70964,163.862E-12,134.060E-12,114.725E-12,109.888E-12,116.926E-12
8.91251,162.029E-12,132.614E-12,113.569E-12,108.906E-12,116.052E-12
9.12011,160.217E-12,131.185E-12,112.427E-12,107.937E-12,115.191E-12
9.33254,158.426E-12,129.774E-12,111.300E-12,106.982E-12,114.343E-12
9.54993,156.656E-12,128.379E-12,110.187E-12,106.040E-12,113.508E-12
9.77237,154.907E-12,127.002E-12,109.089E-12,105.111E-12,112.687E-12
10.0000,153.179E-12,125.641E-12,108.005E-12,104.196E-12,111.878E-12
10.2329,151.471E-12,124.297E-12,106.935E-12,103.294E-12,111.082E-12
10.4713,149.783E-12,122.970E-12,105.880E-12,102.404E-12,110.299E-12
10.7152,148.114E-12,121.658E-12,104.837E-12,101.527E-12,109.528E-12
10.9648,146.466E-12,120.363E-12,103.809E-12,100.663E-12,108.769E-12
11.2202,144.836E-12,119.084E-12,102.794E-12,99.8113E-12,108.023E-12
11.4815,143.226E-12,117.820E-12,101.792E-12,98.9719E-12,107.288E-12
11.7490,141.635E-12,116.572E-12,100.803E-12,98.1446E-12,106.566E-12
12.0226,140.063E-12,115.339E-12,99.8277E-12,97.3293E-12,105.855E-12
12.3027,138.509E-12,114.121E-12,98.8650E-12,96.5260E-12,105.155E-12
12.5893,136.974E-12,112.919E-12,97.9151E-12,95.7345E-12,104.467E-12
12.8825,135.456E-12,111.731E-12,96.9779E-12,94.9545E-12,103.790E-12
13.1826,133.957E-12,110.558E-12,96.0531E-12,94.1861E-12,103.124E-12
13.4896,132.475E-12,109.399E-12,95.1408E-12,93.4291E-12,102.470E-12
13.8038,131.011E-12,108.255E-12,94.2406E-12,92.6834E-12,101.826E-12
14.1254,129.564E-12,107.125E-12,93.3526E-12,91.9487E-12,101.193E-12
14.4544,128.135E-12,106.009E-12,92.4765E-12,91.2251E-12,100.570E-12
14.7911,126.722E-12,104.908E-12,91.6123E-12,90.5124E-12,99.9577E-12
15.1356,125.326E-12,103.820E-12,90.7598E-12,89.8104E-12,99.3558E-12
15.4882,123.947E-12,102.745E-12,89.9189E-12,89.1191E-12,98.7640E-12
15.8489,122.584E-12,101.684E-12,89.0895E-12,88.4382E-12,98.1823E-12
16.2181,121.238E-12,100.637E-12,88.2714E-12,87.7678E-12,97.6104E-12
16.5959,119.907E-12,99.6022E-12,87.4646E-12,87.1076E-12,97.0483E-12
16.9824,118.592E-12,98.5809E-12,86.6688E-12,86.4576E-12,96.4958E-12
17.3780,117.293E-12,97.5725E-12,85.8841E-12,85.8177E-12,95.9529E-12
17.7828,116.010E-12,96.5768E-12,85.1102E-12,85.1877E-12,95.4193E-12
18.1970,114.741E-12,95.5938E-12,84.3471E-12,84.5674E-12,94.8949E-12
18.6209,113.488E-12,94.6234E-12,83.5946E-12,83.9569E-12,94.3797E-12
19.0546,112.250E-12,93.6653E-12,82.8527E-12,83.3559E-12,93.8735E-12
19.4984,111.027E-12,92.7194E-12,82.1211E-12,82.7644E-12,93.3761E-12
19.9526,109.819E-12,91.7857E-12,81.3999E-12,82.1823E-12,92.8875E-12
20.4174,108.625E-12,90.8639E-12,80.6888E-12,81.6094E-12,92.4076E-12
20.8930,107.445E-12,89.9540E-12,79.9879E-12,81.0456E-12,91.9361E-12
21.3796,106.280E-12,89.0559E-12,79.2969E-12,80.4909E-12,91.4730E-12
21.8776,105.128E-12,88.1693E-12,78.6157E-12,79.9450E-12,91.0182E-12
22.3872,103.991E-12,87.2942E-12,77.9444E-12,79.4080E-12,90.5715E-12
22.9087,102.867E-12,86.4305E-12,77.2826E-12,78.8796E-12,90.1328E-12
23.4423,101.757E-12,85.5780E-12,76.6304E-12,78.3598E-12,89.7021E-12
23.9883,100.660E-12,84.7367E-12,75.9877E-12,77.8485E-12,89.2792E-12
24.5471,99.5771E-12,83.9063E-12,75.3543E-12,77.3456E-12,88.8639E-12
25.1189,98.5068E-12,83.0868E-12,74.7301E-12,76.8510E-12,88.4562E-12
25.7040,97.4496E-12,82.2781E-12,74.1150E-12,76.3645E-12,88.0560E-12
26.3027,96.4052E-12,81.4801E-12,73.5090E-12,75.8861E-12,87.6631E-12
26.9153,95.3736E-12,80.6926E-12,72.9119E-12,75.4156E-12,87.2774E-12
27.5423,94.3545E-12,79.9155E-12,72.3236E-12,74.9530E-12,86.8989E-12
28.1838,93.3479E-12,79.1487E-12,71.7441E-12,74.4981E-12,86.5274E-12
28.8403,92.3536E-12,78.3922E-12,71.1732E-12,74.0509E-12,86.1628E-12
29.5121,91.3715E-12,77.6457E-12,70.6108E-12,73.6113E-12,85.8050E-12
30.1995,90.4015E-12,76.9092E-12,70.0569E-12,73.1791E-12,85.4539E-12
30.9030,89.4433E-12,76.1827E-12,69.5113E-12,72.7542E-12,85.1094E-12
31.6228,88.4970E-12,75.4659E-12,68.9739E-12,72.3367E-12,84.7714E-12
32.3594,87.5623E-12,74.7587E-12,68.4448E-12,71.9263E-12,84.4397E-12
33.1131,86.6391E-12,74.0612E-12,67.9236E-12,71.5229E-12,84.1144E-12
33.8844,85.7273E-12,73.3731E-12,67.4105E-12,71.1265E-12,83.7952E-12
34.6737,84.8269E-12,72.6944E-12,66.9052E-12,70.7370E-12,83.4822E-12
35.4813,83.9376E-12,72.0250E-12,66.4077E-12,70.3543E-12,83.1751E-12
36.3078,83.0593E-12,71.3647E-12,65.9180E-12,69.9783E-12,82.8739E-12
37.1535,82.1920E-12,70.7135E-12,65.4358E-12,69.6089E-12,82.5785E-12
38.0189,81.3355E-12,70.0713E-12,64.9611E-12,69.2460E-12,82.2888E-12
38.9045,80.4896E-12,69.4380E-12,64.4939E-12,68.8895E-12,82.0047E-12
39.8107,79.6544E-12,68.8134E-12,64.0340E-12,68.5393E-12,81.7261E-12
40.7380,78.8296E-12,68.1976E-12,63.5814E-12,68.1953E-12,81.4529E-12
41.6869,78.0152E-12,67.5903E-12,63.1359E-12,67.8575E-12,81.1851E-12
42.6580,77.2110E-12,66.9916E-12,62.6975E-12,67.5258E-12,80.9225E-12
43.6516,76.4169E-12,66.4012E-12,62.2661E-12,67.2000E-12,80.6651E-12
44.6684,75.6328E-12,65.8192E-12,61.8417E-12,66.8801E-12,80.4127E-12
45.7088,74.8587E-12,65.2454E-12,61.4240E-12,66.5660E-12,80.1653E-12
46.7735,74.0944E-12,64.6798E-12,61.0131E-12,66.2576E-12,79.9228E-12
47.8630,73.3398E-12,64.1222E-12,60.6089E-12,65.9548E-12,79.6851E-12
48.9779,72.5947E-12,63.5726E-12,60.2112E-12,65.6576E-12,79.4521E-12
50.1187,71.8592E-12,63.0309E-12,59.8201E-12,65.3659E-12,79.2238E-12
51.2861,71.1331E-12,62.4969E-12,59.4353E-12,65.0795E-12,79.0000E-12
52.4807,70.4162E-12,61.9707E-12,59.0569E-12,64.7984E-12,78.7807E-12
53.7032,69.7086E-12,61.4521E-12,58.6847E-12,64.5225E-12,78.5658E-12
54.9541,69.0100E-12,60.9410E-12,58.3188E-12,64.2518E-12,78.3552E-12
56.2341,68.3205E-12,60.4374E-12,57.9589E-12,63.9861E-12,78.1489E-12
57.5440,67.6399E-12,59.9412E-12,57.6050E-12,63.7254E-12,77.9467E-12
58.8844,66.9680E-12,59.4522E-12,57.2571E-12,63.4696E-12,77.7487E-12
60.2560,66.3049E-12,58.9705E-12,56.9151E-12,63.2186E-12,77.5546E-12
61.6595,65.6504E-12,58.4959E-12,56.5788E-12,62.9724E-12,77.3645E-12
63.0957,65.0045E-12,58.0284E-12,56.2483E-12,62.7308E-12,77.1783E-12
64.5654,64.3670E-12,57.5678E-12,55.9233E-12,62.4939E-12,76.9959E-12
66.0693,63.7378E-12,57.1141E-12,55.6040E-12,62.2614E-12,76.8172E-12
67.6083,63.1169E-12,56.6673E-12,55.2901E-12,62.0334E-12,76.6422E-12
69.1831,62.5042E-12,56.2272E-12,54.9817E-12,61.8098E-12,76.4707E-12
70.7946,61.8995E-12,55.7937E-12,54.6786E-12,61.5905E-12,76.3028E-12
72.4436,61.3029E-12,55.3669E-12,54.3807E-12,61.3754E-12,76.1384E-12
74.1310,60.7142E-12,54.9465E-12,54.0881E-12,61.1645E-12,75.9774E-12
75.8578,60.1333E-12,54.5326E-12,53.8006E-12,60.9577E-12,75.8197E-12
77.6247,59.5601E-12,54.1251E-12,53.5181E-12,60.7549E-12,75.6653E-12
79.4328,58.9947E-12,53.7238E-12,53.2406E-12,60.5561E-12,75.5140E-12
81.2831,58.4368E-12,53.3288E-12,52.9680E-12,60.3612E-12,75.3660E-12
83.1764,57.8864E-12,52.9399E-12,52.7003E-12,60.1701E-12,75.2210E-12
85.1138,57.3434E-12,52.5571E-12,52.4373E-12,59.9827E-12,75.0791E-12
87.0964,56.8078E-12,52.1803E-12,52.1791E-12,59.7991E-12,74.9401E-12
89.1251,56.2795E-12,51.8094E-12,51.9254E-12,59.6190E-12,74.8040E-12
91.2011,55.7583E-12,51.4443E-12,51.6764E-12,59.4426E-12,74.6708E-12
93.3254,55.2443E-12,51.0851E-12,51.4319E-12,59.2697E-12,74.5404E-12
95.4993,54.7373E-12,50.7316E-12,51.1917E-12,59.1002E-12,74.4128E-12
97.7237,54.2373E-12,50.3837E-12,50.9560E-12,58.9341E-12,74.2878E-12
100.000,53.7441E-12,50.0414E-12,50.7246E-12,58.7713E-12,74.1655E-12
102.329,53.2578E-12,49.7047E-12,50.4974E-12,58.6118E-12,74.0457E-12
104.713,52.7782E-12,49.3733E-12,50.2744E-12,58.4555E-12,73.9285E-12
107.152,52.3053E-12,49.0474E-12,50.0555E-12,58.3024E-12,73.8138E-12
109.648,51.8389E-12,48.7267E-12,49.8407E-12,58.1523E-12,73.7016E-12
112.202,51.3791E-12,48.4114E-12,49.6298E-12,58.0053E-12,73.5917E-12
114.815,50.9258E-12,48.1012E-12,49.4229E-12,57.8613E-12,73.4842E-12
117.490,50.4788E-12,47.7961E-12,49.2199E-12,57.7202E-12,73.3789E-12
120.226,50.0382E-12,47.4960E-12,49.0207E-12,57.5820E-12,73.2759E-12
123.027,49.6038E-12,47.2010E-12,48.8252E-12,57.4466E-12,73.1752E-12
125.893,49.1755E-12,46.9108E-12,48.6334E-12,57.3140E-12,73.0765E-12
128.825,48.7534E-12,46.6256E-12,48.4452E-12,57.1841E-12,72.9800E-12
131.826,48.3374E-12,46.3451E-12,48.2606E-12,57.0569E-12,72.8856E-12
134.896,47.9273E-12,46.0694E-12,48.0796E-12,56.9323E-12,72.7932E-12
138.038,47.5232E-12,45.7983E-12,47.9020E-12,56.8103E-12,72.7028E-12
141.254,47.1249E-12,45.5319E-12,47.7278E-12,56.6908E-12,72.6143E-12
144.544,46.7323E-12,45.2700E-12,47.5569E-12,56.5738E-12,72.5278E-12
147.911,46.3455E-12,45.0125E-12,47.3893E-12,56.4592E-12,72.4431E-12
151.356,45.9644E-12,44.7596E-12,47.2250E-12,56.3470E-12,72.3602E-12
154.882,45.5889E-12,44.5109E-12,47.0639E-12,56.2371E-12,72.2792E-12
158.489,45.2189E-12,44.2666E-12,46.9059E-12,56.1295E-12,72.1999E-12
162.181,44.8543E-12,44.0266E-12,46.7510E-12,56.0242E-12,72.1223E-12
165.959,44.4952E-12,43.7907E-12,46.5991E-12,55.9210E-12,72.0464E-12
169.824,44.1414E-12,43.5590E-12,46.4501E-12,55.8201E-12,71.9721E-12
173.780,43.7930E-12,43.3314E-12,46.3042E-12,55.7212E-12,71.8995E-12
177.828,43.4497E-12,43.1077E-12,46.1611E-12,55.6245E-12,71.8285E-12
181.970,43.1117E-12,42.8881E-12,46.0208E-12,55.5298E-12,71.7590E-12
186.209,42.7787E-12,42.6723E-12,45.8833E-12,55.4370E-12,71.6910E-12
190.546,42.4508E-12,42.4604E-12,45.7485E-12,55.3463E-12,71.6245E-12
194.984,42.1279E-12,42.2523E-12,45.6164E-12,55.2574E-12,71.5594E-12
199.526,41.8099E-12,42.0479E-12,45.4869E-12,55.1705E-12,71.4958E-12
204.174,41.4969E-12,41.8473E-12,45.3601E-12,55.0854E-12,71.4336E-12
208.930,41.1886E-12,41.6502E-12,45.2358E-12,55.0021E-12,71.3727E-12
213.796,40.8851E-12,41.4567E-12,45.1139E-12,54.9206E-12,71.3132E-12
218.776,40.5864E-12,41.2668E-12,44.9946E-12,54.8408E-12,71.2550E-12
223.872,40.2923E-12,41.0804E-12,44.8776E-12,54.7627E-12,71.1981E-12
229.087,40.0028E-12,40.8973E-12,44.7630E-12,54.6863E-12,71.1424E-12
234.423,39.7178E-12,40.7177E-12,44.6508E-12,54.6115E-12,71.0879E-12
239.883,39.4374E-12,40.5413E-12,44.5408E-12,54.5383E-12,71.0346E-12
245.471,39.1614E-12,40.3682E-12,44.4330E-12,54.4667E-12,70.9825E-12
251.189,38.8898E-12,40.1984E-12,44.3275E-12,54.3967E-12,70.9316E-12
257.040,38.6225E-12,40.0317E-12,44.2241E-12,54.3281E-12,70.8818E-12
263.027,38.3595E-12,39.8681E-12,44.1228E-12,54.2610E-12,70.8331E-12
269.153,38.1008E-12,39.7076E-12,44.0237E-12,54.1954E-12,70.7854E-12
275.423,37.8462E-12,39.5502E-12,43.9265E-12,54.1312E-12,70.7389E-12
281.838,37.5957E-12,39.3957E-12,43.8314E-12,54.0683E-12,70.6933E-12
288.403,37.3494E-12,39.2441E-12,43.7382E-12,54.0069E-12,70.6488E-12
295.121,37.1070E-12,39.0954E-12,43.6470E-12,53.9467E-12,70.6052E-12
301.995,36.8687E-12,38.9496E-12,43.5576E-12,53.8879E-12,70.5626E-12
309.030,36.6342E-12,38.8065E-12,43.4701E-12,53.8304E-12,70.5209E-12
316.228,36.4037E-12,38.6662E-12,43.3844E-12,53.7741E-12,70.4802E-12
323.594,36.1769E-12,38.5286E-12,43.3005E-12,53.7190E-12,70.4404E-12
331.131,35.9540E-12,38.3937E-12,43.2184E-12,53.6651E-12,70.4015E-12
338.844,35.7348E-12,38.2613E-12,43.1380E-12,53.6124E-12,70.3634E-12
346.737,35.5192E-12,38.1316E-12,43.0592E-12,53.5608E-12,70.3262E-12
354.813,35.3073E-12,38.0043E-12,42.9822E-12,53.5104E-12,70.2898E-12
363.078,35.0990E-12,37.8795E-12,42.9067E-12,53.4611E-12,70.2542E-12
371.535,34.8942E-12,37.7572E-12,42.8328E-12,53.4128E-12,70.2194E-12
380.189,34.6930E-12,37.6373E-12,42.7605E-12,53.3656E-12,70.1854E-12
389.045,34.4951E-12,37.5197E-12,42.6897E-12,53.3195E-12,70.1521E-12
398.107,34.3007E-12,37.4045E-12,42.6205E-12,53.2743E-12,70.1196E-12
407.380,34.1096E-12,37.2915E-12,42.5526E-12,53.2302E-12,70.0878E-12
416.869,33.9219E-12,37.1808E-12,42.4863E-12,53.1870E-12,70.0567E-12
426.580,33.7374E-12,37.0723E-12,42.4213E-12,53.1447E-12,70.0263E-12
436.516,33.5561E-12,36.9659E-12,42.3577E-12,53.1034E-12,69.9966E-12
446.684,33.3780E-12,36.8617E-12,42.2955E-12,53.0630E-12,69.9676E-12
457.088,33.2030E-12,36.7595E-12,42.2346E-12,53.0235E-12,69.9392E-12
467.735,33.0311E-12,36.6594E-12,42.1750E-12,52.9849E-12,69.9114E-12
478.630,32.8623E-12,36.5614E-12,42.1166E-12,52.9471E-12,69.8843E-12
489.779,32.6964E-12,36.4653E-12,42.0596E-12,52.9101E-12,69.8578E-12
501.187,32.5335E-12,36.3711E-12,42.0037E-12,52.8740E-12,69.8318E-12
512.861,32.3736E-12,36.2788E-12,41.9491E-12,52.8387E-12,69.8065E-12
524.807,32.2165E-12,36.1885E-12,41.8956E-12,52.8041E-12,69.7817E-12
537.032,32.0622E-12,36.0999E-12,41.8433E-12,52.7703E-12,69.7574E-12
549.541,31.9107E-12,36.0132E-12,41.7921E-12,52.7373E-12,69.7338E-12
562.341,31.7620E-12,35.9282E-12,41.7420E-12,52.7049E-12,69.7106E-12
575.440,31.6160E-12,35.8450E-12,41.6929E-12,52.6734E-12,69.6880E-12
588.844,31.4727E-12,35.7634E-12,41.6450E-12,52.6425E-12,69.6658E-12
602.560,31.3319E-12,35.6836E-12,41.5981E-12,52.6122E-12,69.6442E-12
616.595,31.1938E-12,35.6054E-12,41.5522E-12,52.5827E-12,69.6231E-12
630.957,31.0582E-12,35.5288E-12,41.5073E-12,52.5538E-12,69.6024E-12
645.654,30.9252E-12,35.4538E-12,41.4634E-12,52.5256E-12,69.5822E-12
660.693,30.7946E-12,35.3804E-12,41.4204E-12,52.4980E-12,69.5624E-12
676.083,30.6664E-12,35.3084E-12,41.3784E-12,52.4710E-12,69.5431E-12
691.831,30.5407E-12,35.2380E-12,41.3372E-12,52.4446E-12,69.5242E-12
707.946,30.4173E-12,35.1690E-12,41.2970E-12,52.4188E-12,69.5058E-12
724.436,30.2962E-12,35.1015E-12,41.2577E-12,52.3935E-12,69.4878E-12
741.310,30.1774E-12,35.0354E-12,41.2192E-12,52.3689E-12,69.4701E-12
758.578,30.0609E-12,34.9707E-12,41.1815E-12,52.3448E-12,69.4529E-12
776.247,29.9466E-12,34.9073E-12,41.1447E-12,52.3212E-12,69.4361E-12
794.328,29.8344E-12,34.8453E-12,41.1087E-12,52.2981E-12,69.4196E-12
812.831,29.7244E-12,34.7845E-12,41.0735E-12,52.2756E-12,69.4035E-12
831.764,29.6165E-12,34.7251E-12,41.0390E-12,52.2535E-12,69.3878E-12
851.138,29.5107E-12,34.6669E-12,41.0053E-12,52.2320E-12,69.3724E-12
870.964,29.4070E-12,34.6099E-12,40.9723E-12,52.2109E-12,69.3574E-12
891.251,29.3052E-12,34.5541E-12,40.9401E-12,52.1903E-12,69.3427E-12
912.011,29.2054E-12,34.4996E-12,40.9086E-12,52.1702E-12,69.3283E-12
933.254,29.1076E-12,34.4461E-12,40.8778E-12,52.1505E-12,69.3143E-12
954.993,29.0116E-12,34.3938E-12,40.8476E-12,52.1313E-12,69.3006E-12
977.237,28.9175E-12,34.3427E-12,40.8181E-12,52.1125E-12,69.2872E-12
1.00000E3,28.8253E-12,34.2926E-12,40.7893E-12,52.0941E-12,69.2741E-12
1.02329E3,28.7349E-12,34.2436E-12,40.7611E-12,52.0761E-12,69.2612E-12
1.04713E3,28.6463E-12,34.1956E-12,40.7335E-12,52.0586E-12,69.2487E-12
1.07152E3,28.5594E-12,34.1487E-12,40.7066E-12,52.0414E-12,69.2365E-12
1.09648E3,28.4743E-12,34.1027E-12,40.6802E-12,52.0246E-12,69.2245E-12
1.12202E3,28.3908E-12,34.0578E-12,40.6544E-12,52.0082E-12,69.2128E-12
1.14815E3,28.3090E-12,34.0138E-12,40.6292E-12,51.9921E-12,69.2014E-12
1.17490E3,28.2288E-12,33.9708E-12,40.6045E-12,51.9765E-12,69.1902E-12
1.20226E3,28.1503E-12,33.9287E-12,40.5804E-12,51.9611E-12,69.1793E-12
1.23027E3,28.0733E-12,33.8875E-12,40.5568E-12,51.9461E-12,69.1687E-12
1.25893E3,27.9979E-12,33.8472E-12,40.5338E-12,51.9315E-12,69.1582E-12
1.28825E3,27.9239E-12,33.8077E-12,40.5113E-12,51.9172E-12,69.1480E-12
1.31826E3,27.8515E-12,33.7691E-12,40.4892E-12,51.9032E-12,69.1381E-12
1.34896E3,27.7806E-12,33.7314E-12,40.4677E-12,51.8895E-12,69.1283E-12
1.38038E3,27.7110E-12,33.6944E-12,40.4466E-12,51.8761E-12,69.1188E-12
1.41254E3,27.6429E-12,33.6583E-12,40.4260E-12,51.8630E-12,69.1095E-12
1.44544E3,27.5762E-12,33.6230E-12,40.4059E-12,51.8503E-12,69.1004E-12
1.47911E3,27.5109E-12,33.5884E-12,40.3862E-12,51.8378E-12,69.0916E-12
1.51356E3,27.4468E-12,33.5546E-12,40.3669E-12,51.8255E-12,69.0829E-12
1.54882E3,27.3841E-12,33.5215E-12,40.3481E-12,51.8136E-12,69.0744E-12
1.58489E3,27.3227E-12,33.4891E-12,40.3297E-12,51.8019E-12,69.0661E-12
1.62181E3,27.2626E-12,33.4575E-12,40.3117E-12,51.7905E-12,69.0580E-12
1.65959E3,27.2037E-12,33.4265E-12,40.2941E-12,51.7794E-12,69.0501E-12
1.69824E3,27.1460E-12,33.3962E-12,40.2769E-12,51.7685E-12,69.0423E-12
1.73780E3,27.0895E-12,33.3666E-12,40.2601E-12,51.7579E-12,69.0348E-12
1.77828E3,27.0341E-12,33.3376E-12,40.2437E-12,51.7474E-12,69.0274E-12
1.81970E3,26.9800E-12,33.3092E-12,40.2276E-12,51.7373E-12,69.0201E-12
1.86209E3,26.9269E-12,33.2815E-12,40.2119E-12,51.7273E-12,69.0131E-12
1.90546E3,26.8750E-12,33.2544E-12,40.1965E-12,51.7176E-12,69.0062E-12
1.94984E3,26.8241E-12,33.2279E-12,40.1815E-12,51.7081E-12,68.9994E-12
1.99526E3,26.7743E-12,33.2020E-12,40.1668E-12,51.6988E-12,68.9928E-12
2.04174E3,26.7256E-12,33.1766E-12,40.1525E-12,51.6897E-12,68.9864E-12
2.08930E3,26.6778E-12,33.1518E-12,40.1385E-12,51.6809E-12,68.9801E-12
2.13796E3,26.6311E-12,33.1275E-12,40.1247E-12,51.6722E-12,68.9739E-12
2.18776E3,26.5854E-12,33.1038E-12,40.1113E-12,51.6637E-12,68.9679E-12
2.23872E3,26.5406E-12,33.0806E-12,40.0982E-12,51.6554E-12,68.9620E-12
2.29087E3,26.4968E-12,33.0579E-12,40.0854E-12,51.6473E-12,68.9563E-12
2.34423E3,26.4539E-12,33.0357E-12,40.0729E-12,51.6394E-12,68.9506E-12
2.39883E3,26.4119E-12,33.0140E-12,40.0607E-12,51.6317E-12,68.9452E-12
2.45471E3,26.3708E-12,32.9928E-12,40.0487E-12,51.6241E-12,68.9398E-12
2.51189E3,26.3305E-12,32.9721E-12,40.0370E-12,51.6168E-12,68.9346E-12
2.57040E3,26.2912E-12,32.9518E-12,40.0256E-12,51.6095E-12,68.9294E-12
2.63027E3,26.2526E-12,32.9320E-12,40.0144E-12,51.6025E-12,68.9244E-12
2.69153E3,26.2149E-12,32.9126E-12,40.0035E-12,51.5956E-12,68.9195E-12
2.75423E3,26.1780E-12,32.8936E-12,39.9928E-12,51.5888E-12,68.9147E-12
2.81838E3,26.1419E-12,32.8751E-12,39.9823E-12,51.5822E-12,68.9101E-12
2.88403E3,26.1066E-12,32.8569E-12,39.9721E-12,51.5758E-12,68.9055E-12
2.95121E3,26.0720E-12,32.8392E-12,39.9622E-12,51.5695E-12,68.9010E-12
3.01995E3,26.0382E-12,32.8219E-12,39.9524E-12,51.5634E-12,68.8967E-12
3.09030E3,26.0051E-12,32.8049E-12,39.9429E-12,51.5573E-12,68.8924E-12
3.16228E3,25.9727E-12,32.7883E-12,39.9336E-12,51.5515E-12,68.8882E-12
3.23594E3,25.9410E-12,32.7721E-12,39.9244E-12,51.5457E-12,68.8842E-12
3.31131E3,25.9099E-12,32.7563E-12,39.9155E-12,51.5401E-12,68.8802E-12
3.38844E3,25.8796E-12,32.7408E-12,39.9068E-12,51.5346E-12,68.8763E-12
3.46737E3,25.8499E-12,32.7257E-12,39.8983E-12,51.5293E-12,68.8725E-12
3.54813E3,25.8209E-12,32.7109E-12,39.8900E-12,51.5240E-12,68.8688E-12
3.63078E3,25.7924E-12,32.6964E-12,39.8819E-12,51.5189E-12,68.8651E-12
3.71535E3,25.7646E-12,32.6822E-12,39.8740E-12,51.5139E-12,68.8616E-12
3.80189E3,25.7375E-12,32.6684E-12,39.8662E-12,51.5090E-12,68.8581E-12
3.89045E3,25.7108E-12,32.6549E-12,39.8586E-12,51.5042E-12,68.8547E-12
3.98107E3,25.6848E-12,32.6416E-12,39.8512E-12,51.4996E-12,68.8514E-12
4.07380E3,25.6594E-12,32.6287E-12,39.8440E-12,51.4950E-12,68.8482E-12
4.16869E3,25.6345E-12,32.6161E-12,39.8369E-12,51.4905E-12,68.8450E-12
4.26580E3,25.6101E-12,32.6037E-12,39.8299E-12,51.4862E-12,68.8419E-12
4.36516E3,25.5863E-12,32.5916E-12,39.8232E-12,51.4819E-12,68.8389E-12
4.46684E3,25.5630E-12,32.5798E-12,39.8166E-12,51.4777E-12,68.8360E-12
4.57088E3,25.5402E-12,32.5683E-12,39.8101E-12,51.4737E-12,68.8331E-12
4.67735E3,25.5179E-12,32.5570E-12,39.8038E-12,51.4697E-12,68.8303E-12
4.78630E3,25.4961E-12,32.5460E-12,39.7976E-12,51.4658E-12,68.8275E-12
4.89779E3,25.4747E-12,32.5352E-12,39.7916E-12,51.4620E-12,68.8248E-12
5.01187E3,25.4539E-12,32.5247E-12,39.7857E-12,51.4583E-12,68.8222E-12
5.12861E3,25.4335E-12,32.5143E-12,39.7799E-12,51.4547E-12,68.8196E-12
5.24807E3,25.4135E-12,32.5043E-12,39.7743E-12,51.4511E-12,68.8171E-12
5.37032E3,25.3940E-12,32.4944E-12,39.7688E-12,51.4476E-12,68.8146E-12
5.49541E3,25.3749E-12,32.4848E-12,39.7634E-12,51.4443E-12,68.8122E-12
5.62341E3,25.3562E-12,32.4754E-12,39.7581E-12,51.4409E-12,68.8099E-12
5.75440E3,25.3380E-12,32.4662E-12,39.7530E-12,51.4377E-12,68.8076E-12
5.88844E3,25.3201E-12,32.4572E-12,39.7479E-12,51.4345E-12,68.8053E-12
6.02560E3,25.3027E-12,32.4484E-12,39.7430E-12,51.4315E-12,68.8032E-12
6.16595E3,25.2856E-12,32.4398E-12,39.7382E-12,51.4284E-12,68.8010E-12
6.30957E3,25.2689E-12,32.4314E-12,39.7335E-12,51.4255E-12,68.7989E-12
6.45654E3,25.2526E-12,32.4232E-12,39.7289E-12,51.4226E-12,68.7969E-12
6.60693E3,25.2366E-12,32.4152E-12,39.7245E-12,51.4198E-12,68.7949E-12
6.76083E3,25.2210E-12,32.4073E-12,39.7201E-12,51.4170E-12,68.7929E-12
6.91831E3,25.2057E-12,32.3997E-12,39.7158E-12,51.4143E-12,68.7910E-12
7.07946E3,25.1908E-12,32.3922E-12,39.7116E-12,51.4117E-12,68.7892E-12
7.24436E3,25.1762E-12,32.3849E-12,39.7075E-12,51.4091E-12,68.7873E-12
7.41310E3,25.1620E-12,32.3777E-12,39.7035E-12,51.4066E-12,68.7856E-12
7.58578E3,25.1480E-12,32.3707E-12,39.6996E-12,51.4042E-12,68.7838E-12
7.76247E3,25.1344E-12,32.3639E-12,39.6958E-12,51.4017E-12,68.7821E-12
7.94328E3,25.1210E-12,32.3572E-12,39.6921E-12,51.3994E-12,68.7805E-12
8.12831E3,25.1080E-12,32.3506E-12,39.6884E-12,51.3971E-12,68.7788E-12
8.31764E3,25.0952E-12,32.3443E-12,39.6849E-12,51.3949E-12,68.7772E-12
8.51138E3,25.0828E-12,32.3380E-12,39.6814E-12,51.3927E-12,68.7757E-12
8.70964E3,25.0706E-12,32.3319E-12,39.6780E-12,51.3905E-12,68.7742E-12
8.91251E3,25.0586E-12,32.3259E-12,39.6746E-12,51.3884E-12,68.7727E-12
9.12011E3,25.0470E-12,32.3201E-12,39.6714E-12,51.3864E-12,68.7712E-12
9.33254E3,25.0356E-12,32.3144E-12,39.6682E-12,51.3844E-12,68.7698E-12
9.54993E3,25.0245E-12,32.3088E-12,39.6651E-12,51.3825E-12,68.7685E-12
9.77237E3,25.0136E-12,32.3034E-12,39.6621E-12,51.3805E-12,68.7671E-12
10.0000E3,25.0029E-12,32.2981E-12,39.6591E-12,51.3787E-12,68.7658E-12
10.2329E3,24.9925E-12,32.2929E-12,39.6562E-12,51.3769E-12,68.7645E-12
10.4713E3,24.9823E-12,32.2878E-12,39.6534E-12,51.3751E-12,68.7632E-12
10.7152E3,24.9724E-12,32.2828E-12,39.6506E-12,51.3733E-12,68.7620E-12
10.9648E3,24.9627E-12,32.2780E-12,39.6479E-12,51.3716E-12,68.7608E-12
11.2202E3,24.9532E-12,32.2732E-12,39.6453E-12,51.3700E-12,68.7596E-12
11.4815E3,24.9439E-12,32.2686E-12,39.6427E-12,51.3684E-12,68.7585E-12
11.7490E3,24.9348E-12,32.2640E-12,39.6401E-12,51.3668E-12,68.7573E-12
12.0226E3,24.9259E-12,32.2596E-12,39.6377E-12,51.3652E-12,68.7562E-12
12.3027E3,24.9172E-12,32.2553E-12,39.6353E-12,51.3637E-12,68.7552E-12
12.5893E3,24.9087E-12,32.2511E-12,39.6329E-12,51.3622E-12,68.7541E-12
12.8825E3,24.9004E-12,32.2469E-12,39.6306E-12,51.3608E-12,68.7531E-12
13.1826E3,24.8923E-12,32.2429E-12,39.6283E-12,51.3594E-12,68.7521E-12
13.4896E3,24.8844E-12,32.2389E-12,39.6261E-12,51.3580E-12,68.7511E-12
13.8038E3,24.8766E-12,32.2351E-12,39.6240E-12,51.3566E-12,68.7502E-12
14.1254E3,24.8690E-12,32.2313E-12,39.6219E-12,51.3553E-12,68.7492E-12
14.4544E3,24.8616E-12,32.2276E-12,39.6198E-12,51.3540E-12,68.7483E-12
14.7911E3,24.8544E-12,32.2240E-12,39.6178E-12,51.3527E-12,68.7474E-12
15.1356E3,24.8473E-12,32.2205E-12,39.6159E-12,51.3515E-12,68.7465E-12
15.4882E3,24.8404E-12,32.2170E-12,39.6139E-12,51.3503E-12,68.7457E-12
15.8489E3,24.8336E-12,32.2137E-12,39.6121E-12,51.3491E-12,68.7449E-12
16.2181E3,24.8270E-12,32.2104E-12,39.6102E-12,51.3480E-12,68.7440E-12
16.5959E3,24.8206E-12,32.2071E-12,39.6085E-12,51.3469E-12,68.7432E-12
16.9824E3,24.8142E-12,32.2040E-12,39.6067E-12,51.3458E-12,68.7425E-12
17.3780E3,24.8081E-12,32.2009E-12,39.6050E-12,51.3447E-12,68.7417E-12
17.7828E3,24.8020E-12,32.1979E-12,39.6033E-12,51.3436E-12,68.7410E-12
18.1970E3,24.7961E-12,32.1950E-12,39.6017E-12,51.3426E-12,68.7402E-12
18.6209E3,24.7904E-12,32.1921E-12,39.6001E-12,51.3416E-12,68.7395E-12
19.0546E3,24.7847E-12,32.1893E-12,39.5985E-12,51.3406E-12,68.7388E-12
19.4984E3,24.7792E-12,32.1866E-12,39.5970E-12,51.3397E-12,68.7382E-12
19.9526E3,24.7738E-12,32.1839E-12,39.5955E-12,51.3387E-12,68.7375E-12
20.4174E3,24.7686E-12,32.1813E-12,39.5941E-12,51.3378E-12,68.7369E-12
20.8930E3,24.7634E-12,32.1787E-12,39.5926E-12,51.3369E-12,68.7362E-12
21.3796E3,24.7584E-12,32.1762E-12,39.5913E-12,51.3361E-12,68.7356E-12
21.8776E3,24.7535E-12,32.1738E-12,39.5899E-12,51.3352E-12,68.7350E-12
22.3872E3,24.7487E-12,32.1714E-12,39.5886E-12,51.3344E-12,68.7344E-12
22.9087E3,24.7440E-12,32.1691E-12,39.5873E-12,51.3336E-12,68.7338E-12
23.4423E3,24.7394E-12,32.1668E-12,39.5860E-12,51.3328E-12,68.7333E-12
23.9883E3,24.7349E-12,32.1646E-12,39.5848E-12,51.3320E-12,68.7327E-12
24.5471E3,24.7305E-12,32.1624E-12,39.5836E-12,51.3312E-12,68.7322E-12
25.1189E3,24.7262E-12,32.1603E-12,39.5824E-12,51.3305E-12,68.7317E-12
25.7040E3,24.7220E-12,32.1582E-12,39.5812E-12,51.3298E-12,68.7311E-12
26.3027E3,24.7179E-12,32.1562E-12,39.5801E-12,51.3290E-12,68.7306E-12
26.9153E3,24.7139E-12,32.1542E-12,39.5790E-12,51.3284E-12,68.7301E-12
27.5423E3,24.7100E-12,32.1522E-12,39.5779E-12,51.3277E-12,68.7297E-12
28.1838E3,24.7062E-12,32.1503E-12,39.5768E-12,51.3270E-12,68.7292E-12
28.8403E3,24.7025E-12,32.1485E-12,39.5758E-12,51.3264E-12,68.7287E-12
29.5121E3,24.6988E-12,32.1467E-12,39.5748E-12,51.3257E-12,68.7283E-12
30.1995E3,24.6952E-12,32.1449E-12,39.5738E-12,51.3251E-12,68.7279E-12
30.9030E3,24.6918E-12,32.1432E-12,39.5729E-12,51.3245E-12,68.7274E-12
31.6228E3,24.6883E-12,32.1415E-12,39.5719E-12,51.3239E-12,68.7270E-12
32.3594E3,24.6850E-12,32.1398E-12,39.5710E-12,51.3233E-12,68.7266E-12
33.1131E3,24.6817E-12,32.1382E-12,39.5701E-12,51.3228E-12,68.7262E-12
33.8844E3,24.6786E-12,32.1366E-12,39.5692E-12,51.3222E-12,68.7258E-12
34.6737E3,24.6755E-12,32.1351E-12,39.5684E-12,51.3217E-12,68.7254E-12
35.4813E3,24.6724E-12,32.1336E-12,39.5675E-12,51.3212E-12,68.7251E-12
36.3078E3,24.6694E-12,32.1321E-12,39.5667E-12,51.3207E-12,68.7247E-12
37.1535E3,24.6665E-12,32.1307E-12,39.5659E-12,51.3201E-12,68.7243E-12
38.0189E3,24.6637E-12,32.1293E-12,39.5651E-12,51.3197E-12,68.7240E-12
38.9045E3,24.6609E-12,32.1279E-12,39.5644E-12,51.3192E-12,68.7237E-12
39.8107E3,24.6582E-12,32.1265E-12,39.5636E-12,51.3187E-12,68.7233E-12
40.7380E3,24.6556E-12,32.1252E-12,39.5629E-12,51.3182E-12,68.7230E-12
41.6869E3,24.6530E-12,32.1240E-12,39.5622E-12,51.3178E-12,68.7227E-12
42.6580E3,24.6504E-12,32.1227E-12,39.5615E-12,51.3174E-12,68.7224E-12
43.6516E3,24.6480E-12,32.1215E-12,39.5608E-12,51.3169E-12,68.7221E-12
44.6684E3,24.6455E-12,32.1203E-12,39.5601E-12,51.3165E-12,68.7218E-12
45.7088E3,24.6432E-12,32.1191E-12,39.5595E-12,51.3161E-12,68.7215E-12
46.7735E3,24.6409E-12,32.1180E-12,39.5588E-12,51.3157E-12,68.7212E-12
47.8630E3,24.6386E-12,32.1168E-12,39.5582E-12,51.3153E-12,68.7209E-12
48.9779E3,24.6364E-12,32.1157E-12,39.5576E-12,51.3149E-12,68.7207E-12
50.1187E3,24.6342E-12,32.1147E-12,39.5570E-12,51.3146E-12,68.7204E-12
51.2861E3,24.6321E-12,32.1136E-12,39.5564E-12,51.3142E-12,68.7201E-12
52.4807E3,24.6301E-12,32.1126E-12,39.5559E-12,51.3138E-12,68.7199E-12
53.7032E3,24.6281E-12,32.1116E-12,39.5553E-12,51.3135E-12,68.7196E-12
54.9541E3,24.6261E-12,32.1106E-12,39.5548E-12,51.3132E-12,68.7194E-12
56.2341E3,24.6242E-12,32.1097E-12,39.5542E-12,51.3128E-12,68.7192E-12
57.5440E3,24.6223E-12,32.1088E-12,39.5537E-12,51.3125E-12,68.7189E-12
58.8844E3,24.6205E-12,32.1079E-12,39.5532E-12,51.3122E-12,68.7187E-12
60.2560E3,24.6187E-12,32.1070E-12,39.5527E-12,51.3119E-12,68.7185E-12
61.6595E3,24.6169E-12,32.1061E-12,39.5523E-12,51.3116E-12,68.7183E-12
63.0957E3,24.6152E-12,32.1053E-12,39.5518E-12,51.3113E-12,68.7181E-12
64.5654E3,24.6135E-12,32.1044E-12,39.5513E-12,51.3110E-12,68.7179E-12
66.0693E3,24.6119E-12,32.1036E-12,39.5509E-12,51.3107E-12,68.7177E-12
67.6083E3,24.6103E-12,32.1028E-12,39.5504E-12,51.3104E-12,68.7175E-12
69.1831E3,24.6087E-12,32.1020E-12,39.5500E-12,51.3102E-12,68.7173E-12
70.7946E3,24.6072E-12,32.1013E-12,39.5496E-12,51.3099E-12,68.7171E-12
72.4436E3,24.6057E-12,32.1006E-12,39.5492E-12,51.3096E-12,68.7169E-12
74.1310E3,24.6042E-12,32.0998E-12,39.5488E-12,51.3094E-12,68.7167E-12
75.8578E3,24.6028E-12,32.0991E-12,39.5484E-12,51.3091E-12,68.7165E-12
77.6247E3,24.6014E-12,32.0984E-12,39.5480E-12,51.3089E-12,68.7164E-12
79.4328E3,24.6001E-12,32.0978E-12,39.5476E-12,51.3087E-12,68.7162E-12
81.2831E3,24.5987E-12,32.0971E-12,39.5473E-12,51.3084E-12,68.7160E-12
83.1764E3,24.5974E-12,32.0965E-12,39.5469E-12,51.3082E-12,68.7159E-12
85.1138E3,24.5962E-12,32.0958E-12,39.5465E-12,51.3080E-12,68.7157E-12
87.0964E3,24.5949E-12,32.0952E-12,39.5462E-12,51.3078E-12,68.7156E-12
89.1251E3,24.5937E-12,32.0946E-12,39.5459E-12,51.3076E-12,68.7154E-12
91.2011E3,24.5925E-12,32.0940E-12,39.5455E-12,51.3074E-12,68.7153E-12
93.3254E3,24.5913E-12,32.0934E-12,39.5452E-12,51.3072E-12,68.7151E-12
95.4993E3,24.5902E-12,32.0929E-12,39.5449E-12,51.3070E-12,68.7150E-12
97.7237E3,24.5891E-12,32.0923E-12,39.5446E-12,51.3068E-12,68.7149E-12
100.000E3,24.5880E-12,32.0918E-12,39.5443E-12,51.3066E-12,68.7147E-12
102.329E3,24.5870E-12,32.0913E-12,39.5440E-12,51.3064E-12,68.7146E-12
104.713E3,24.5859E-12,32.0908E-12,39.5437E-12,51.3062E-12,68.7145E-12
107.152E3,24.5849E-12,32.0903E-12,39.5435E-12,51.3061E-12,68.7144E-12
109.648E3,24.5839E-12,32.0898E-12,39.5432E-12,51.3059E-12,68.7142E-12
112.202E3,24.5830E-12,32.0893E-12,39.5429E-12,51.3057E-12,68.7141E-12
114.815E3,24.5820E-12,32.0888E-12,39.5427E-12,51.3056E-12,68.7140E-12
117.490E3,24.5811E-12,32.0884E-12,39.5424E-12,51.3054E-12,68.7139E-12
120.226E3,24.5802E-12,32.0879E-12,39.5422E-12,51.3052E-12,68.7138E-12
123.027E3,24.5793E-12,32.0875E-12,39.5419E-12,51.3051E-12,68.7137E-12
125.893E3,24.5785E-12,32.0871E-12,39.5417E-12,51.3049E-12,68.7136E-12
128.825E3,24.5776E-12,32.0867E-12,39.5415E-12,51.3048E-12,68.7135E-12
131.826E3,24.5768E-12,32.0863E-12,39.5412E-12,51.3047E-12,68.7134E-12
134.896E3,24.5760E-12,32.0859E-12,39.5410E-12,51.3045E-12,68.7133E-12
138.038E3,24.5752E-12,32.0855E-12,39.5408E-12,51.3044E-12,68.7132E-12
141.254E3,24.5744E-12,32.0851E-12,39.5406E-12,51.3042E-12,68.7131E-12
144.544E3,24.5737E-12,32.0847E-12,39.5404E-12,51.3041E-12,68.7130E-12
147.911E3,24.5730E-12,32.0844E-12,39.5402E-12,51.3040E-12,68.7129E-12
151.356E3,24.5722E-12,32.0840E-12,39.5400E-12,51.3039E-12,68.7128E-12
154.882E3,24.5715E-12,32.0837E-12,39.5398E-12,51.3037E-12,68.7127E-12
158.489E3,24.5709E-12,32.0833E-12,39.5396E-12,51.3036E-12,68.7126E-12
162.181E3,24.5702E-12,32.0830E-12,39.5394E-12,51.3035E-12,68.7126E-12
165.959E3,24.5695E-12,32.0827E-12,39.5392E-12,51.3034E-12,68.7125E-12
169.824E3,24.5689E-12,32.0823E-12,39.5391E-12,51.3033E-12,68.7124E-12
173.780E3,24.5683E-12,32.0820E-12,39.5389E-12,51.3032E-12,68.7123E-12
177.828E3,24.5677E-12,32.0817E-12,39.5387E-12,51.3031E-12,68.7123E-12
181.970E3,24.5671E-12,32.0814E-12,39.5386E-12,51.3030E-12,68.7122E-12
186.209E3,24.5665E-12,32.0812E-12,39.5384E-12,51.3029E-12,68.7121E-12
190.546E3,24.5659E-12,32.0809E-12,39.5382E-12,51.3028E-12,68.7120E-12
194.984E3,24.5654E-12,32.0806E-12,39.5381E-12,51.3027E-12,68.7120E-12
199.526E3,24.5648E-12,32.0803E-12,39.5379E-12,51.3026E-12,68.7119E-12
204.174E3,24.5643E-12,32.0801E-12,39.5378E-12,51.3025E-12,68.7118E-12
208.930E3,24.5638E-12,32.0798E-12,39.5376E-12,51.3024E-12,68.7118E-12
213.796E3,24.5633E-12,32.0796E-12,39.5375E-12,51.3023E-12,68.7117E-12
218.776E3,24.5628E-12,32.0793E-12,39.5374E-12,51.3022E-12,68.7117E-12
223.872E3,24.5623E-12,32.0791E-12,39.5372E-12,51.3021E-12,68.7116E-12
229.087E3,24.5618E-12,32.0788E-12,39.5371E-12,51.3021E-12,68.7115E-12
234.423E3,24.5614E-12,32.0786E-12,39.5370E-12,51.3020E-12,68.7115E-12
239.883E3,24.5609E-12,32.0784E-12,39.5369E-12,51.3019E-12,68.7114E-12
245.471E3,24.5605E-12,32.0782E-12,39.5367E-12,51.3018E-12,68.7114E-12
251.189E3,24.5600E-12,32.0780E-12,39.5366E-12,51.3018E-12,68.7113E-12
257.040E3,24.5596E-12,32.0778E-12,39.5365E-12,51.3017E-12,68.7113E-12
263.027E3,24.5592E-12,32.0775E-12,39.5364E-12,51.3016E-12,68.7112E-12
269.153E3,24.5588E-12,32.0774E-12,39.5363E-12,51.3015E-12,68.7112E-12
275.423E3,24.5584E-12,32.0772E-12,39.5362E-12,51.3015E-12,68.7111E-12
281.838E3,24.5580E-12,32.0770E-12,39.5361E-12,51.3014E-12,68.7111E-12
288.403E3,24.5576E-12,32.0768E-12,39.5360E-12,51.3013E-12,68.7110E-12
295.121E3,24.5573E-12,32.0766E-12,39.5359E-12,51.3013E-12,68.7110E-12
301.995E3,24.5569E-12,32.0764E-12,39.5358E-12,51.3012E-12,68.7109E-12
309.030E3,24.5566E-12,32.0762E-12,39.5357E-12,51.3012E-12,68.7109E-12
316.228E3,24.5562E-12,32.0761E-12,39.5356E-12,51.3011E-12,68.7108E-12
323.594E3,24.5559E-12,32.0759E-12,39.5355E-12,51.3010E-12,68.7108E-12
331.131E3,24.5556E-12,32.0757E-12,39.5354E-12,51.3010E-12,68.7108E-12
338.844E3,24.5552E-12,32.0756E-12,39.5353E-12,51.3009E-12,68.7107E-12
346.737E3,24.5549E-12,32.0754E-12,39.5352E-12,51.3009E-12,68.7107E-12
354.813E3,24.5546E-12,32.0753E-12,39.5351E-12,51.3008E-12,68.7106E-12
363.078E3,24.5543E-12,32.0751E-12,39.5350E-12,51.3008E-12,68.7106E-12
371.535E3,24.5540E-12,32.0750E-12,39.5350E-12,51.3007E-12,68.7106E-12
380.189E3,24.5537E-12,32.0749E-12,39.5349E-12,51.3007E-12,68.7105E-12
389.045E3,24.5535E-12,32.0747E-12,39.5348E-12,51.3006E-12,68.7105E-12
398.107E3,24.5532E-12,32.0746E-12,39.5347E-12,51.3006E-12,68.7105E-12
407.380E3,24.5529E-12,32.0744E-12,39.5347E-12,51.3005E-12,68.7104E-12
416.869E3,24.5527E-12,32.0743E-12,39.5346E-12,51.3005E-12,68.7104E-12
426.580E3,24.5524E-12,32.0742E-12,39.5345E-12,51.3004E-12,68.7104E-12
436.516E3,24.5522E-12,32.0741E-12,39.5344E-12,51.3004E-12,68.7103E-12
446.684E3,24.5519E-12,32.0739E-12,39.5344E-12,51.3003E-12,68.7103E-12
457.088E3,24.5517E-12,32.0738E-12,39.5343E-12,51.3003E-12,68.7103E-12
467.735E3,24.5514E-12,32.0737E-12,39.5343E-12,51.3003E-12,68.7102E-12
478.630E3,24.5512E-12,32.0736E-12,39.5342E-12,51.3002E-12,68.7102E-12
489.779E3,24.5510E-12,32.0735E-12,39.5341E-12,51.3002E-12,68.7102E-12
501.187E3,24.5508E-12,32.0734E-12,39.5341E-12,51.3001E-12,68.7101E-12
512.861E3,24.5506E-12,32.0733E-12,39.5340E-12,51.3001E-12,68.7101E-12
524.807E3,24.5504E-12,32.0732E-12,39.5340E-12,51.3001E-12,68.7101E-12
537.032E3,24.5502E-12,32.0731E-12,39.5339E-12,51.3000E-12,68.7100E-12
549.541E3,24.5500E-12,32.0730E-12,39.5338E-12,51.3000E-12,68.7100E-12
562.341E3,24.5498E-12,32.0729E-12,39.5338E-12,51.3000E-12,68.7100E-12
575.440E3,24.5496E-12,32.0728E-12,39.5337E-12,51.2999E-12,68.7100E-12
588.844E3,24.5494E-12,32.0727E-12,39.5337E-12,51.2999E-12,68.7099E-12
602.560E3,24.5492E-12,32.0726E-12,39.5336E-12,51.2999E-12,68.7099E-12
616.595E3,24.5490E-12,32.0725E-12,39.5336E-12,51.2998E-12,68.7099E-12
630.957E3,24.5489E-12,32.0724E-12,39.5335E-12,51.2998E-12,68.7099E-12
645.654E3,24.5487E-12,32.0724E-12,39.5335E-12,51.2998E-12,68.7098E-12
660.693E3,24.5485E-12,32.0723E-12,39.5334E-12,51.2997E-12,68.7098E-12
676.083E3,24.5484E-12,32.0722E-12,39.5334E-12,51.2997E-12,68.7098E-12
691.831E3,24.5482E-12,32.0721E-12,39.5334E-12,51.2997E-12,68.7098E-12
707.946E3,24.5481E-12,32.0720E-12,39.5333E-12,51.2996E-12,68.7097E-12
724.436E3,24.5479E-12,32.0720E-12,39.5333E-12,51.2996E-12,68.7097E-12
741.310E3,24.5478E-12,32.0719E-12,39.5332E-12,51.2996E-12,68.7097E-12
758.578E3,24.5476E-12,32.0718E-12,39.5332E-12,51.2996E-12,68.7097E-12
776.247E3,24.5475E-12,32.0718E-12,39.5331E-12,51.2995E-12,68.7096E-12
794.328E3,24.5473E-12,32.0717E-12,39.5331E-12,51.2995E-12,68.7096E-12
812.831E3,24.5472E-12,32.0716E-12,39.5331E-12,51.2995E-12,68.7096E-12
831.764E3,24.5471E-12,32.0716E-12,39.5330E-12,51.2994E-12,68.7096E-12
851.138E3,24.5470E-12,32.0715E-12,39.5330E-12,51.2994E-12,68.7095E-12
870.964E3,24.5468E-12,32.0714E-12,39.5330E-12,51.2994E-12,68.7095E-12
891.251E3,24.5467E-12,32.0714E-12,39.5329E-12,51.2994E-12,68.7095E-12
912.011E3,24.5466E-12,32.0713E-12,39.5329E-12,51.2993E-12,68.7095E-12
933.254E3,24.5465E-12,32.0712E-12,39.5328E-12,51.2993E-12,68.7094E-12
954.993E3,24.5464E-12,32.0712E-12,39.5328E-12,51.2993E-12,68.7094E-12
977.237E3,24.5462E-12,32.0711E-12,39.5328E-12,51.2993E-12,68.7094E-12
1.00000E6,24.5461E-12,32.0711E-12,39.5327E-12,51.2992E-12,68.7094E-12
1.02329E6,24.5460E-12,32.0710E-12,39.5327E-12,51.2992E-12,68.7093E-12
1.04713E6,24.5459E-12,32.0710E-12,39.5327E-12,51.2992E-12,68.7093E-12
1.07152E6,24.5458E-12,32.0709E-12,39.5327E-12,51.2992E-12,68.7093E-12
1.09648E6,24.5457E-12,32.0709E-12,39.5326E-12,51.2991E-12,68.7092E-12
1.12202E6,24.5456E-12,32.0708E-12,39.5326E-12,51.2991E-12,68.7092E-12
1.14815E6,24.5455E-12,32.0708E-12,39.5326E-12,51.2991E-12,68.7092E-12
1.17490E6,24.5454E-12,32.0707E-12,39.5325E-12,51.2991E-12,68.7092E-12
1.20226E6,24.5453E-12,32.0707E-12,39.5325E-12,51.2991E-12,68.7091E-12
1.23027E6,24.5453E-12,32.0706E-12,39.5325E-12,51.2990E-12,68.7091E-12
1.25893E6,24.5452E-12,32.0706E-12,39.5324E-12,51.2990E-12,68.7091E-12
1.28825E6,24.5451E-12,32.0705E-12,39.5324E-12,51.2990E-12,68.7090E-12
1.31826E6,24.5450E-12,32.0705E-12,39.5324E-12,51.2990E-12,68.7090E-12
1.34896E6,24.5449E-12,32.0705E-12,39.5324E-12,51.2989E-12,68.7090E-12
1.38038E6,24.5448E-12,32.0704E-12,39.5323E-12,51.2989E-12,68.7089E-12
1.41254E6,24.5448E-12,32.0704E-12,39.5323E-12,51.2989E-12,68.7089E-12
1.44544E6,24.5447E-12,32.0703E-12,39.5323E-12,51.2989E-12,68.7089E-12
1.47911E6,24.5446E-12,32.0703E-12,39.5323E-12,51.2988E-12,68.7088E-12
1.51356E6,24.5445E-12,32.0703E-12,39.5322E-12,51.2988E-12,68.7088E-12
1.54882E6,24.5445E-12,32.0702E-12,39.5322E-12,51.2988E-12,68.7088E-12
1.58489E6,24.5444E-12,32.0702E-12,39.5322E-12,51.2988E-12,68.7087E-12
1.62181E6,24.5443E-12,32.0701E-12,39.5322E-12,51.2987E-12,68.7087E-12
1.65959E6,24.5443E-12,32.0701E-12,39.5321E-12,51.2987E-12,68.7086E-12
1.69824E6,24.5442E-12,32.0701E-12,39.5321E-12,51.2987E-12,68.7086E-12
1.73780E6,24.5441E-12,32.0700E-12,39.5321E-12,51.2986E-12,68.7085E-12
1.77828E6,24.5441E-12,32.0700E-12,39.5321E-12,51.2986E-12,68.7085E-12
1.81970E6,24.5440E-12,32.0700E-12,39.5320E-12,51.2986E-12,68.7084E-12
1.86209E6,24.5439E-12,32.0699E-12,39.5320E-12,51.2986E-12,68.7084E-12
1.90546E6,24.5439E-12,32.0699E-12,39.5320E-12,51.2985E-12,68.7083E-12
1.94984E6,24.5438E-12,32.0699E-12,39.5319E-12,51.2985E-12,68.7083E-12
1.99526E6,24.5438E-12,32.0698E-12,39.5319E-12,51.2985E-12,68.7082E-12
2.04174E6,24.5437E-12,32.0698E-12,39.5319E-12,51.2984E-12,68.7082E-12
2.08930E6,24.5437E-12,32.0698E-12,39.5319E-12,51.2984E-12,68.7081E-12
2.13796E6,24.5436E-12,32.0697E-12,39.5318E-12,51.2983E-12,68.7080E-12
2.18776E6,24.5436E-12,32.0697E-12,39.5318E-12,51.2983E-12,68.7080E-12
2.23872E6,24.5435E-12,32.0697E-12,39.5318E-12,51.2983E-12,68.7079E-12
2.29087E6,24.5435E-12,32.0697E-12,39.5318E-12,51.2982E-12,68.7078E-12
2.34423E6,24.5434E-12,32.0696E-12,39.5317E-12,51.2982E-12,68.7078E-12
2.39883E6,24.5434E-12,32.0696E-12,39.5317E-12,51.2982E-12,68.7077E-12
2.45471E6,24.5433E-12,32.0696E-12,39.5317E-12,51.2981E-12,68.7076E-12
2.51189E6,24.5433E-12,32.0695E-12,39.5316E-12,51.2981E-12,68.7075E-12
2.57040E6,24.5432E-12,32.0695E-12,39.5316E-12,51.2980E-12,68.7074E-12
2.63027E6,24.5432E-12,32.0695E-12,39.5316E-12,51.2980E-12,68.7073E-12
2.69153E6,24.5431E-12,32.0694E-12,39.5315E-12,51.2979E-12,68.7072E-12
2.75423E6,24.5431E-12,32.0694E-12,39.5315E-12,51.2979E-12,68.7071E-12
2.81838E6,24.5430E-12,32.0694E-12,39.5315E-12,51.2978E-12,68.7070E-12
2.88403E6,24.5430E-12,32.0694E-12,39.5314E-12,51.2978E-12,68.7069E-12
2.95121E6,24.5430E-12,32.0693E-12,39.5314E-12,51.2977E-12,68.7068E-12
3.01995E6,24.5429E-12,32.0693E-12,39.5314E-12,51.2976E-12,68.7067E-12
3.09030E6,24.5429E-12,32.0693E-12,39.5313E-12,51.2976E-12,68.7065E-12
3.16228E6,24.5428E-12,32.0692E-12,39.5313E-12,51.2975E-12,68.7064E-12
3.23594E6,24.5428E-12,32.0692E-12,39.5313E-12,51.2974E-12,68.7063E-12
3.31131E6,24.5428E-12,32.0692E-12,39.5312E-12,51.2974E-12,68.7061E-12
3.38844E6,24.5427E-12,32.0691E-12,39.5312E-12,51.2973E-12,68.7060E-12
3.46737E6,24.5427E-12,32.0691E-12,39.5311E-12,51.2972E-12,68.7058E-12
3.54813E6,24.5426E-12,32.0691E-12,39.5311E-12,51.2971E-12,68.7057E-12
3.63078E6,24.5426E-12,32.0690E-12,39.5310E-12,51.2971E-12,68.7055E-12
3.71535E6,24.5426E-12,32.0690E-12,39.5310E-12,51.2970E-12,68.7053E-12
3.80189E6,24.5425E-12,32.0690E-12,39.5310E-12,51.2969E-12,68.7051E-12
3.89045E6,24.5425E-12,32.0689E-12,39.5309E-12,51.2968E-12,68.7049E-12
3.98107E6,24.5424E-12,32.0689E-12,39.5308E-12,51.2967E-12,68.7047E-12
4.07380E6,24.5424E-12,32.0689E-12,39.5308E-12,51.2966E-12,68.7045E-12
4.16869E6,24.5424E-12,32.0688E-12,39.5307E-12,51.2965E-12,68.7043E-12
4.26580E6,24.5423E-12,32.0688E-12,39.5307E-12,51.2964E-12,68.7040E-12
4.36516E6,24.5423E-12,32.0688E-12,39.5306E-12,51.2963E-12,68.7038E-12
4.46684E6,24.5423E-12,32.0687E-12,39.5306E-12,51.2961E-12,68.7035E-12
4.57088E6,24.5422E-12,32.0687E-12,39.5305E-12,51.2960E-12,68.7033E-12
4.67735E6,24.5422E-12,32.0686E-12,39.5304E-12,51.2959E-12,68.7030E-12
4.78630E6,24.5422E-12,32.0686E-12,39.5303E-12,51.2957E-12,68.7027E-12
4.89779E6,24.5421E-12,32.0686E-12,39.5303E-12,51.2956E-12,68.7024E-12
5.01187E6,24.5421E-12,32.0685E-12,39.5302E-12,51.2954E-12,68.7021E-12
5.12861E6,24.5420E-12,32.0685E-12,39.5301E-12,51.2953E-12,68.7017E-12
5.24807E6,24.5420E-12,32.0684E-12,39.5300E-12,51.2951E-12,68.7014E-12
5.37032E6,24.5420E-12,32.0684E-12,39.5299E-12,51.2949E-12,68.7010E-12
5.49541E6,24.5419E-12,32.0683E-12,39.5298E-12,51.2948E-12,68.7006E-12
5.62341E6,24.5419E-12,32.0683E-12,39.5298E-12,51.2946E-12,68.7002E-12
5.75440E6,24.5419E-12,32.0682E-12,39.5297E-12,51.2944E-12,68.6998E-12
5.88844E6,24.5418E-12,32.0682E-12,39.5295E-12,51.2942E-12,68.6993E-12
6.02560E6,24.5418E-12,32.0681E-12,39.5294E-12,51.2939E-12,68.6989E-12
6.16595E6,24.5417E-12,32.0680E-12,39.5293E-12,51.2937E-12,68.6984E-12
6.30957E6,24.5417E-12,32.0680E-12,39.5292E-12,51.2935E-12,68.6979E-12
6.45654E6,24.5417E-12,32.0679E-12,39.5291E-12,51.2932E-12,68.6973E-12
6.60693E6,24.5416E-12,32.0678E-12,39.5290E-12,51.2930E-12,68.6968E-12
6.76083E6,24.5416E-12,32.0678E-12,39.5288E-12,51.2927E-12,68.6962E-12
6.91831E6,24.5415E-12,32.0677E-12,39.5287E-12,51.2924E-12,68.6956E-12
7.07946E6,24.5415E-12,32.0676E-12,39.5285E-12,51.2921E-12,68.6949E-12
7.24436E6,24.5414E-12,32.0675E-12,39.5284E-12,51.2918E-12,68.6943E-12
7.41310E6,24.5414E-12,32.0675E-12,39.5282E-12,51.2915E-12,68.6936E-12
7.58578E6,24.5413E-12,32.0674E-12,39.5280E-12,51.2911E-12,68.6928E-12
7.76247E6,24.5413E-12,32.0673E-12,39.5279E-12,51.2908E-12,68.6921E-12
7.94328E6,24.5412E-12,32.0672E-12,39.5277E-12,51.2904E-12,68.6913E-12
8.12831E6,24.5412E-12,32.0671E-12,39.5275E-12,51.2900E-12,68.6904E-12
8.31764E6,24.5411E-12,32.0670E-12,39.5273E-12,51.2896E-12,68.6895E-12
8.51138E6,24.5411E-12,32.0669E-12,39.5271E-12,51.2892E-12,68.6886E-12
8.70964E6,24.5410E-12,32.0668E-12,39.5269E-12,51.2887E-12,68.6876E-12
8.91251E6,24.5410E-12,32.0667E-12,39.5266E-12,51.2883E-12,68.6866E-12
9.12011E6,24.5409E-12,32.0666E-12,39.5264E-12,51.2878E-12,68.6856E-12
9.33254E6,24.5408E-12,32.0664E-12,39.5261E-12,51.2873E-12,68.6844E-12
9.54993E6,24.5408E-12,32.0663E-12,39.5259E-12,51.2867E-12,68.6833E-12
9.77237E6,24.5407E-12,32.0662E-12,39.5256E-12,51.2862E-12,68.6821E-12
10.0000E6,24.5406E-12,32.0660E-12,39.5253E-12,51.2856E-12,68.6808E-12
10.2329E6,24.5406E-12,32.0659E-12,39.5250E-12,51.2849E-12,68.6795E-12
10.4713E6,24.5405E-12,32.0657E-12,39.5247E-12,51.2843E-12,68.6781E-12
10.7152E6,24.5404E-12,32.0656E-12,39.5244E-12,51.2836E-12,68.6766E-12
10.9648E6,24.5403E-12,32.0654E-12,39.5240E-12,51.2829E-12,68.6751E-12
11.2202E6,24.5402E-12,32.0652E-12,39.5237E-12,51.2822E-12,68.6735E-12
11.4815E6,24.5401E-12,32.0650E-12,39.5233E-12,51.2814E-12,68.6718E-12
11.7490E6,24.5401E-12,32.0649E-12,39.5229E-12,51.2806E-12,68.6700E-12
12.0226E6,24.5400E-12,32.0647E-12,39.5225E-12,51.2797E-12,68.6682E-12
12.3027E6,24.5399E-12,32.0644E-12,39.5220E-12,51.2788E-12,68.6663E-12
12.5893E6,24.5398E-12,32.0642E-12,39.5216E-12,51.2779E-12,68.6642E-12
12.8825E6,24.5397E-12,32.0640E-12,39.5211E-12,51.2769E-12,68.6621E-12
13.1826E6,24.5395E-12,32.0638E-12,39.5206E-12,51.2759E-12,68.6599E-12
13.4896E6,24.5394E-12,32.0635E-12,39.5201E-12,51.2748E-12,68.6576E-12
13.8038E6,24.5393E-12,32.0633E-12,39.5195E-12,51.2737E-12,68.6552E-12
14.1254E6,24.5392E-12,32.0630E-12,39.5190E-12,51.2725E-12,68.6527E-12
14.4544E6,24.5390E-12,32.0627E-12,39.5184E-12,51.2713E-12,68.6500E-12
14.7911E6,24.5389E-12,32.0624E-12,39.5178E-12,51.2700E-12,68.6472E-12
15.1356E6,24.5388E-12,32.0621E-12,39.5171E-12,51.2687E-12,68.6443E-12
15.4882E6,24.5386E-12,32.0618E-12,39.5164E-12,51.2673E-12,68.6413E-12
15.8489E6,24.5385E-12,32.0614E-12,39.5157E-12,51.2658E-12,68.6381E-12
16.2181E6,24.5383E-12,32.0611E-12,39.5149E-12,51.2643E-12,68.6348E-12
16.5959E6,24.5381E-12,32.0607E-12,39.5142E-12,51.2626E-12,68.6313E-12
16.9824E6,24.5379E-12,32.0603E-12,39.5133E-12,51.2610E-12,68.6276E-12
17.3780E6,24.5378E-12,32.0599E-12,39.5125E-12,51.2592E-12,68.6238E-12
17.7828E6,24.5376E-12,32.0594E-12,39.5116E-12,51.2573E-12,68.6198E-12
18.1970E6,24.5374E-12,32.0590E-12,39.5106E-12,51.2554E-12,68.6156E-12
18.6209E6,24.5372E-12,32.0585E-12,39.5097E-12,51.2534E-12,68.6113E-12
19.0546E6,24.5369E-12,32.0580E-12,39.5086E-12,51.2512E-12,68.6067E-12
19.4984E6,24.5367E-12,32.0575E-12,39.5075E-12,51.2490E-12,68.6019E-12
19.9526E6,24.5365E-12,32.0570E-12,39.5064E-12,51.2467E-12,68.5969E-12
20.4174E6,24.5362E-12,32.0564E-12,39.5052E-12,51.2443E-12,68.5916E-12
20.8930E6,24.5359E-12,32.0558E-12,39.5040E-12,51.2417E-12,68.5861E-12
21.3796E6,24.5357E-12,32.0552E-12,39.5027E-12,51.2390E-12,68.5804E-12
21.8776E6,24.5354E-12,32.0546E-12,39.5013E-12,51.2363E-12,68.5744E-12
22.3872E6,24.5351E-12,32.0539E-12,39.4999E-12,51.2333E-12,68.5681E-12
22.9087E6,24.5348E-12,32.0532E-12,39.4984E-12,51.2303E-12,68.5615E-12
23.4423E6,24.5344E-12,32.0525E-12,39.4969E-12,51.2271E-12,68.5546E-12
23.9883E6,24.5341E-12,32.0517E-12,39.4953E-12,51.2237E-12,68.5474E-12
24.5471E6,24.5337E-12,32.0509E-12,39.4935E-12,51.2202E-12,68.5398E-12
25.1189E6,24.5333E-12,32.0500E-12,39.4918E-12,51.2166E-12,68.5320E-12
25.7040E6,24.5330E-12,32.0491E-12,39.4899E-12,51.2127E-12,68.5237E-12
26.3027E6,24.5325E-12,32.0482E-12,39.4880E-12,51.2087E-12,68.5151E-12
26.9153E6,24.5321E-12,32.0472E-12,39.4859E-12,51.2045E-12,68.5061E-12
27.5423E6,24.5317E-12,32.0462E-12,39.4838E-12,51.2001E-12,68.4966E-12
28.1838E6,24.5312E-12,32.0452E-12,39.4815E-12,51.1956E-12,68.4867E-12
28.8403E6,24.5307E-12,32.0440E-12,39.4792E-12,51.1907E-12,68.4764E-12
29.5121E6,24.5302E-12,32.0429E-12,39.4768E-12,51.1857E-12,68.4656E-12
30.1995E6,24.5296E-12,32.0417E-12,39.4742E-12,51.1805E-12,68.4543E-12
30.9030E6,24.5291E-12,32.0404E-12,39.4715E-12,51.1750E-12,68.4425E-12
31.6228E6,24.5285E-12,32.0391E-12,39.4687E-12,51.1692E-12,68.4302E-12
32.3594E6,24.5278E-12,32.0377E-12,39.4658E-12,51.1632E-12,68.4173E-12
33.1131E6,24.5272E-12,32.0362E-12,39.4627E-12,51.1569E-12,68.4038E-12
33.8844E6,24.5265E-12,32.0347E-12,39.4595E-12,51.1503E-12,68.3897E-12
34.6737E6,24.5258E-12,32.0331E-12,39.4562E-12,51.1435E-12,68.3749E-12
35.4813E6,24.5251E-12,32.0314E-12,39.4527E-12,51.1363E-12,68.3595E-12
36.3078E6,24.5243E-12,32.0297E-12,39.4490E-12,51.1288E-12,68.3434E-12
37.1535E6,24.5235E-12,32.0278E-12,39.4451E-12,51.1209E-12,68.3266E-12
38.0189E6,24.5226E-12,32.0259E-12,39.4411E-12,51.1127E-12,68.3091E-12
38.9045E6,24.5217E-12,32.0239E-12,39.4369E-12,51.1041E-12,68.2907E-12
39.8107E6,24.5208E-12,32.0218E-12,39.4326E-12,51.0951E-12,68.2715E-12
40.7380E6,24.5198E-12,32.0196E-12,39.4280E-12,51.0857E-12,68.2515E-12
41.6869E6,24.5188E-12,32.0174E-12,39.4232E-12,51.0759E-12,68.2306E-12
42.6580E6,24.5178E-12,32.0150E-12,39.4182E-12,51.0657E-12,68.2087E-12
43.6516E6,24.5167E-12,32.0125E-12,39.4129E-12,51.0550E-12,68.1859E-12
44.6684E6,24.5155E-12,32.0099E-12,39.4075E-12,51.0438E-12,68.1621E-12
45.7088E6,24.5143E-12,32.0071E-12,39.4017E-12,51.0321E-12,68.1373E-12
46.7735E6,24.5130E-12,32.0043E-12,39.3958E-12,51.0199E-12,68.1113E-12
47.8630E6,24.5117E-12,32.0013E-12,39.3895E-12,51.0072E-12,68.0843E-12
48.9779E6,24.5103E-12,31.9982E-12,39.3830E-12,50.9939E-12,68.0560E-12
50.1187E6,24.5088E-12,31.9949E-12,39.3762E-12,50.9800E-12,68.0266E-12
51.2861E6,24.5073E-12,31.9915E-12,39.3690E-12,50.9655E-12,67.9959E-12
52.4807E6,24.5057E-12,31.9879E-12,39.3616E-12,50.9504E-12,67.9638E-12
53.7032E6,24.5041E-12,31.9842E-12,39.3538E-12,50.9346E-12,67.9304E-12
54.9541E6,24.5023E-12,31.9803E-12,39.3457E-12,50.9181E-12,67.8956E-12
56.2341E6,24.5005E-12,31.9762E-12,39.3372E-12,50.9009E-12,67.8593E-12
57.5440E6,24.4986E-12,31.9720E-12,39.3284E-12,50.8829E-12,67.8215E-12
58.8844E6,24.4966E-12,31.9676E-12,39.3192E-12,50.8642E-12,67.7821E-12
60.2560E6,24.4946E-12,31.9629E-12,39.3095E-12,50.8447E-12,67.7411E-12
61.6595E6,24.4924E-12,31.9581E-12,39.2995E-12,50.8243E-12,67.6984E-12
63.0957E6,24.4901E-12,31.9531E-12,39.2890E-12,50.8031E-12,67.6539E-12
64.5654E6,24.4878E-12,31.9478E-12,39.2780E-12,50.7810E-12,67.6076E-12
66.0693E6,24.4853E-12,31.9423E-12,39.2666E-12,50.7580E-12,67.5595E-12
67.6083E6,24.4827E-12,31.9366E-12,39.2547E-12,50.7340E-12,67.5094E-12
69.1831E6,24.4801E-12,31.9306E-12,39.2423E-12,50.7090E-12,67.4573E-12
70.7946E6,24.4772E-12,31.9243E-12,39.2294E-12,50.6829E-12,67.4031E-12
72.4436E6,24.4743E-12,31.9178E-12,39.2159E-12,50.6558E-12,67.3468E-12
74.1310E6,24.4713E-12,31.9110E-12,39.2018E-12,50.6276E-12,67.2884E-12
75.8578E6,24.4681E-12,31.9039E-12,39.1872E-12,50.5983E-12,67.2277E-12
77.6247E6,24.4647E-12,31.8965E-12,39.1720E-12,50.5678E-12,67.1646E-12
79.4328E6,24.4613E-12,31.8888E-12,39.1561E-12,50.5360E-12,67.0992E-12
81.2831E6,24.4576E-12,31.8808E-12,39.1396E-12,50.5030E-12,67.0313E-12
83.1764E6,24.4538E-12,31.8724E-12,39.1224E-12,50.4687E-12,66.9609E-12
85.1138E6,24.4499E-12,31.8637E-12,39.1045E-12,50.4331E-12,66.8879E-12
87.0964E6,24.4458E-12,31.8546E-12,39.0859E-12,50.3961E-12,66.8123E-12
89.1251E6,24.4415E-12,31.8452E-12,39.0665E-12,50.3576E-12,66.7340E-12
91.2011E6,24.4370E-12,31.8353E-12,39.0464E-12,50.3178E-12,66.6530E-12
93.3254E6,24.4324E-12,31.8251E-12,39.0255E-12,50.2764E-12,66.5691E-12
95.4993E6,24.4275E-12,31.8144E-12,39.0038E-12,50.2335E-12,66.4823E-12
97.7237E6,24.4225E-12,31.8034E-12,38.9812E-12,50.1890E-12,66.3926E-12
100.000E6,24.4172E-12,31.7918E-12,38.9578E-12,50.1429E-12,66.2999E-12
102.329E6,24.4117E-12,31.7799E-12,38.9335E-12,50.0952E-12,66.2042E-12
104.713E6,24.4060E-12,31.7674E-12,38.9082E-12,50.0457E-12,66.1054E-12
107.152E6,24.4001E-12,31.7545E-12,38.8821E-12,49.9946E-12,66.0036E-12
109.648E6,24.3939E-12,31.7410E-12,38.8550E-12,49.9417E-12,65.8985E-12
112.202E6,24.3875E-12,31.7271E-12,38.8269E-12,49.8870E-12,65.7903E-12
114.815E6,24.3808E-12,31.7126E-12,38.7978E-12,49.8305E-12,65.6788E-12
117.490E6,24.3739E-12,31.6976E-12,38.7677E-12,49.7721E-12,65.5641E-12
120.226E6,24.3666E-12,31.6821E-12,38.7365E-12,49.7119E-12,65.4462E-12
123.027E6,24.3591E-12,31.6659E-12,38.7043E-12,49.6498E-12,65.3250E-12
125.893E6,24.3514E-12,31.6492E-12,38.6710E-12,49.5857E-12,65.2005E-12
128.825E6,24.3433E-12,31.6319E-12,38.6365E-12,49.5198E-12,65.0728E-12
131.826E6,24.3349E-12,31.6140E-12,38.6010E-12,49.4518E-12,64.9418E-12
134.896E6,24.3262E-12,31.5955E-12,38.5643E-12,49.3819E-12,64.8076E-12
138.038E6,24.3172E-12,31.5763E-12,38.5265E-12,49.3100E-12,64.6701E-12
141.254E6,24.3079E-12,31.5565E-12,38.4875E-12,49.2361E-12,64.5295E-12
144.544E6,24.2982E-12,31.5360E-12,38.4473E-12,49.1602E-12,64.3857E-12
147.911E6,24.2882E-12,31.5149E-12,38.4059E-12,49.0824E-12,64.2388E-12
151.356E6,24.2778E-12,31.4931E-12,38.3633E-12,49.0025E-12,64.0889E-12
154.882E6,24.2671E-12,31.4706E-12,38.3195E-12,48.9207E-12,63.9360E-12
158.489E6,24.2560E-12,31.4474E-12,38.2746E-12,48.8370E-12,63.7803E-12
162.181E6,24.2445E-12,31.4235E-12,38.2284E-12,48.7513E-12,63.6217E-12
165.959E6,24.2327E-12,31.3989E-12,38.1810E-12,48.6637E-12,63.4604E-12
169.824E6,24.2205E-12,31.3736E-12,38.1324E-12,48.5742E-12,63.2965E-12
173.780E6,24.2078E-12,31.3476E-12,38.0826E-12,48.4829E-12,63.1300E-12
177.828E6,24.1948E-12,31.3209E-12,38.0317E-12,48.3899E-12,62.9612E-12
181.970E6,24.1814E-12,31.2934E-12,37.9795E-12,48.2950E-12,62.7902E-12
186.209E6,24.1676E-12,31.2653E-12,37.9263E-12,48.1985E-12,62.6170E-12
190.546E6,24.1534E-12,31.2364E-12,37.8719E-12,48.1004E-12,62.4418E-12
194.984E6,24.1388E-12,31.2069E-12,37.8164E-12,48.0007E-12,62.2648E-12
199.526E6,24.1238E-12,31.1766E-12,37.7598E-12,47.8996E-12,62.0861E-12
204.174E6,24.1084E-12,31.1457E-12,37.7021E-12,47.7970E-12,61.9059E-12
208.930E6,24.0925E-12,31.1141E-12,37.6435E-12,47.6931E-12,61.7243E-12
213.796E6,24.0763E-12,31.0818E-12,37.5839E-12,47.5879E-12,61.5416E-12
218.776E6,24.0596E-12,31.0488E-12,37.5233E-12,47.4816E-12,61.3579E-12
223.872E6,24.0426E-12,31.0153E-12,37.4619E-12,47.3743E-12,61.1733E-12
229.087E6,24.0251E-12,30.9811E-12,37.3996E-12,47.2660E-12,60.9882E-12
234.423E6,24.0073E-12,30.9463E-12,37.3365E-12,47.1568E-12,60.8025E-12
239.883E6,23.9890E-12,30.9110E-12,37.2727E-12,47.0470E-12,60.6166E-12
245.471E6,23.9704E-12,30.8751E-12,37.2083E-12,46.9365E-12,60.4306E-12
251.189E6,23.9514E-12,30.8387E-12,37.1432E-12,46.8255E-12,60.2447E-12
257.040E6,23.9321E-12,30.8018E-12,37.0775E-12,46.7141E-12,60.0591E-12
263.027E6,23.9124E-12,30.7644E-12,37.0114E-12,46.6025E-12,59.8740E-12
269.153E6,23.8924E-12,30.7266E-12,36.9448E-12,46.4907E-12,59.6895E-12
275.423E6,23.8720E-12,30.6885E-12,36.8779E-12,46.3789E-12,59.5058E-12
281.838E6,23.8514E-12,30.6499E-12,36.8108E-12,46.2672E-12,59.3232E-12
288.403E6,23.8304E-12,30.6111E-12,36.7434E-12,46.1558E-12,59.1416E-12
295.121E6,23.8092E-12,30.5719E-12,36.6759E-12,46.0447E-12,58.9614E-12
301.995E6,23.7876E-12,30.5326E-12,36.6083E-12,45.9340E-12,58.7827E-12
309.030E6,23.7659E-12,30.4930E-12,36.5408E-12,45.8240E-12,58.6055E-12
316.228E6,23.7439E-12,30.4533E-12,36.4733E-12,45.7147E-12,58.4301E-12
323.594E6,23.7218E-12,30.4135E-12,36.4061E-12,45.6063E-12,58.2566E-12
331.131E6,23.6994E-12,30.3736E-12,36.3391E-12,45.4988E-12,58.0850E-12
338.844E6,23.6769E-12,30.3337E-12,36.2724E-12,45.3923E-12,57.9156E-12
346.737E6,23.6543E-12,30.2938E-12,36.2062E-12,45.2870E-12,57.7483E-12
354.813E6,23.6316E-12,30.2540E-12,36.1404E-12,45.1831E-12,57.5834E-12
363.078E6,23.6087E-12,30.2143E-12,36.0752E-12,45.0804E-12,57.4208E-12
371.535E6,23.5858E-12,30.1748E-12,36.0106E-12,44.9793E-12,57.2607E-12
380.189E6,23.5629E-12,30.1355E-12,35.9467E-12,44.8797E-12,57.1030E-12
389.045E6,23.5400E-12,30.0964E-12,35.8836E-12,44.7818E-12,56.9480E-12
398.107E6,23.5171E-12,30.0577E-12,35.8213E-12,44.6856E-12,56.7955E-12
407.380E6,23.4942E-12,30.0193E-12,35.7599E-12,44.5912E-12,56.6456E-12
416.869E6,23.4714E-12,29.9812E-12,35.6995E-12,44.4986E-12,56.4983E-12
426.580E6,23.4487E-12,29.9436E-12,35.6401E-12,44.4080E-12,56.3537E-12
436.516E6,23.4262E-12,29.9065E-12,35.5817E-12,44.3194E-12,56.2117E-12
446.684E6,23.4038E-12,29.8699E-12,35.5245E-12,44.2329E-12,56.0724E-12
457.088E6,23.3815E-12,29.8338E-12,35.4684E-12,44.1484E-12,55.9356E-12
467.735E6,23.3595E-12,29.7983E-12,35.4135E-12,44.0661E-12,55.8014E-12
478.630E6,23.3377E-12,29.7634E-12,35.3599E-12,43.9859E-12,55.6697E-12
489.779E6,23.3161E-12,29.7292E-12,35.3076E-12,43.9080E-12,55.5404E-12
501.187E6,23.2948E-12,29.6957E-12,35.2566E-12,43.8323E-12,55.4135E-12
512.861E6,23.2738E-12,29.6628E-12,35.2070E-12,43.7588E-12,55.2890E-12
524.807E6,23.2531E-12,29.6307E-12,35.1587E-12,43.6876E-12,55.1667E-12
537.032E6,23.2328E-12,29.5994E-12,35.1119E-12,43.6186E-12,55.0465E-12
549.541E6,23.2128E-12,29.5688E-12,35.0665E-12,43.5519E-12,54.9284E-12
562.341E6,23.1932E-12,29.5390E-12,35.0225E-12,43.4875E-12,54.8121E-12
575.440E6,23.1740E-12,29.5101E-12,34.9800E-12,43.4253E-12,54.6977E-12
588.844E6,23.1552E-12,29.4820E-12,34.9391E-12,43.3654E-12,54.5849E-12
602.560E6,23.1369E-12,29.4548E-12,34.8996E-12,43.3078E-12,54.4736E-12
616.595E6,23.1190E-12,29.4284E-12,34.8616E-12,43.2523E-12,54.3638E-12
630.957E6,23.1015E-12,29.4030E-12,34.8251E-12,43.1991E-12,54.2551E-12
645.654E6,23.0846E-12,29.3784E-12,34.7901E-12,43.1480E-12,54.1475E-12
660.693E6,23.0681E-12,29.3547E-12,34.7566E-12,43.0991E-12,54.0407E-12
676.083E6,23.0521E-12,29.3320E-12,34.7247E-12,43.0523E-12,53.9346E-12
691.831E6,23.0366E-12,29.3102E-12,34.6943E-12,43.0075E-12,53.8290E-12
707.946E6,23.0217E-12,29.2892E-12,34.6653E-12,42.9648E-12,53.7237E-12
724.436E6,23.0072E-12,29.2693E-12,34.6379E-12,42.9241E-12,53.6185E-12
741.310E6,22.9933E-12,29.2502E-12,34.6119E-12,42.8853E-12,53.5130E-12
758.578E6,22.9799E-12,29.2321E-12,34.5874E-12,42.8484E-12,53.4072E-12
776.247E6,22.9671E-12,29.2149E-12,34.5644E-12,42.8133E-12,53.3007E-12
794.328E6,22.9548E-12,29.1986E-12,34.5428E-12,42.7799E-12,53.1934E-12
812.831E6,22.9430E-12,29.1833E-12,34.5227E-12,42.7483E-12,53.0848E-12
831.764E6,22.9318E-12,29.1688E-12,34.5040E-12,42.7183E-12,52.9748E-12
851.138E6,22.9211E-12,29.1553E-12,34.4866E-12,42.6898E-12,52.8631E-12
870.964E6,22.9109E-12,29.1426E-12,34.4707E-12,42.6629E-12,52.7493E-12
891.251E6,22.9013E-12,29.1309E-12,34.4560E-12,42.6373E-12,52.6332E-12
912.011E6,22.8922E-12,29.1200E-12,34.4427E-12,42.6130E-12,52.5144E-12
933.254E6,22.8836E-12,29.1100E-12,34.4307E-12,42.5900E-12,52.3927E-12
954.993E6,22.8755E-12,29.1008E-12,34.4200E-12,42.5681E-12,52.2676E-12
977.237E6,22.8679E-12,29.0924E-12,34.4105E-12,42.5473E-12,52.1388E-12
1.00000E9,22.8608E-12,29.0849E-12,34.4022E-12,42.5274E-12,52.0060E-12
1.02329E9,22.8542E-12,29.0781E-12,34.3951E-12,42.5083E-12,51.8689E-12
1.04713E9,22.8480E-12,29.0721E-12,34.3891E-12,42.4899E-12,51.7270E-12
1.07152E9,22.8423E-12,29.0669E-12,34.3842E-12,42.4720E-12,51.5799E-12
1.09648E9,22.8370E-12,29.0624E-12,34.3803E-12,42.4547E-12,51.4274E-12
1.12202E9,22.8321E-12,29.0585E-12,34.3775E-12,42.4376E-12,51.2689E-12
1.14815E9,22.8275E-12,29.0553E-12,34.3755E-12,42.4207E-12,51.1042E-12
1.17490E9,22.8234E-12,29.0527E-12,34.3745E-12,42.4038E-12,50.9328E-12
1.20226E9,22.8195E-12,29.0508E-12,34.3743E-12,42.3867E-12,50.7544E-12
1.23027E9,22.8160E-12,29.0493E-12,34.3749E-12,42.3694E-12,50.5685E-12
1.25893E9,22.8127E-12,29.0484E-12,34.3762E-12,42.3515E-12,50.3749E-12
1.28825E9,22.8096E-12,29.0479E-12,34.3781E-12,42.3330E-12,50.1731E-12
1.31826E9,22.8068E-12,29.0479E-12,34.3806E-12,42.3136E-12,49.9628E-12
1.34896E9,22.8042E-12,29.0482E-12,34.3835E-12,42.2931E-12,49.7437E-12
1.38038E9,22.8017E-12,29.0488E-12,34.3869E-12,42.2713E-12,49.5154E-12
1.41254E9,22.7993E-12,29.0497E-12,34.3905E-12,42.2480E-12,49.2777E-12
1.44544E9,22.7970E-12,29.0508E-12,34.3943E-12,42.2228E-12,49.0302E-12
1.47911E9,22.7947E-12,29.0520E-12,34.3981E-12,42.1957E-12,48.7727E-12
1.51356E9,22.7924E-12,29.0533E-12,34.4020E-12,42.1662E-12,48.5049E-12
1.54882E9,22.7900E-12,29.0546E-12,34.4056E-12,42.1342E-12,48.2267E-12
1.58489E9,22.7875E-12,29.0559E-12,34.4089E-12,42.0993E-12,47.9379E-12
1.62181E9,22.7849E-12,29.0570E-12,34.4118E-12,42.0611E-12,47.6384E-12
1.65959E9,22.7821E-12,29.0579E-12,34.4141E-12,42.0195E-12,47.3280E-12
1.69824E9,22.7791E-12,29.0586E-12,34.4156E-12,41.9740E-12,47.0067E-12
1.73780E9,22.7758E-12,29.0589E-12,34.4162E-12,41.9243E-12,46.6744E-12
1.77828E9,22.7722E-12,29.0588E-12,34.4157E-12,41.8700E-12,46.3312E-12
1.81970E9,22.7682E-12,29.0582E-12,34.4139E-12,41.8108E-12,45.9770E-12
1.86209E9,22.7638E-12,29.0570E-12,34.4106E-12,41.7461E-12,45.6121E-12
1.90546E9,22.7590E-12,29.0551E-12,34.4055E-12,41.6757E-12,45.2365E-12
1.94984E9,22.7536E-12,29.0525E-12,34.3986E-12,41.5990E-12,44.8503E-12
1.99526E9,22.7477E-12,29.0490E-12,34.3895E-12,41.5157E-12,44.4539E-12
2.04174E9,22.7412E-12,29.0446E-12,34.3781E-12,41.4252E-12,44.0474E-12
2.08930E9,22.7340E-12,29.0393E-12,34.3640E-12,41.3272E-12,43.6312E-12
2.13796E9,22.7262E-12,29.0329E-12,34.3472E-12,41.2211E-12,43.2055E-12
2.18776E9,22.7177E-12,29.0253E-12,34.3273E-12,41.1066E-12,42.7708E-12
2.23872E9,22.7084E-12,29.0166E-12,34.3041E-12,40.9831E-12,42.3275E-12
2.29087E9,22.6983E-12,29.0065E-12,34.2773E-12,40.8502E-12,41.8761E-12
2.34423E9,22.6874E-12,28.9952E-12,34.2468E-12,40.7075E-12,41.4170E-12
2.39883E9,22.6756E-12,28.9824E-12,34.2124E-12,40.5546E-12,40.9508E-12
2.45471E9,22.6630E-12,28.9681E-12,34.1737E-12,40.3913E-12,40.4782E-12
2.51189E9,22.6494E-12,28.9524E-12,34.1307E-12,40.2171E-12,39.9999E-12
2.57040E9,22.6350E-12,28.9351E-12,34.0832E-12,40.0318E-12,39.5164E-12
2.63027E9,22.6196E-12,28.9162E-12,34.0309E-12,39.8353E-12,39.0287E-12
2.69153E9,22.6033E-12,28.8957E-12,33.9738E-12,39.6275E-12,38.5375E-12
2.75423E9,22.5861E-12,28.8736E-12,33.9118E-12,39.4084E-12,38.0437E-12
2.81838E9,22.5679E-12,28.8499E-12,33.8449E-12,39.1782E-12,37.5483E-12
2.88403E9,22.5488E-12,28.8245E-12,33.7729E-12,38.9370E-12,37.0523E-12
2.95121E9,22.5288E-12,28.7976E-12,33.6958E-12,38.6851E-12,36.5565E-12
3.01995E9,22.5079E-12,28.7690E-12,33.6139E-12,38.4232E-12,36.0623E-12
3.09030E9,22.4862E-12,28.7389E-12,33.5271E-12,38.1516E-12,35.5705E-12
3.16228E9,22.4636E-12,28.7073E-12,33.4356E-12,37.8712E-12,35.0825E-12
3.23594E9,22.4403E-12,28.6743E-12,33.3395E-12,37.5828E-12,34.5992E-12
3.31131E9,22.4162E-12,28.6399E-12,33.2392E-12,37.2873E-12,34.1220E-12
3.38844E9,22.3915E-12,28.6043E-12,33.1350E-12,36.9858E-12,33.6518E-12
3.46737E9,22.3661E-12,28.5676E-12,33.0271E-12,36.6794E-12,33.1899E-12
3.54813E9,22.3403E-12,28.5298E-12,32.9159E-12,36.3693E-12,32.7373E-12
3.63078E9,22.3139E-12,28.4913E-12,32.8020E-12,36.0568E-12,32.2950E-12
3.71535E9,22.2872E-12,28.4520E-12,32.6858E-12,35.7433E-12,31.8639E-12
3.80189E9,22.2602E-12,28.4122E-12,32.5678E-12,35.4299E-12,31.4450E-12
3.89045E9,22.2330E-12,28.3721E-12,32.4485E-12,35.1181E-12,31.0390E-12
3.98107E9,22.2057E-12,28.3318E-12,32.3286E-12,34.8091E-12,30.6466E-12
4.07380E9,22.1785E-12,28.2917E-12,32.2086E-12,34.5042E-12,30.2683E-12
4.16869E9,22.1514E-12,28.2519E-12,32.0892E-12,34.2046E-12,29.9045E-12
4.26580E9,22.1245E-12,28.2126E-12,31.9709E-12,33.9113E-12,29.5556E-12
4.36516E9,22.0979E-12,28.1741E-12,31.8544E-12,33.6253E-12,29.2215E-12
4.46684E9,22.0719E-12,28.1368E-12,31.7404E-12,33.3475E-12,28.9024E-12
4.57088E9,22.0463E-12,28.1007E-12,31.6293E-12,33.0786E-12,28.5981E-12
4.67735E9,22.0215E-12,28.0662E-12,31.5217E-12,32.8193E-12,28.3082E-12
4.78630E9,21.9974E-12,28.0335E-12,31.4182E-12,32.5697E-12,28.0324E-12
4.89779E9,21.9741E-12,28.0029E-12,31.3192E-12,32.3304E-12,27.7699E-12
5.01187E9,21.9517E-12,27.9745E-12,31.2250E-12,32.1011E-12,27.5202E-12
5.12861E9,21.9303E-12,27.9486E-12,31.1359E-12,31.8819E-12,27.2824E-12
5.24807E9,21.9099E-12,27.9253E-12,31.0522E-12,31.6722E-12,27.0553E-12
5.37032E9,21.8904E-12,27.9046E-12,30.9737E-12,31.4714E-12,26.8381E-12
5.49541E9,21.8718E-12,27.8867E-12,30.9005E-12,31.2787E-12,26.6293E-12
5.62341E9,21.8541E-12,27.8715E-12,30.8320E-12,31.0930E-12,26.4278E-12
5.75440E9,21.8370E-12,27.8588E-12,30.7680E-12,30.9127E-12,26.2322E-12
5.88844E9,21.8206E-12,27.8485E-12,30.7074E-12,30.7363E-12,26.0409E-12
6.02560E9,21.8044E-12,27.8402E-12,30.6494E-12,30.5617E-12,25.8527E-12
6.16595E9,21.7883E-12,27.8333E-12,30.5926E-12,30.3870E-12,25.6661E-12
6.30957E9,21.7718E-12,27.8273E-12,30.5354E-12,30.2097E-12,25.4798E-12
6.45654E9,21.7546E-12,27.8213E-12,30.4759E-12,30.0274E-12,25.2925E-12
6.60693E9,21.7361E-12,27.8143E-12,30.4120E-12,29.8378E-12,25.1032E-12
6.76083E9,21.7159E-12,27.8052E-12,30.3414E-12,29.6385E-12,24.9110E-12
6.91831E9,21.6934E-12,27.7928E-12,30.2616E-12,29.4276E-12,24.7156E-12
7.07946E9,21.6680E-12,27.7756E-12,30.1703E-12,29.2034E-12,24.5166E-12
7.24436E9,21.6392E-12,27.7523E-12,30.0652E-12,28.9652E-12,24.3142E-12
7.41310E9,21.6066E-12,27.7215E-12,29.9446E-12,28.7126E-12,24.1090E-12
7.58578E9,21.5699E-12,27.6822E-12,29.8073E-12,28.4463E-12,23.9020E-12
7.76247E9,21.5288E-12,27.6335E-12,29.6528E-12,28.1681E-12,23.6945E-12
7.94328E9,21.4835E-12,27.5750E-12,29.4814E-12,27.8803E-12,23.4881E-12
8.12831E9,21.4342E-12,27.5066E-12,29.2947E-12,27.5861E-12,23.2848E-12
8.31764E9,21.3814E-12,27.4288E-12,29.0949E-12,27.2893E-12,23.0865E-12
8.51138E9,21.3257E-12,27.3427E-12,28.8851E-12,26.9941E-12,22.8952E-12
8.70964E9,21.2678E-12,27.2499E-12,28.6690E-12,26.7043E-12,22.7127E-12
8.91251E9,21.2089E-12,27.1522E-12,28.4505E-12,26.4239E-12,22.5407E-12
9.12011E9,21.1498E-12,27.0518E-12,28.2338E-12,26.1563E-12,22.3803E-12
9.33254E9,21.0914E-12,26.9511E-12,28.0227E-12,25.9039E-12,22.2323E-12
9.54993E9,21.0348E-12,26.8525E-12,27.8206E-12,25.6689E-12,22.0970E-12
9.77237E9,20.9806E-12,26.7580E-12,27.6304E-12,25.4521E-12,21.9742E-12
10.0000E9,20.9296E-12,26.6697E-12,27.4541E-12,25.2539E-12,21.8634E-12
